id,user,lat,long,tags,title,date_taken_minute,date_taken_hour,date_taken_day,date_taken_month,date_taken_year,date_upload_minute,date_upload_hour,date_upload_day,date_upload_month,date_upload_year,,,
4395181099,30624617@N03,45.754858,4.821710,"chair,lyon,rhône,chaise,rhônealpes",Chaises avec vue,11,15,28,2,2010,23,20,28,2,2010,,,
4394748717,35853470@N00,45.753270,4.862953,,,51,17,28,2,2010,52,17,28,2,2010,,,
4394694699,11817998@N05,45.760655,4.846564,"365,iphone",59/365 - R46 V103 B163,29,17,28,2,2010,33,17,28,2,2010,,,
4394803790,11545749@N06,45.784000,4.874072,"nin,nineinchnails,gift,screening,toiou,avott",2010-01-29 Toiou Avott Lyon,15,20,28,1,2010,38,12,28,2,2010,,,
4394803554,11545749@N06,45.784000,4.874072,"lyon,nin,nineinchnails,gift,screening,toiou,avott",2010-01-28 Toiou Avott Lyon,10,20,28,1,2010,38,12,28,2,2010,,,
4394566432,16197488@N06,45.755940,4.833158,"poste,lyon,streetphotography,rue,gens",,57,12,27,2,2010,1,10,28,2,2010,,,
4393799139,16197488@N06,45.754289,4.832257,"lyon,streetphotography,rue,gens",,8,11,27,2,2010,1,10,28,2,2010,,,
4394565970,16197488@N06,45.774662,4.834005,"lyon,streetphotography,rue,montblanc,gens,montagnes,croixrousse,groscailloux",,23,10,27,2,2010,0,10,28,2,2010,,,
4392370105,47924539@N05,45.762328,4.827547,"france,lyon,lesphotosdevoyage",Courette Lyonnaise,29,12,27,2,2010,29,21,27,2,2010,,,
4392367159,47924539@N05,45.762059,4.822654,"france,lyon,fourvière,lesphotosdevoyage",Fourvière,28,12,27,2,2010,28,21,27,2,2010,,,
4393122952,47924539@N05,45.767328,4.833362,lesphotosdevoyage,Lyon Novembre (64),21,12,27,2,2010,21,21,27,2,2010,,,
4391929257,40936370@N00,45.837545,4.826130,"portrait,sculpture,streetart,france,art,mystery,museum,architecture,painting,fire,graffiti,ruins,rawart,outsiderart,chaos,symbol,contemporaryart,secret,911,apocalypse,taz,bolas,peinture,eros,container,freemasonry,anarchy,artbrut,ddc,sanctuary,worldwar,mystic,feu,cyberpunk,landart,devastation,alchemy,modernsculpture,prophecy,999,vanitas,revelation,endoftheworld,sanctuaire,postapocalyptic,dadaisme,vulcain,artprice,salamanderspirit,organmuseum,saintromainaumontdor,demeureduchaos,thierryehrmann,alchimie,artsingulier,prophétie,abodeofchaos,facteurcheval,palaisideal,kurtehrmann,postapocalyptique,visionaryarchitecture,maisondartiste,artistshouses,actingperformance,sculpturemoderne,francmaconnerie,gesamtkuntwerk,lemondedefelix,groupeserveur,lespritdelasalamandre,servergroup",Vulcain ou le monde de Felix _DDC4674,21,23,24,2,2010,15,18,27,2,2010,,,
4391929181,40936370@N00,45.837545,4.826130,"portrait,sculpture,streetart,france,art,mystery,museum,architecture,painting,fire,graffiti,ruins,rawart,outsiderart,chaos,symbol,contemporaryart,secret,911,apocalypse,taz,bolas,peinture,eros,container,freemasonry,anarchy,artbrut,ddc,sanctuary,worldwar,mystic,feu,cyberpunk,landart,devastation,alchemy,modernsculpture,prophecy,999,vanitas,revelation,endoftheworld,sanctuaire,postapocalyptic,dadaisme,vulcain,artprice,salamanderspirit,organmuseum,saintromainaumontdor,demeureduchaos,thierryehrmann,alchimie,artsingulier,prophétie,abodeofchaos,facteurcheval,palaisideal,kurtehrmann,postapocalyptique,visionaryarchitecture,maisondartiste,artistshouses,actingperformance,sculpturemoderne,francmaconnerie,gesamtkuntwerk,lemondedefelix,groupeserveur,lespritdelasalamandre,servergroup",Vulcain ou le monde de Felix _DDC4673,21,23,24,2,2010,15,18,27,2,2010,,,
4391929097,40936370@N00,45.837545,4.826130,"portrait,sculpture,streetart,france,art,mystery,museum,architecture,painting,fire,graffiti,ruins,rawart,outsiderart,chaos,symbol,contemporaryart,secret,911,apocalypse,taz,bolas,peinture,eros,container,freemasonry,anarchy,artbrut,ddc,sanctuary,worldwar,mystic,feu,cyberpunk,landart,devastation,alchemy,modernsculpture,prophecy,999,vanitas,revelation,endoftheworld,sanctuaire,postapocalyptic,dadaisme,vulcain,artprice,salamanderspirit,organmuseum,saintromainaumontdor,demeureduchaos,thierryehrmann,alchimie,artsingulier,prophétie,abodeofchaos,facteurcheval,palaisideal,kurtehrmann,postapocalyptique,visionaryarchitecture,maisondartiste,artistshouses,actingperformance,sculpturemoderne,francmaconnerie,gesamtkuntwerk,lemondedefelix,groupeserveur,lespritdelasalamandre,servergroup",Vulcain ou le monde de Felix _DDC4470,25,21,24,2,2010,15,18,27,2,2010,,,
4391929053,40936370@N00,45.837545,4.826130,"portrait,sculpture,streetart,france,art,mystery,museum,architecture,painting,fire,graffiti,ruins,rawart,outsiderart,chaos,symbol,contemporaryart,secret,911,apocalypse,taz,bolas,peinture,eros,container,freemasonry,anarchy,artbrut,ddc,sanctuary,worldwar,mystic,feu,cyberpunk,landart,devastation,alchemy,modernsculpture,prophecy,999,vanitas,revelation,endoftheworld,sanctuaire,postapocalyptic,dadaisme,vulcain,artprice,salamanderspirit,organmuseum,saintromainaumontdor,demeureduchaos,thierryehrmann,alchimie,artsingulier,prophétie,abodeofchaos,facteurcheval,palaisideal,kurtehrmann,postapocalyptique,visionaryarchitecture,maisondartiste,artistshouses,actingperformance,sculpturemoderne,francmaconnerie,gesamtkuntwerk,lemondedefelix,groupeserveur,lespritdelasalamandre,servergroup",Vulcain ou le monde de Felix _DDC4372,31,20,24,2,2010,15,18,27,2,2010,,,
4394564393,11817998@N05,45.758879,4.840307,"365,iphone",58/365 - @Tostaki,39,16,27,2,2010,45,16,27,2,2010,,,
4392269794,10404945@N05,45.757515,4.825572,"bridge,panorama,france,night,river,view,lyon,fiume,lione,ponte,pont,francia,nuit,notte,fleuve,saone",Panorama test 1,41,11,27,2,2010,41,14,27,2,2010,,,
4391330105,8836196@N06,45.756744,4.839885,"bridge,lyon,rhône,pont,soe,rendezvous,naturesfinest,blueribbonwinner,supershot,golddragon,mywinners,platinumphoto,impressedbeauty,aplusphoto,diamondclassphotographer,flickrdiamond,citritgroup,theunforgettablepictures,platinumheartaward,betterthangood,theperfectphotographer,goldstaraward,goldstarawardgoldmedalwinner,pontdelaguillotière,vanagram,artofimages",""" Passerelle pour un rendez-vous...""",36,12,22,8,2009,36,12,27,2,2010,,,
4392097248,9822280@N06,45.782070,4.876030,"lyon,paysageurbain,ladoua",IMG_3387,27,18,1,2,2010,35,12,27,2,2010,,,
4390395039,65917247@N00,45.741093,4.883846,"baby,daughter,maternity,newborn,2010,1day,noémie",baby dreams,7,20,12,2,2010,50,9,27,2,2010,,,
4390679749,38951914@N06,45.774190,4.831768,"france,lyon,carousel,submarine,nautilus,croixrousse,verne",The Nautilus on the Jules Verne carousel,20,1,9,5,2009,11,4,27,2,2010,,,
4391162040,65917247@N00,45.741284,4.883664,"baby,me,dad,father,daughter,maternity,newborn,2010,1day,noémie",being dad,15,18,12,2,2010,21,1,27,2,2010,,,
4390212637,11817998@N05,45.752321,4.842860,"r2d2,365,iphone",57/365 - R2D2,38,23,26,2,2010,45,23,26,2,2010,,,
4390967848,26048905@N06,45.758487,4.830851,"portrait,vintage,saturation,hdr",DSC_5121,38,15,26,2,2010,38,23,26,2,2010,,,
4390293252,40936370@N00,45.837545,4.826130,"portrait,sculpture,streetart,france,art,mystery,museum,architecture,painting,fire,graffiti,ruins,rawart,outsiderart,chaos,symbol,contemporaryart,secret,911,apocalypse,taz,bolas,peinture,eros,container,freemasonry,anarchy,artbrut,ddc,sanctuary,worldwar,mystic,feu,cyberpunk,landart,devastation,alchemy,modernsculpture,prophecy,999,vanitas,revelation,endoftheworld,sanctuaire,postapocalyptic,dadaisme,vulcain,artprice,salamanderspirit,organmuseum,saintromainaumontdor,demeureduchaos,thierryehrmann,alchimie,artsingulier,prophétie,abodeofchaos,facteurcheval,palaisideal,kurtehrmann,postapocalyptique,visionaryarchitecture,maisondartiste,artistshouses,actingperformance,sculpturemoderne,francmaconnerie,gesamtkuntwerk,lemondedefelix,groupeserveur,lespritdelasalamandre,servergroup",Vulcain ou le monde de Felix _DDC4925,43,1,25,2,2010,4,18,26,2,2010,,,
4390293216,40936370@N00,45.837545,4.826130,"portrait,sculpture,streetart,france,art,mystery,museum,architecture,painting,fire,graffiti,ruins,rawart,outsiderart,chaos,symbol,contemporaryart,secret,911,apocalypse,taz,bolas,peinture,eros,container,freemasonry,anarchy,artbrut,ddc,sanctuary,worldwar,mystic,feu,cyberpunk,landart,devastation,alchemy,modernsculpture,prophecy,999,vanitas,revelation,endoftheworld,sanctuaire,postapocalyptic,dadaisme,vulcain,artprice,salamanderspirit,organmuseum,saintromainaumontdor,demeureduchaos,thierryehrmann,alchimie,artsingulier,prophétie,abodeofchaos,facteurcheval,palaisideal,kurtehrmann,postapocalyptique,visionaryarchitecture,maisondartiste,artistshouses,actingperformance,sculpturemoderne,francmaconnerie,gesamtkuntwerk,lemondedefelix,groupeserveur,lespritdelasalamandre,servergroup",Vulcain ou le monde de Felix _DDC4906,26,1,25,2,2010,4,18,26,2,2010,,,
4390293164,40936370@N00,45.837545,4.826130,"portrait,sculpture,streetart,france,art,mystery,museum,architecture,painting,fire,graffiti,ruins,rawart,outsiderart,chaos,symbol,contemporaryart,secret,911,apocalypse,taz,bolas,peinture,eros,container,freemasonry,anarchy,artbrut,ddc,sanctuary,worldwar,mystic,feu,cyberpunk,landart,devastation,alchemy,modernsculpture,prophecy,999,vanitas,revelation,endoftheworld,sanctuaire,postapocalyptic,dadaisme,vulcain,artprice,salamanderspirit,organmuseum,saintromainaumontdor,demeureduchaos,thierryehrmann,alchimie,artsingulier,prophétie,abodeofchaos,facteurcheval,palaisideal,kurtehrmann,postapocalyptique,visionaryarchitecture,maisondartiste,artistshouses,actingperformance,sculpturemoderne,francmaconnerie,gesamtkuntwerk,lemondedefelix,groupeserveur,lespritdelasalamandre,servergroup",Vulcain ou le monde de Felix _DDC4904,26,1,25,2,2010,4,18,26,2,2010,,,
4389525047,40936370@N00,45.837545,4.826130,"portrait,sculpture,streetart,france,art,mystery,museum,architecture,painting,fire,graffiti,ruins,rawart,outsiderart,chaos,symbol,contemporaryart,secret,911,apocalypse,taz,bolas,peinture,eros,container,freemasonry,anarchy,artbrut,ddc,sanctuary,worldwar,mystic,feu,cyberpunk,landart,devastation,alchemy,modernsculpture,prophecy,999,vanitas,revelation,endoftheworld,sanctuaire,postapocalyptic,dadaisme,vulcain,artprice,salamanderspirit,organmuseum,saintromainaumontdor,demeureduchaos,thierryehrmann,alchimie,artsingulier,prophétie,abodeofchaos,facteurcheval,palaisideal,kurtehrmann,postapocalyptique,visionaryarchitecture,maisondartiste,artistshouses,actingperformance,sculpturemoderne,francmaconnerie,gesamtkuntwerk,lemondedefelix,groupeserveur,lespritdelasalamandre,servergroup",Vulcain ou le monde de Felix _DDC4883,20,1,25,2,2010,4,18,26,2,2010,,,
4389524991,40936370@N00,45.837545,4.826130,"portrait,sculpture,streetart,france,art,mystery,museum,architecture,painting,fire,graffiti,ruins,rawart,outsiderart,chaos,symbol,contemporaryart,secret,911,apocalypse,taz,bolas,peinture,eros,container,freemasonry,anarchy,artbrut,ddc,sanctuary,worldwar,mystic,feu,cyberpunk,landart,devastation,alchemy,modernsculpture,prophecy,999,vanitas,revelation,endoftheworld,sanctuaire,postapocalyptic,dadaisme,vulcain,artprice,salamanderspirit,organmuseum,saintromainaumontdor,demeureduchaos,thierryehrmann,alchimie,artsingulier,prophétie,abodeofchaos,facteurcheval,palaisideal,kurtehrmann,postapocalyptique,visionaryarchitecture,maisondartiste,artistshouses,actingperformance,sculpturemoderne,francmaconnerie,gesamtkuntwerk,lemondedefelix,groupeserveur,lespritdelasalamandre,servergroup",Vulcain ou le monde de Felix _DDC4846 (glissé(e)s),15,1,25,2,2010,4,18,26,2,2010,,,
4390292960,40936370@N00,45.837545,4.826130,"portrait,sculpture,streetart,france,art,mystery,museum,architecture,painting,fire,graffiti,ruins,rawart,outsiderart,chaos,symbol,contemporaryart,secret,911,apocalypse,taz,bolas,peinture,eros,container,freemasonry,anarchy,artbrut,ddc,sanctuary,worldwar,mystic,feu,cyberpunk,landart,devastation,alchemy,modernsculpture,prophecy,999,vanitas,revelation,endoftheworld,sanctuaire,postapocalyptic,dadaisme,vulcain,artprice,salamanderspirit,organmuseum,saintromainaumontdor,demeureduchaos,thierryehrmann,alchimie,artsingulier,prophétie,abodeofchaos,facteurcheval,palaisideal,kurtehrmann,postapocalyptique,visionaryarchitecture,maisondartiste,artistshouses,actingperformance,sculpturemoderne,francmaconnerie,gesamtkuntwerk,lemondedefelix,groupeserveur,lespritdelasalamandre,servergroup",Vulcain ou le monde de Felix _DDC4839,14,1,25,2,2010,4,18,26,2,2010,,,
4389524789,40936370@N00,45.837545,4.826130,"portrait,sculpture,streetart,france,art,mystery,museum,architecture,painting,fire,graffiti,ruins,rawart,outsiderart,chaos,symbol,contemporaryart,secret,911,apocalypse,taz,bolas,peinture,eros,container,freemasonry,anarchy,artbrut,ddc,sanctuary,worldwar,mystic,feu,cyberpunk,landart,devastation,alchemy,modernsculpture,prophecy,999,vanitas,revelation,endoftheworld,sanctuaire,postapocalyptic,dadaisme,vulcain,artprice,salamanderspirit,organmuseum,saintromainaumontdor,demeureduchaos,thierryehrmann,alchimie,artsingulier,prophétie,abodeofchaos,facteurcheval,palaisideal,kurtehrmann,postapocalyptique,visionaryarchitecture,maisondartiste,artistshouses,actingperformance,sculpturemoderne,francmaconnerie,gesamtkuntwerk,lemondedefelix,groupeserveur,lespritdelasalamandre,servergroup",Vulcain ou le monde de Felix _DDC4834,13,1,25,2,2010,4,18,26,2,2010,,,
4389524737,40936370@N00,45.837545,4.826130,"vulcain,lemondedefelix,feu,fire,bolas,kurtehrmann,actingperformance,abodeofchaos,chaos,lespritdelasalamandre,salamanderspirit,demeureduchaos,thierryehrmann,ddc,999,groupeserveur,taz,organmuseum,servergroup,facteurcheval,palaisideal,sanctuaire,sanctuary,artprice,portrait,painting,peinture,france,museum,sculpture,architecture,maisondartiste,art,artistshouses,streetart,sculpturemoderne,modernsculpture,secret,alchimie,alchemy,landart,artbrut,artsingulier,rawart,symbol,911,contemporaryart,apocalypse,postapocalyptique,cyberpunk,graffiti,vanitas,ruins,prophecy,prophétie,container,dadaisme,outsiderart,mystery,gesamtkuntwerk,saintromainaumontdor,postapocalyptic,endoftheworld,devastation,worldwar,francmaconnerie,anarchy,eros,mystic,visionaryarchitecture,revelation,freemasonry",Vulcain ou le monde de Felix _DDC4830,13,1,25,2,2010,4,18,26,2,2010,,,
4390292820,40936370@N00,45.837545,4.826130,"portrait,sculpture,streetart,france,art,mystery,museum,architecture,painting,fire,graffiti,ruins,rawart,outsiderart,chaos,symbol,contemporaryart,secret,911,apocalypse,taz,bolas,peinture,eros,container,freemasonry,anarchy,artbrut,ddc,sanctuary,worldwar,mystic,feu,cyberpunk,landart,devastation,alchemy,modernsculpture,prophecy,999,vanitas,revelation,endoftheworld,sanctuaire,postapocalyptic,dadaisme,vulcain,artprice,salamanderspirit,organmuseum,saintromainaumontdor,demeureduchaos,thierryehrmann,alchimie,artsingulier,prophétie,abodeofchaos,facteurcheval,palaisideal,kurtehrmann,postapocalyptique,visionaryarchitecture,maisondartiste,artistshouses,actingperformance,sculpturemoderne,francmaconnerie,gesamtkuntwerk,lemondedefelix,groupeserveur,lespritdelasalamandre,servergroup",Vulcain ou le monde de Felix _DDC4802,10,1,25,2,2010,4,18,26,2,2010,,,
4389524625,40936370@N00,45.837545,4.826130,"portrait,sculpture,streetart,france,art,mystery,museum,architecture,painting,fire,graffiti,ruins,rawart,outsiderart,chaos,symbol,contemporaryart,secret,911,apocalypse,taz,bolas,peinture,eros,container,freemasonry,anarchy,artbrut,ddc,sanctuary,worldwar,mystic,feu,cyberpunk,landart,devastation,alchemy,modernsculpture,prophecy,999,vanitas,revelation,endoftheworld,sanctuaire,postapocalyptic,dadaisme,vulcain,artprice,salamanderspirit,organmuseum,saintromainaumontdor,demeureduchaos,thierryehrmann,alchimie,artsingulier,prophétie,abodeofchaos,facteurcheval,palaisideal,kurtehrmann,postapocalyptique,visionaryarchitecture,maisondartiste,artistshouses,actingperformance,sculpturemoderne,francmaconnerie,gesamtkuntwerk,lemondedefelix,groupeserveur,lespritdelasalamandre,servergroup",Vulcain ou le monde de Felix _DDC4793,50,0,25,2,2010,4,18,26,2,2010,,,
4390292730,40936370@N00,45.837545,4.826130,"portrait,sculpture,streetart,france,art,mystery,museum,architecture,painting,fire,graffiti,ruins,rawart,outsiderart,chaos,symbol,contemporaryart,secret,911,apocalypse,taz,bolas,peinture,eros,container,freemasonry,anarchy,artbrut,ddc,sanctuary,worldwar,mystic,feu,cyberpunk,landart,devastation,alchemy,modernsculpture,prophecy,999,vanitas,revelation,endoftheworld,sanctuaire,postapocalyptic,dadaisme,vulcain,artprice,salamanderspirit,organmuseum,saintromainaumontdor,demeureduchaos,thierryehrmann,alchimie,artsingulier,prophétie,abodeofchaos,facteurcheval,palaisideal,kurtehrmann,postapocalyptique,visionaryarchitecture,maisondartiste,artistshouses,actingperformance,sculpturemoderne,francmaconnerie,gesamtkuntwerk,lemondedefelix,groupeserveur,lespritdelasalamandre,servergroup",Vulcain ou le monde de Felix _DDC4770,47,0,25,2,2010,4,18,26,2,2010,,,
4390292684,40936370@N00,45.837545,4.826130,"portrait,sculpture,streetart,france,art,mystery,museum,architecture,painting,fire,graffiti,ruins,rawart,outsiderart,chaos,symbol,contemporaryart,secret,911,apocalypse,taz,bolas,peinture,eros,container,freemasonry,anarchy,artbrut,ddc,sanctuary,worldwar,mystic,feu,cyberpunk,landart,devastation,alchemy,modernsculpture,prophecy,999,vanitas,revelation,endoftheworld,sanctuaire,postapocalyptic,dadaisme,vulcain,artprice,salamanderspirit,organmuseum,saintromainaumontdor,demeureduchaos,thierryehrmann,alchimie,artsingulier,prophétie,abodeofchaos,facteurcheval,palaisideal,kurtehrmann,postapocalyptique,visionaryarchitecture,maisondartiste,artistshouses,actingperformance,sculpturemoderne,francmaconnerie,gesamtkuntwerk,lemondedefelix,groupeserveur,lespritdelasalamandre,servergroup",Vulcain ou le monde de Felix _DDC4751,39,0,25,2,2010,4,18,26,2,2010,,,
4389524493,40936370@N00,45.837545,4.826130,"portrait,sculpture,streetart,france,art,mystery,museum,architecture,painting,fire,graffiti,ruins,rawart,outsiderart,chaos,symbol,contemporaryart,secret,911,apocalypse,taz,bolas,peinture,eros,container,freemasonry,anarchy,artbrut,ddc,sanctuary,worldwar,mystic,feu,cyberpunk,landart,devastation,alchemy,modernsculpture,prophecy,999,vanitas,revelation,endoftheworld,sanctuaire,postapocalyptic,dadaisme,vulcain,artprice,salamanderspirit,organmuseum,saintromainaumontdor,demeureduchaos,thierryehrmann,alchimie,artsingulier,prophétie,abodeofchaos,facteurcheval,palaisideal,kurtehrmann,postapocalyptique,visionaryarchitecture,maisondartiste,artistshouses,actingperformance,sculpturemoderne,francmaconnerie,gesamtkuntwerk,lemondedefelix,groupeserveur,lespritdelasalamandre,servergroup",Vulcain ou le monde de Felix _DDC4742,39,0,25,2,2010,4,18,26,2,2010,,,
4390292596,40936370@N00,45.837545,4.826130,"portrait,sculpture,streetart,france,art,mystery,museum,architecture,painting,fire,graffiti,ruins,rawart,outsiderart,chaos,symbol,contemporaryart,secret,911,apocalypse,taz,bolas,peinture,eros,container,freemasonry,anarchy,artbrut,ddc,sanctuary,worldwar,mystic,feu,cyberpunk,landart,devastation,alchemy,modernsculpture,prophecy,999,vanitas,revelation,endoftheworld,sanctuaire,postapocalyptic,dadaisme,vulcain,artprice,salamanderspirit,organmuseum,saintromainaumontdor,demeureduchaos,thierryehrmann,alchimie,artsingulier,prophétie,abodeofchaos,facteurcheval,palaisideal,kurtehrmann,postapocalyptique,visionaryarchitecture,maisondartiste,artistshouses,actingperformance,sculpturemoderne,francmaconnerie,gesamtkuntwerk,lemondedefelix,groupeserveur,lespritdelasalamandre,servergroup",Vulcain ou le monde de Felix _DDC4722,8,0,25,2,2010,4,18,26,2,2010,,,
4390292544,40936370@N00,45.837545,4.826130,"portrait,sculpture,streetart,france,art,mystery,museum,architecture,painting,fire,graffiti,ruins,rawart,outsiderart,chaos,symbol,contemporaryart,secret,911,apocalypse,taz,bolas,peinture,eros,container,freemasonry,anarchy,artbrut,ddc,sanctuary,worldwar,mystic,feu,cyberpunk,landart,devastation,alchemy,modernsculpture,prophecy,999,vanitas,revelation,endoftheworld,sanctuaire,postapocalyptic,dadaisme,vulcain,artprice,salamanderspirit,organmuseum,saintromainaumontdor,demeureduchaos,thierryehrmann,alchimie,artsingulier,prophétie,abodeofchaos,facteurcheval,palaisideal,kurtehrmann,postapocalyptique,visionaryarchitecture,maisondartiste,artistshouses,actingperformance,sculpturemoderne,francmaconnerie,gesamtkuntwerk,lemondedefelix,groupeserveur,lespritdelasalamandre,servergroup",Vulcain ou le monde de Felix _DDC4716,5,0,25,2,2010,4,18,26,2,2010,,,
4390292464,40936370@N00,45.837545,4.826130,"portrait,sculpture,streetart,france,art,mystery,museum,architecture,painting,fire,graffiti,ruins,rawart,outsiderart,chaos,symbol,contemporaryart,secret,911,apocalypse,taz,bolas,peinture,eros,container,freemasonry,anarchy,artbrut,ddc,sanctuary,worldwar,mystic,feu,cyberpunk,landart,devastation,alchemy,modernsculpture,prophecy,999,vanitas,revelation,endoftheworld,sanctuaire,postapocalyptic,dadaisme,vulcain,artprice,salamanderspirit,organmuseum,saintromainaumontdor,demeureduchaos,thierryehrmann,alchimie,artsingulier,prophétie,abodeofchaos,facteurcheval,palaisideal,kurtehrmann,postapocalyptique,visionaryarchitecture,maisondartiste,artistshouses,actingperformance,sculpturemoderne,francmaconnerie,gesamtkuntwerk,lemondedefelix,groupeserveur,lespritdelasalamandre,servergroup",Vulcain ou le monde de Felix _DDC4715,5,0,25,2,2010,4,18,26,2,2010,,,
4390292418,40936370@N00,45.837545,4.826130,"portrait,sculpture,streetart,france,art,mystery,museum,architecture,painting,fire,graffiti,ruins,rawart,outsiderart,chaos,symbol,contemporaryart,secret,911,apocalypse,taz,bolas,peinture,eros,container,freemasonry,anarchy,artbrut,ddc,sanctuary,worldwar,mystic,feu,cyberpunk,landart,devastation,alchemy,modernsculpture,prophecy,999,vanitas,revelation,endoftheworld,sanctuaire,postapocalyptic,dadaisme,vulcain,artprice,salamanderspirit,organmuseum,saintromainaumontdor,demeureduchaos,thierryehrmann,alchimie,artsingulier,prophétie,abodeofchaos,facteurcheval,palaisideal,kurtehrmann,postapocalyptique,visionaryarchitecture,maisondartiste,artistshouses,actingperformance,sculpturemoderne,francmaconnerie,gesamtkuntwerk,lemondedefelix,groupeserveur,lespritdelasalamandre,servergroup",Vulcain ou le monde de Felix _DDC4703,29,23,24,2,2010,3,18,26,2,2010,,,
4389524273,40936370@N00,45.837545,4.826130,"portrait,sculpture,streetart,france,art,mystery,museum,architecture,painting,fire,graffiti,ruins,rawart,outsiderart,chaos,symbol,contemporaryart,secret,911,apocalypse,taz,bolas,peinture,eros,container,freemasonry,anarchy,artbrut,ddc,sanctuary,worldwar,mystic,feu,cyberpunk,landart,devastation,alchemy,modernsculpture,prophecy,999,vanitas,revelation,endoftheworld,sanctuaire,postapocalyptic,dadaisme,vulcain,artprice,salamanderspirit,organmuseum,saintromainaumontdor,demeureduchaos,thierryehrmann,alchimie,artsingulier,prophétie,abodeofchaos,facteurcheval,palaisideal,kurtehrmann,postapocalyptique,visionaryarchitecture,maisondartiste,artistshouses,actingperformance,sculpturemoderne,francmaconnerie,gesamtkuntwerk,lemondedefelix,groupeserveur,lespritdelasalamandre,servergroup",Vulcain ou le monde de Felix _DDC4699,29,23,24,2,2010,3,18,26,2,2010,,,
4389524225,40936370@N00,45.837545,4.826130,"portrait,sculpture,streetart,france,art,mystery,museum,architecture,painting,fire,graffiti,ruins,rawart,outsiderart,chaos,symbol,contemporaryart,secret,911,apocalypse,taz,bolas,peinture,eros,container,freemasonry,anarchy,artbrut,ddc,sanctuary,worldwar,mystic,feu,cyberpunk,landart,devastation,alchemy,modernsculpture,prophecy,999,vanitas,revelation,endoftheworld,sanctuaire,postapocalyptic,dadaisme,vulcain,artprice,salamanderspirit,organmuseum,saintromainaumontdor,demeureduchaos,thierryehrmann,alchimie,artsingulier,prophétie,abodeofchaos,facteurcheval,palaisideal,kurtehrmann,postapocalyptique,visionaryarchitecture,maisondartiste,artistshouses,actingperformance,sculpturemoderne,francmaconnerie,gesamtkuntwerk,lemondedefelix,groupeserveur,lespritdelasalamandre,servergroup",Vulcain ou le monde de Felix _DDC4694,29,23,24,2,2010,3,18,26,2,2010,,,
4389524173,40936370@N00,45.837545,4.826130,"portrait,sculpture,streetart,france,art,mystery,museum,architecture,painting,fire,graffiti,ruins,rawart,outsiderart,chaos,symbol,contemporaryart,secret,911,apocalypse,taz,bolas,peinture,eros,container,freemasonry,anarchy,artbrut,ddc,sanctuary,worldwar,mystic,feu,cyberpunk,landart,devastation,alchemy,modernsculpture,prophecy,999,vanitas,revelation,endoftheworld,sanctuaire,postapocalyptic,dadaisme,vulcain,artprice,salamanderspirit,organmuseum,saintromainaumontdor,demeureduchaos,thierryehrmann,alchimie,artsingulier,prophétie,abodeofchaos,facteurcheval,palaisideal,kurtehrmann,postapocalyptique,visionaryarchitecture,maisondartiste,artistshouses,actingperformance,sculpturemoderne,francmaconnerie,gesamtkuntwerk,lemondedefelix,groupeserveur,lespritdelasalamandre,servergroup",Vulcain ou le monde de Felix _DDC4690,29,23,24,2,2010,3,18,26,2,2010,,,
4389524115,40936370@N00,45.837545,4.826130,"portrait,sculpture,streetart,france,art,mystery,museum,architecture,painting,fire,graffiti,ruins,rawart,outsiderart,chaos,symbol,contemporaryart,secret,911,apocalypse,taz,bolas,peinture,eros,container,freemasonry,anarchy,artbrut,ddc,sanctuary,worldwar,mystic,feu,cyberpunk,landart,devastation,alchemy,modernsculpture,prophecy,999,vanitas,revelation,endoftheworld,sanctuaire,postapocalyptic,dadaisme,vulcain,artprice,salamanderspirit,organmuseum,saintromainaumontdor,demeureduchaos,thierryehrmann,alchimie,artsingulier,prophétie,abodeofchaos,facteurcheval,palaisideal,kurtehrmann,postapocalyptique,visionaryarchitecture,maisondartiste,artistshouses,actingperformance,sculpturemoderne,francmaconnerie,gesamtkuntwerk,lemondedefelix,groupeserveur,lespritdelasalamandre,servergroup",Vulcain ou le monde de Felix _DDC4689,29,23,24,2,2010,3,18,26,2,2010,,,
4390292190,40936370@N00,45.837545,4.826130,"portrait,sculpture,streetart,france,art,mystery,museum,architecture,painting,fire,graffiti,ruins,rawart,outsiderart,chaos,symbol,contemporaryart,secret,911,apocalypse,taz,bolas,peinture,eros,container,freemasonry,anarchy,artbrut,ddc,sanctuary,worldwar,mystic,feu,cyberpunk,landart,devastation,alchemy,modernsculpture,prophecy,999,vanitas,revelation,endoftheworld,sanctuaire,postapocalyptic,dadaisme,vulcain,artprice,salamanderspirit,organmuseum,saintromainaumontdor,demeureduchaos,thierryehrmann,alchimie,artsingulier,prophétie,abodeofchaos,facteurcheval,palaisideal,kurtehrmann,postapocalyptique,visionaryarchitecture,maisondartiste,artistshouses,actingperformance,sculpturemoderne,francmaconnerie,gesamtkuntwerk,lemondedefelix,groupeserveur,lespritdelasalamandre,servergroup",Vulcain ou le monde de Felix _DDC4688,29,23,24,2,2010,3,18,26,2,2010,,,
4390292124,40936370@N00,45.837545,4.826130,"portrait,sculpture,streetart,france,art,mystery,museum,architecture,painting,fire,graffiti,ruins,rawart,outsiderart,chaos,symbol,contemporaryart,secret,911,apocalypse,taz,bolas,peinture,eros,container,freemasonry,anarchy,artbrut,ddc,sanctuary,worldwar,mystic,feu,cyberpunk,landart,devastation,alchemy,modernsculpture,prophecy,999,vanitas,revelation,endoftheworld,sanctuaire,postapocalyptic,dadaisme,vulcain,artprice,salamanderspirit,organmuseum,saintromainaumontdor,demeureduchaos,thierryehrmann,alchimie,artsingulier,prophétie,abodeofchaos,facteurcheval,palaisideal,kurtehrmann,postapocalyptique,visionaryarchitecture,maisondartiste,artistshouses,actingperformance,sculpturemoderne,francmaconnerie,gesamtkuntwerk,lemondedefelix,groupeserveur,lespritdelasalamandre,servergroup",Vulcain ou le monde de Felix _DDC4668,20,23,24,2,2010,3,18,26,2,2010,,,
4389523961,40936370@N00,45.837545,4.826130,"portrait,sculpture,streetart,france,art,mystery,museum,architecture,painting,fire,graffiti,ruins,rawart,outsiderart,chaos,symbol,contemporaryart,secret,911,apocalypse,taz,bolas,peinture,eros,container,freemasonry,anarchy,artbrut,ddc,sanctuary,worldwar,mystic,feu,cyberpunk,landart,devastation,alchemy,modernsculpture,prophecy,999,vanitas,revelation,endoftheworld,sanctuaire,postapocalyptic,dadaisme,vulcain,artprice,salamanderspirit,organmuseum,saintromainaumontdor,demeureduchaos,thierryehrmann,alchimie,artsingulier,prophétie,abodeofchaos,facteurcheval,palaisideal,kurtehrmann,postapocalyptique,visionaryarchitecture,maisondartiste,artistshouses,actingperformance,sculpturemoderne,francmaconnerie,gesamtkuntwerk,lemondedefelix,groupeserveur,lespritdelasalamandre,servergroup",Vulcain ou le monde de Felix _DDC4667,20,23,24,2,2010,3,18,26,2,2010,,,
4389523921,40936370@N00,45.837545,4.826130,"portrait,sculpture,streetart,france,art,mystery,museum,architecture,painting,fire,graffiti,ruins,rawart,outsiderart,chaos,symbol,contemporaryart,secret,911,apocalypse,taz,bolas,peinture,eros,container,freemasonry,anarchy,artbrut,ddc,sanctuary,worldwar,mystic,feu,cyberpunk,landart,devastation,alchemy,modernsculpture,prophecy,999,vanitas,revelation,endoftheworld,sanctuaire,postapocalyptic,dadaisme,vulcain,artprice,salamanderspirit,organmuseum,saintromainaumontdor,demeureduchaos,thierryehrmann,alchimie,artsingulier,prophétie,abodeofchaos,facteurcheval,palaisideal,kurtehrmann,postapocalyptique,visionaryarchitecture,maisondartiste,artistshouses,actingperformance,sculpturemoderne,francmaconnerie,gesamtkuntwerk,lemondedefelix,groupeserveur,lespritdelasalamandre,servergroup",Vulcain ou le monde de Felix _DDC4659,3,22,24,2,2010,3,18,26,2,2010,,,
4389523865,40936370@N00,45.837545,4.826130,"vulcain,lemondedefelix,feu,fire,bolas,kurtehrmann,actingperformance,abodeofchaos,chaos,lespritdelasalamandre,salamanderspirit,demeureduchaos,thierryehrmann,ddc,999,groupeserveur,taz,organmuseum,servergroup,facteurcheval,palaisideal,sanctuaire,sanctuary,artprice,portrait,painting,peinture,france,museum,sculpture,architecture,maisondartiste,art,artistshouses,streetart,sculpturemoderne,modernsculpture,secret,alchimie,alchemy,landart,artbrut,artsingulier,rawart,symbol,911,contemporaryart,apocalypse,postapocalyptique,cyberpunk,graffiti,vanitas,ruins,prophecy,prophétie,container,dadaisme,outsiderart,mystery,gesamtkuntwerk,saintromainaumontdor,postapocalyptic,endoftheworld,devastation,worldwar,francmaconnerie,anarchy,eros,mystic,visionaryarchitecture,revelation,freemasonry",Vulcain ou le monde de Felix _DDC4617,56,21,24,2,2010,3,18,26,2,2010,,,
4390291916,40936370@N00,45.837545,4.826130,"vulcain,lemondedefelix,feu,fire,bolas,kurtehrmann,actingperformance,abodeofchaos,chaos,lespritdelasalamandre,salamanderspirit,demeureduchaos,thierryehrmann,ddc,999,groupeserveur,taz,organmuseum,servergroup,facteurcheval,palaisideal,sanctuaire,sanctuary,artprice,portrait,painting,peinture,france,museum,sculpture,architecture,maisondartiste,art,artistshouses,streetart,sculpturemoderne,modernsculpture,secret,alchimie,alchemy,landart,artbrut,artsingulier,rawart,symbol,911,contemporaryart,apocalypse,postapocalyptique,cyberpunk,graffiti,vanitas,ruins,prophecy,prophétie,container,dadaisme,outsiderart,mystery,gesamtkuntwerk,saintromainaumontdor,postapocalyptic,endoftheworld,devastation,worldwar,francmaconnerie,anarchy,eros,mystic,visionaryarchitecture,revelation,freemasonry",Vulcain ou le monde de Felix _DDC4606,55,21,24,2,2010,3,18,26,2,2010,,,
4389523781,40936370@N00,45.837545,4.826130,"portrait,sculpture,streetart,france,art,mystery,museum,architecture,painting,fire,graffiti,ruins,rawart,outsiderart,chaos,symbol,contemporaryart,secret,911,apocalypse,taz,bolas,peinture,eros,container,freemasonry,anarchy,artbrut,ddc,sanctuary,worldwar,mystic,feu,cyberpunk,landart,devastation,alchemy,modernsculpture,prophecy,999,vanitas,revelation,endoftheworld,sanctuaire,postapocalyptic,dadaisme,vulcain,artprice,salamanderspirit,organmuseum,saintromainaumontdor,demeureduchaos,thierryehrmann,alchimie,artsingulier,prophétie,abodeofchaos,facteurcheval,palaisideal,kurtehrmann,postapocalyptique,visionaryarchitecture,maisondartiste,artistshouses,actingperformance,sculpturemoderne,francmaconnerie,gesamtkuntwerk,lemondedefelix,groupeserveur,lespritdelasalamandre,servergroup",Vulcain ou le monde de Felix _DDC4605,55,21,24,2,2010,3,18,26,2,2010,,,
4389523691,40936370@N00,45.837545,4.826130,"portrait,sculpture,streetart,france,art,mystery,museum,architecture,painting,fire,graffiti,ruins,rawart,outsiderart,chaos,symbol,contemporaryart,secret,911,apocalypse,taz,bolas,peinture,eros,container,freemasonry,anarchy,artbrut,ddc,sanctuary,worldwar,mystic,feu,cyberpunk,landart,devastation,alchemy,modernsculpture,prophecy,999,vanitas,revelation,endoftheworld,sanctuaire,postapocalyptic,dadaisme,vulcain,artprice,salamanderspirit,organmuseum,saintromainaumontdor,demeureduchaos,thierryehrmann,alchimie,artsingulier,prophétie,abodeofchaos,facteurcheval,palaisideal,kurtehrmann,postapocalyptique,visionaryarchitecture,maisondartiste,artistshouses,actingperformance,sculpturemoderne,francmaconnerie,gesamtkuntwerk,lemondedefelix,groupeserveur,lespritdelasalamandre,servergroup",Vulcain ou le monde de Felix _DDC4532,33,21,24,2,2010,3,18,26,2,2010,,,
4389523663,40936370@N00,45.837545,4.826130,"vulcain,lemondedefelix,feu,fire,bolas,kurtehrmann,actingperformance,abodeofchaos,chaos,lespritdelasalamandre,salamanderspirit,demeureduchaos,thierryehrmann,ddc,999,groupeserveur,taz,organmuseum,servergroup,facteurcheval,palaisideal,sanctuaire,sanctuary,artprice,portrait,painting,peinture,france,museum,sculpture,architecture,maisondartiste,art,artistshouses,streetart,sculpturemoderne,modernsculpture,secret,alchimie,alchemy,landart,artbrut,artsingulier,rawart,symbol,911,contemporaryart,apocalypse,postapocalyptique,cyberpunk,graffiti,vanitas,ruins,prophecy,prophétie,container,dadaisme,outsiderart,mystery,gesamtkuntwerk,saintromainaumontdor,postapocalyptic,endoftheworld,devastation,worldwar,francmaconnerie,anarchy,eros,mystic,visionaryarchitecture,revelation,freemasonry",Vulcain ou le monde de Felix _DDC4497,29,21,24,2,2010,3,18,26,2,2010,,,
4389523589,40936370@N00,45.837545,4.826130,"portrait,sculpture,streetart,france,art,mystery,museum,architecture,painting,fire,graffiti,ruins,rawart,outsiderart,chaos,symbol,contemporaryart,secret,911,apocalypse,taz,bolas,peinture,eros,container,freemasonry,anarchy,artbrut,ddc,sanctuary,worldwar,mystic,feu,cyberpunk,landart,devastation,alchemy,modernsculpture,prophecy,999,vanitas,revelation,endoftheworld,sanctuaire,postapocalyptic,dadaisme,vulcain,artprice,salamanderspirit,organmuseum,saintromainaumontdor,demeureduchaos,thierryehrmann,alchimie,artsingulier,prophétie,abodeofchaos,facteurcheval,palaisideal,kurtehrmann,postapocalyptique,visionaryarchitecture,maisondartiste,artistshouses,actingperformance,sculpturemoderne,francmaconnerie,gesamtkuntwerk,lemondedefelix,groupeserveur,lespritdelasalamandre,servergroup",Vulcain ou le monde de Felix _DDC4496,29,21,24,2,2010,3,18,26,2,2010,,,
4389523527,40936370@N00,45.837545,4.826130,"portrait,sculpture,streetart,france,art,mystery,museum,architecture,painting,fire,graffiti,ruins,rawart,outsiderart,chaos,symbol,contemporaryart,secret,911,apocalypse,taz,bolas,peinture,eros,container,freemasonry,anarchy,artbrut,ddc,sanctuary,worldwar,mystic,feu,cyberpunk,landart,devastation,alchemy,modernsculpture,prophecy,999,vanitas,revelation,endoftheworld,sanctuaire,postapocalyptic,dadaisme,vulcain,artprice,salamanderspirit,organmuseum,saintromainaumontdor,demeureduchaos,thierryehrmann,alchimie,artsingulier,prophétie,abodeofchaos,facteurcheval,palaisideal,kurtehrmann,postapocalyptique,visionaryarchitecture,maisondartiste,artistshouses,actingperformance,sculpturemoderne,francmaconnerie,gesamtkuntwerk,lemondedefelix,groupeserveur,lespritdelasalamandre,servergroup",Vulcain ou le monde de Felix _DDC4488,29,21,24,2,2010,3,18,26,2,2010,,,
4390291600,40936370@N00,45.837545,4.826130,"portrait,sculpture,streetart,france,art,mystery,museum,architecture,painting,fire,graffiti,ruins,rawart,outsiderart,chaos,symbol,contemporaryart,secret,911,apocalypse,taz,bolas,peinture,eros,container,freemasonry,anarchy,artbrut,ddc,sanctuary,worldwar,mystic,feu,cyberpunk,landart,devastation,alchemy,modernsculpture,prophecy,999,vanitas,revelation,endoftheworld,sanctuaire,postapocalyptic,dadaisme,vulcain,artprice,salamanderspirit,organmuseum,saintromainaumontdor,demeureduchaos,thierryehrmann,alchimie,artsingulier,prophétie,abodeofchaos,facteurcheval,palaisideal,kurtehrmann,postapocalyptique,visionaryarchitecture,maisondartiste,artistshouses,actingperformance,sculpturemoderne,francmaconnerie,gesamtkuntwerk,lemondedefelix,groupeserveur,lespritdelasalamandre,servergroup",Vulcain ou le monde de Felix _DDC4448,16,21,24,2,2010,3,18,26,2,2010,,,
4390291536,40936370@N00,45.837545,4.826130,"portrait,sculpture,streetart,france,art,mystery,museum,architecture,painting,fire,graffiti,ruins,rawart,outsiderart,chaos,symbol,contemporaryart,secret,911,apocalypse,taz,bolas,peinture,eros,container,freemasonry,anarchy,artbrut,ddc,sanctuary,worldwar,mystic,feu,cyberpunk,landart,devastation,alchemy,modernsculpture,prophecy,999,vanitas,revelation,endoftheworld,sanctuaire,postapocalyptic,dadaisme,vulcain,artprice,salamanderspirit,organmuseum,saintromainaumontdor,demeureduchaos,thierryehrmann,alchimie,artsingulier,prophétie,abodeofchaos,facteurcheval,palaisideal,kurtehrmann,postapocalyptique,visionaryarchitecture,maisondartiste,artistshouses,actingperformance,sculpturemoderne,francmaconnerie,gesamtkuntwerk,lemondedefelix,groupeserveur,lespritdelasalamandre,servergroup",Vulcain ou le monde de Felix _DDC4441,7,21,24,2,2010,3,18,26,2,2010,,,
4390291488,40936370@N00,45.837545,4.826130,"portrait,sculpture,streetart,france,art,mystery,museum,architecture,painting,fire,graffiti,ruins,rawart,outsiderart,chaos,symbol,contemporaryart,secret,911,apocalypse,taz,bolas,peinture,eros,container,freemasonry,anarchy,artbrut,ddc,sanctuary,worldwar,mystic,feu,cyberpunk,landart,devastation,alchemy,modernsculpture,prophecy,999,vanitas,revelation,endoftheworld,sanctuaire,postapocalyptic,dadaisme,vulcain,artprice,salamanderspirit,organmuseum,saintromainaumontdor,demeureduchaos,thierryehrmann,alchimie,artsingulier,prophétie,abodeofchaos,facteurcheval,palaisideal,kurtehrmann,postapocalyptique,visionaryarchitecture,maisondartiste,artistshouses,actingperformance,sculpturemoderne,francmaconnerie,gesamtkuntwerk,lemondedefelix,groupeserveur,lespritdelasalamandre,servergroup",Vulcain ou le monde de Felix _DDC4423,2,21,24,2,2010,3,18,26,2,2010,,,
4390291450,40936370@N00,45.837545,4.826130,"portrait,sculpture,streetart,france,art,mystery,museum,architecture,painting,fire,graffiti,ruins,rawart,outsiderart,chaos,symbol,contemporaryart,secret,911,apocalypse,taz,bolas,peinture,eros,container,freemasonry,anarchy,artbrut,ddc,sanctuary,worldwar,mystic,feu,cyberpunk,landart,devastation,alchemy,modernsculpture,prophecy,999,vanitas,revelation,endoftheworld,sanctuaire,postapocalyptic,dadaisme,vulcain,artprice,salamanderspirit,organmuseum,saintromainaumontdor,demeureduchaos,thierryehrmann,alchimie,artsingulier,prophétie,abodeofchaos,facteurcheval,palaisideal,kurtehrmann,postapocalyptique,visionaryarchitecture,maisondartiste,artistshouses,actingperformance,sculpturemoderne,francmaconnerie,gesamtkuntwerk,lemondedefelix,groupeserveur,lespritdelasalamandre,servergroup",Vulcain ou le monde de Felix _DDC4419,1,21,24,2,2010,3,18,26,2,2010,,,
4390291412,40936370@N00,45.837545,4.826130,"portrait,sculpture,streetart,france,art,mystery,museum,architecture,painting,fire,graffiti,ruins,rawart,outsiderart,chaos,symbol,contemporaryart,secret,911,apocalypse,taz,bolas,peinture,eros,container,freemasonry,anarchy,artbrut,ddc,sanctuary,worldwar,mystic,feu,cyberpunk,landart,devastation,alchemy,modernsculpture,prophecy,999,vanitas,revelation,endoftheworld,sanctuaire,postapocalyptic,dadaisme,vulcain,artprice,salamanderspirit,organmuseum,saintromainaumontdor,demeureduchaos,thierryehrmann,alchimie,artsingulier,prophétie,abodeofchaos,facteurcheval,palaisideal,kurtehrmann,postapocalyptique,visionaryarchitecture,maisondartiste,artistshouses,actingperformance,sculpturemoderne,francmaconnerie,gesamtkuntwerk,lemondedefelix,groupeserveur,lespritdelasalamandre,servergroup",Vulcain ou le monde de Felix _DDC4418 (glissé(e)s) 1,1,21,24,2,2010,3,18,26,2,2010,,,
4389523119,40936370@N00,45.837545,4.826130,"portrait,sculpture,streetart,france,art,mystery,museum,architecture,painting,fire,graffiti,ruins,rawart,outsiderart,chaos,symbol,contemporaryart,secret,911,apocalypse,taz,bolas,peinture,eros,container,freemasonry,anarchy,artbrut,ddc,sanctuary,worldwar,mystic,feu,cyberpunk,landart,devastation,alchemy,modernsculpture,prophecy,999,vanitas,revelation,endoftheworld,sanctuaire,postapocalyptic,dadaisme,vulcain,artprice,salamanderspirit,organmuseum,saintromainaumontdor,demeureduchaos,thierryehrmann,alchimie,artsingulier,prophétie,abodeofchaos,facteurcheval,palaisideal,kurtehrmann,postapocalyptique,visionaryarchitecture,maisondartiste,artistshouses,actingperformance,sculpturemoderne,francmaconnerie,gesamtkuntwerk,lemondedefelix,groupeserveur,lespritdelasalamandre,servergroup",Vulcain ou le monde de Felix _DDC4383 1,38,20,24,2,2010,3,18,26,2,2010,,,
4389523055,40936370@N00,45.837545,4.826130,"portrait,sculpture,streetart,france,art,mystery,museum,architecture,painting,fire,graffiti,ruins,rawart,outsiderart,chaos,symbol,contemporaryart,secret,911,apocalypse,taz,bolas,peinture,eros,container,freemasonry,anarchy,artbrut,ddc,sanctuary,worldwar,mystic,feu,cyberpunk,landart,devastation,alchemy,modernsculpture,prophecy,999,vanitas,revelation,endoftheworld,sanctuaire,postapocalyptic,dadaisme,vulcain,artprice,salamanderspirit,organmuseum,saintromainaumontdor,demeureduchaos,thierryehrmann,alchimie,artsingulier,prophétie,abodeofchaos,facteurcheval,palaisideal,kurtehrmann,postapocalyptique,visionaryarchitecture,maisondartiste,artistshouses,actingperformance,sculpturemoderne,francmaconnerie,gesamtkuntwerk,lemondedefelix,groupeserveur,lespritdelasalamandre,servergroup",Vulcain ou le monde de Felix _DDC4377,37,20,24,2,2010,3,18,26,2,2010,,,
4389378799,45708649@N02,45.751452,4.823201,"sebastien,malaise,sebastienmalaise",Arbres des quais de Saône,28,17,23,2,2010,52,16,26,2,2010,,,
4389235563,38806112@N05,45.758676,4.834885,"lyon,showcase,fnac,bellecour,emmanuelleseigner","Emmanuelle Seigner : Showcase FNAC Bellecour, Lyon - 25.02.2010",30,17,25,2,2010,42,15,26,2,2010,,,
4389518800,75445510@N00,45.754326,4.838790,,The frozen pool,24,15,16,2,2010,18,9,26,2,2010,,,
4389370264,97211956@N00,45.759363,4.826988,"lamp,dailypicture",Square Lamps,21,22,21,11,2009,19,7,26,2,2010,,,
4387622809,45717618@N00,45.758872,4.867681,"collier,bokeh,day52,bokeh365",Bokeh - Day 52 : Collier,12,22,25,2,2010,22,22,25,2,2010,,,
4388291694,11817998@N05,45.760655,4.846564,"365,iphone",56/365 - Birthday,32,21,25,2,2010,37,21,25,2,2010,,,
4388160080,45220818@N07,45.780208,4.825550,"shadow,france,sens,noir,lyon,ombre,reflexions,blanc,marche,homme,2010,carré,croixrousse,piéton,inversé,carréfrançais,guillaumeimbert",Double sens,12,13,25,2,2010,35,20,25,2,2010,,,
4388058472,40936370@N00,45.837448,4.826248,"de,la,airport,du,scan,aeroport,rayons,artsculpture,artart,brutart,chaosthierry,housesstreet,bodyscanner,chevalpalais,modernemodern,scannercorporel,salamandresalamander,chaoschaoslesprit,spiritdemeure,xpatriot,actxrayabode,ehrmannddc999groupe,serveurtazorgan,museumserver,groupfacteur,idealsanctuairesanctuaryartpricecedhportraitpaintingpeinturefrancemuseumsculpturearchitecturemaison,dartisteartartists,sculpturesecretalchimiealchemyland,singulierraw,artsymbol911contemporary,artapocalypseapocalypspostapocalyptiquecyberpunkgraffitivanitasruinsprophecyprophétiecontainerdadaismeoutsider,artmysteryfrancmaconneriefreemassoneryterroristeterrorist",X-men Airport Patriot Act III _DDC4947,15,12,25,2,2010,45,19,25,2,2010,,,
4388058396,40936370@N00,45.837448,4.826248,"de,la,airport,du,scan,aeroport,rayons,artsculpture,artart,brutart,chaosthierry,housesstreet,bodyscanner,chevalpalais,modernemodern,scannercorporel,salamandresalamander,chaoschaoslesprit,spiritdemeure,xpatriot,actxrayabode,ehrmannddc999groupe,serveurtazorgan,museumserver,groupfacteur,idealsanctuairesanctuaryartpricecedhportraitpaintingpeinturefrancemuseumsculpturearchitecturemaison,dartisteartartists,sculpturesecretalchimiealchemyland,singulierraw,artsymbol911contemporary,artapocalypseapocalypspostapocalyptiquecyberpunkgraffitivanitasruinsprophecyprophétiecontainerdadaismeoutsider,artmysteryfrancmaconneriefreemassoneryterroristeterrorist",X-men Airport Patriot Act III _DDC4945,15,12,25,2,2010,45,19,25,2,2010,,,
4387297071,40936370@N00,45.837448,4.826248,"de,la,airport,du,scan,aeroport,rayons,artsculpture,artart,brutart,chaosthierry,housesstreet,bodyscanner,chevalpalais,modernemodern,scannercorporel,salamandresalamander,chaoschaoslesprit,spiritdemeure,xpatriot,actxrayabode,ehrmannddc999groupe,serveurtazorgan,museumserver,groupfacteur,idealsanctuairesanctuaryartpricecedhportraitpaintingpeinturefrancemuseumsculpturearchitecturemaison,dartisteartartists,sculpturesecretalchimiealchemyland,singulierraw,artsymbol911contemporary,artapocalypseapocalypspostapocalyptiquecyberpunkgraffitivanitasruinsprophecyprophétiecontainerdadaismeoutsider,artmysteryfrancmaconneriefreemassoneryterroristeterrorist",X-men Airport Patriot Act III _DDC4942,14,12,25,2,2010,45,19,25,2,2010,,,
4387410824,35853470@N00,45.764048,4.829164,"lyon,sshp",,2,14,25,2,2010,4,14,25,2,2010,,,
4386495316,32709539@N07,45.756759,4.839917,lyon,,14,18,7,8,2009,27,3,25,2,2010,,,
4385730489,32709539@N07,45.756759,4.839917,lyon,,10,18,7,8,2009,27,3,25,2,2010,,,
4385730295,32709539@N07,45.756759,4.839917,lyon,,5,18,7,8,2009,27,3,25,2,2010,,,
4386494466,32709539@N07,45.756759,4.839917,lyon,,3,18,7,8,2009,26,3,25,2,2010,,,
4386494298,32709539@N07,45.762774,4.822783,lyon,Sugar Pillows,13,17,7,8,2009,26,3,25,2,2010,,,
4386494048,32709539@N07,45.762774,4.822783,lyon,Determination,7,17,7,8,2009,26,3,25,2,2010,,,
4385729119,32709539@N07,45.762774,4.822783,lyon,,7,17,7,8,2009,26,3,25,2,2010,,,
4386493474,32709539@N07,45.762774,4.822783,"flowers,orange,yellow,lyon,marigolds",,7,17,7,8,2009,26,3,25,2,2010,,,
4385728675,32709539@N07,45.762774,4.822783,"flowers,lyon",,6,17,7,8,2009,26,3,25,2,2010,,,
4386492994,32709539@N07,45.762774,4.822783,lyon,,6,17,7,8,2009,26,3,25,2,2010,,,
4385728269,32709539@N07,45.764619,4.828330,lyon,Delicious,33,16,7,8,2009,26,3,25,2,2010,,,
4385728101,32709539@N07,45.764619,4.828330,"france,rainbow,lyon,macaron",Rainbow Macarons,32,16,7,8,2009,25,3,25,2,2010,,,
4385727919,32709539@N07,45.764619,4.828330,"lyon,macaron",,29,16,7,8,2009,25,3,25,2,2010,,,
4385727729,32709539@N07,45.764619,4.828330,"lyon,macaron",,24,16,7,8,2009,25,3,25,2,2010,,,
4386492076,32709539@N07,45.764619,4.828330,"brown,lyon,macaron",,24,16,7,8,2009,25,3,25,2,2010,,,
4386491848,32709539@N07,45.764619,4.828330,"blue,lyon,macaron",,21,16,7,8,2009,25,3,25,2,2010,,,
4386491644,32709539@N07,45.764619,4.828330,"yellow,lyon,macaron",,21,16,7,8,2009,25,3,25,2,2010,,,
4385727005,32709539@N07,45.764619,4.828330,"lyon,macaron",,21,16,7,8,2009,25,3,25,2,2010,,,
4386491214,32709539@N07,45.764619,4.828330,"lyon,macaron",,18,16,7,8,2009,25,3,25,2,2010,,,
4385726607,32709539@N07,45.763810,4.828222,lyon,,11,15,7,8,2009,25,3,25,2,2010,,,
4386490834,32709539@N07,45.763810,4.828222,lyon,Liquid,7,15,7,8,2009,25,3,25,2,2010,,,
4385726281,32709539@N07,45.763810,4.828222,lyon,,5,15,7,8,2009,24,3,25,2,2010,,,
4385726095,32709539@N07,45.763810,4.828222,lyon,,3,15,7,8,2009,24,3,25,2,2010,,,
4386490126,32709539@N07,45.763810,4.828222,lyon,Bananas,58,14,7,8,2009,24,3,25,2,2010,,,
4385725655,32709539@N07,45.763810,4.828222,lyon,Scarface,53,14,7,8,2009,24,3,25,2,2010,,,
4386489460,32709539@N07,45.767642,4.833458,"lyon,fontainebartholdi,dopplr:explore=5ka1",Gasp,37,13,7,8,2009,24,3,25,2,2010,,,
4385725079,32709539@N07,45.767642,4.833458,"lyon,fontainebartholdi,dopplr:explore=5ka1",,35,13,7,8,2009,24,3,25,2,2010,,,
4386489026,32709539@N07,45.764836,4.828941,lyon,,23,13,7,8,2009,24,3,25,2,2010,,,
4386488746,32709539@N07,45.764836,4.828941,lyon,,22,13,7,8,2009,23,3,25,2,2010,,,
4385724341,32709539@N07,45.764836,4.828941,lyon,,22,13,7,8,2009,23,3,25,2,2010,,,
4385724189,32709539@N07,45.764836,4.828941,lyon,,21,13,7,8,2009,23,3,25,2,2010,,,
4386488116,32709539@N07,45.764836,4.828941,lyon,,21,13,7,8,2009,23,3,25,2,2010,,,
4385723817,32709539@N07,45.764619,4.828330,lyon,,19,13,7,8,2009,23,3,25,2,2010,,,
4386487744,32709539@N07,45.764619,4.828330,lyon,,19,13,7,8,2009,23,3,25,2,2010,,,
4386487564,32709539@N07,45.763990,4.827568,lyon,Scary,12,13,7,8,2009,23,3,25,2,2010,,,
4386487362,32709539@N07,45.763990,4.827568,lyon,,11,13,7,8,2009,23,3,25,2,2010,,,
4385723217,32709539@N07,45.763990,4.827568,lyon,,11,13,7,8,2009,23,3,25,2,2010,,,
4386487080,32709539@N07,45.763990,4.827568,lyon,Fishface,10,13,7,8,2009,23,3,25,2,2010,,,
4385722893,32709539@N07,45.763990,4.827568,lyon,Clamhead,10,13,7,8,2009,22,3,25,2,2010,,,
4385722751,32709539@N07,45.763990,4.827568,lyon,,10,13,7,8,2009,22,3,25,2,2010,,,
4386486460,32709539@N07,45.763990,4.827568,lyon,Dracula,4,13,7,8,2009,22,3,25,2,2010,,,
4386486340,32709539@N07,45.763990,4.827568,lyon,,3,13,7,8,2009,22,3,25,2,2010,,,
4385722093,32709539@N07,45.763369,4.827976,lyon,,25,12,7,8,2009,22,3,25,2,2010,,,
4385721065,32709539@N07,45.757833,4.832235,"lyon,placebellecour,dopplr:explore=sja1",,55,11,7,8,2009,21,3,25,2,2010,,,
4385720881,32709539@N07,45.757833,4.832235,"lyon,placebellecour,dopplr:explore=sja1",,55,11,7,8,2009,21,3,25,2,2010,,,
4386484528,32709539@N07,45.758159,4.831548,"lyon,placebellecour,dopplr:explore=sja1",,54,11,7,8,2009,21,3,25,2,2010,,,
4386484304,32709539@N07,45.757833,4.832235,"lyon,placebellecour",,53,11,7,8,2009,21,3,25,2,2010,,,
4387113112,11817998@N05,45.760655,4.846564,"365,iphone",55/365 - I love my Job.,55,23,24,2,2010,59,23,24,2,2010,,,
4386110440,45717618@N00,45.769483,4.844723,,Sirchamallow,34,19,24,2,2010,58,23,24,2,2010,,,
4386110178,45717618@N00,45.769483,4.844723,,Savatte,34,19,24,2,2010,58,23,24,2,2010,,,
4386083658,45717618@N00,45.769483,4.844723,"bokeh,dal,day51,biere,1859,bokeh365,dal1859",Bokeh - Day 51 : Dal 1859,35,19,24,2,2010,45,23,24,2,2010,,,
4385319261,45717618@N00,45.758872,4.867681,"light,bokeh,ampoule,lumiere,day50,bokeh365",Bokeh - Day 50 : Fiat Lux !,3,0,24,2,2010,45,23,24,2,2010,,,
4384633293,23883279@N05,45.774437,4.848017,"webnapperon,semainebleue",WN Chaponost 16,0,15,22,10,2009,25,18,24,2,2010,,,
4385307708,40936370@N00,45.837448,4.826248,"de,la,airport,du,scan,aeroport,rayons,artsculpture,artart,brutart,chaosthierry,housesstreet,bodyscanner,chevalpalais,modernemodern,scannercorporel,salamandresalamander,chaoschaoslesprit,spiritdemeure,xpatriot,actxrayabode,ehrmannddc999groupe,serveurtazorgan,museumserver,groupfacteur,idealsanctuairesanctuaryartpricecedhportraitpaintingpeinturefrancemuseumsculpturearchitecturemaison,dartisteartartists,sculpturesecretalchimiealchemyland,singulierraw,artsymbol911contemporary,artapocalypseapocalypspostapocalyptiquecyberpunkgraffitivanitasruinsprophecyprophétiecontainerdadaismeoutsider,artmysteryfrancmaconneriefreemassoneryterroristeterrorist",X-men Airport Patriot Act III _DDC4359,24,17,24,2,2010,45,17,24,2,2010,,,
4384545725,40936370@N00,45.837448,4.826248,"de,la,airport,du,scan,aeroport,rayons,artsculpture,artart,brutart,chaosthierry,housesstreet,bodyscanner,chevalpalais,modernemodern,scannercorporel,salamandresalamander,chaoschaoslesprit,spiritdemeure,xpatriot,actxrayabode,ehrmannddc999groupe,serveurtazorgan,museumserver,groupfacteur,idealsanctuairesanctuaryartpricecedhportraitpaintingpeinturefrancemuseumsculpturearchitecturemaison,dartisteartartists,sculpturesecretalchimiealchemyland,singulierraw,artsymbol911contemporary,artapocalypseapocalypspostapocalyptiquecyberpunkgraffitivanitasruinsprophecyprophétiecontainerdadaismeoutsider,artmysteryfrancmaconneriefreemassoneryterroristeterrorist",X-men Airport Patriot Act III _DDC4356,23,17,24,2,2010,45,17,24,2,2010,,,
4384545665,40936370@N00,45.837448,4.826248,"de,la,airport,du,scan,aeroport,rayons,artsculpture,artart,brutart,chaosthierry,housesstreet,bodyscanner,chevalpalais,modernemodern,scannercorporel,salamandresalamander,chaoschaoslesprit,spiritdemeure,xpatriot,actxrayabode,ehrmannddc999groupe,serveurtazorgan,museumserver,groupfacteur,idealsanctuairesanctuaryartpricecedhportraitpaintingpeinturefrancemuseumsculpturearchitecturemaison,dartisteartartists,sculpturesecretalchimiealchemyland,singulierraw,artsymbol911contemporary,artapocalypseapocalypspostapocalyptiquecyberpunkgraffitivanitasruinsprophecyprophétiecontainerdadaismeoutsider,artmysteryfrancmaconneriefreemassoneryterroristeterrorist",X-men Airport Patriot Act III _DDC4355,23,17,24,2,2010,45,17,24,2,2010,,,
4385199878,31081440@N00,45.758167,4.828319,"france,lyon,francia,hdr,saintgeorge,tripode,saône,lesalpes,sonyalpha200,nicogonzález",Iluminate the Cross,42,12,23,1,2010,57,16,24,2,2010,,,
4385082504,22583865@N02,45.768675,4.786412,"street,lyon,graf,horloge,rue,2010,d700,tassinlademilune,thedigitalfly,lotfidakhli,avecdesbandes",Antisocial ! Tu perds ton sang froid !,58,18,22,2,2010,1,16,24,2,2010,,,
4383590071,97211956@N00,45.743655,4.876513,"building,skyscraper,who,dailypicture,iarc",Bottom Up Tower,55,15,22,11,2009,23,7,24,2,2010,,,
4383311606,30743109@N07,45.785107,4.854937,"street,city,urban,orange,france,streets,europa,europe,view,lyon,citylife,eu,europeanunion,urbanlandscape,rhone,urbanlife,europeancity,congres,urbanfragments,beautifulcity,τοπίο,citeinternational,orangebuilding,urbanlanscape,πόλη,ταξίδι,streetinthecity,αστικό,πορτοκαλί,lovelycity,θέα,δρόμοι,ευρώπη,δρόμοσ,διακοπέσ,γαλλία,συνέδριο,εε,αστικόσ,αστικότοπίο,centredecongres,ζωήστηνπόλη,ευρωπαικήένωση,συνεδριακό,λυόν,συνεδριακόκέντρο,όμορφηπόλη,ευρωπαικήπόλη,δρόμοιτησπόλησ","Lyon, France",12,22,23,8,2007,59,22,23,2,2010,,,
4383298954,30743109@N07,45.759664,4.836924,"street,city,urban,france,streets,hospital,europa,europe,lyon,citylife,eu,europeanunion,urbanlandscape,rhone,urbanlife,europeancity,ospedale,urbanfragments,hoteldieu,beautifulcity,πόλη,ταξίδι,streetinthecity,αστικό,lovelycity,νοσοκομείο,δρόμοι,ευρώπη,δρόμοσ,διακοπέσ,γαλλία,εε,αστικόσ,αστικότοπίο,ζωήστηνπόλη,ευρωπαικήένωση,λυόν,όμορφηπόλη,ευρωπαικήπόλη,δρόμοιτησπόλησ","Lyon, France",31,13,25,8,2007,54,22,23,2,2010,,,
4383286600,30743109@N07,45.785100,4.854530,"street,city,trip,travel,vacation,urban,orange,france,streets,statue,europe,lyon,modernart,citylife,eu,europeanunion,urbanlandscape,rhone,urbanlife,europeancity,congres,urbanfragments,beautifulcity,citeinternational,πόλη,streetinthecity,πορτοκαλί,άγαλμα,lovelycity,δρόμοι,ευρώπη,δρόμοσ,γαλλία,συνέδριο,εε,αστικόσ,αστικότοπίο,centredecongres,ζωήστηνπόλη,ευρωπαικήένωση,συνεδριακό,λυόν,συνεδριακόκέντρο,όμορφηπόλη,ευρωπαικήπόλη,δρόμοιτησπόλησ","Lyon, France",1,8,23,8,2007,48,22,23,2,2010,,,
4382707590,11817998@N05,45.760655,4.846564,"365,iphone",54/354 - Bedside reading,37,18,23,2,2010,38,18,23,2,2010,,,
4382575488,31081440@N00,45.754731,4.838190,"france,reflection,water,river,europa,europe,lyon,rhône,hdr,tripode,pontdelaguillotière,sonyalpha200",Rhône's Reflection at Pont de la Guillotière,0,12,23,1,2010,42,17,23,2,2010,,,
4382420674,44400501@N07,45.842224,4.836859,"street,bw,france,nikon,lyon,bretagne,nb,breizh,ruelle,britany,pavé,montsdor,bwstreet,d700,nikond700,rochetailléesursaône,ronanlepennecphotography",Steet in Rochetaillé sur Saône.,44,15,22,2,2010,37,16,23,2,2010,,,
4382328538,35853470@N00,45.774059,4.811754,,,55,15,23,2,2010,58,15,23,2,2010,,,
4381110789,8934493@N05,45.762800,4.822858,"lyon,sunday,69,dimanche,montblanc,rhone,rhonealpes,brignais,69530,lalogothequecom,valeromichel,weblogphotoslalogofr,chaînedealpes",A sunday afternoon in Lyon,45,15,21,2,2010,11,11,23,2,2010,,,
4381110711,8934493@N05,45.762800,4.822858,"lyon,sunday,69,dimanche,montblanc,rhone,rhonealpes,brignais,69530,lalogothequecom,valeromichel,weblogphotoslalogofr,chaînedealpes",A sunday afternoon in Lyon,44,15,21,2,2010,11,11,23,2,2010,,,
4381110623,8934493@N05,45.767781,4.836044,"lyon,sunday,69,dimanche,rhone,rhonealpes,brignais,opéradelyon,69530,lalogothequecom,valeromichel,hoteldevilledelyon,weblogphotoslalogofr",A sunday afternoon in Lyon,44,15,21,2,2010,11,11,23,2,2010,,,
4381867680,8934493@N05,45.761509,4.829488,"lyon,sunday,69,dimanche,rhone,rhonealpes,saône,brignais,69530,passerelledupalaisdejustice,lalogothequecom,valeromichel,weblogphotoslalogofr",A sunday afternoon in Lyon,44,15,21,2,2010,10,11,23,2,2010,,,
4381867550,8934493@N05,45.757396,4.833303,"lyon,sunday,69,manège,dimanche,granderoue,rhone,rhonealpes,placebellecour,forain,brignais,69530,lalogothequecom,valeromichel,weblogphotoslalogofr",A sunday afternoon in Lyon,43,15,21,2,2010,10,11,23,2,2010,,,
4381110207,8934493@N05,45.761224,4.853746,"tower,hotel,lyon,radisson,sunday,69,dimanche,rhone,rhonealpes,brignais,69530,tourdelapartdieu,lalogothequecom,valeromichel,weblogphotoslalogofr",A sunday afternoon in Lyon,42,15,21,2,2010,10,11,23,2,2010,,,
4379795349,26048905@N06,45.760987,4.854090,"portrait,lyon,hdr,partdieu",DSC_4898,41,15,22,2,2010,58,23,22,2,2010,,,
4379665535,45717618@N00,45.758872,4.867681,"bokeh,day49,casque,bokeh365",Bokeh - Day 49 : Music !,59,22,22,2,2010,5,23,22,2,2010,,,
4379528011,22583865@N02,45.768675,4.786412,"2010,50mmf14g,d700,thedigitalfly,lotfidakhli,afs50mm14g,avecdesbandes",Mais émilie avait laissé un indice,59,18,22,2,2010,11,22,22,2,2010,,,
4378747363,40936370@N00,45.837448,4.826248,"portrait,sculpture,france,mystery,museum,painting,ruins,jung,symbol,contemporaryart,secret,apocalypse,greatwork,freemasonry,ddc,sanctuary,alchemy,prophecy,999,vanitas,revelation,alchimia,alchemist,sanctuaire,paulocoelho,magnumopus,graal,gnosticism,dondedieu,materiaprima,nicolasflamel,artprice,salamanderspirit,organmuseum,saintromainaumontdor,andrébreton,demeureduchaos,thierryehrmann,alkimia,finis,alchemical,rubedo,prophétie,abodeofchaos,loeuvreaunoir,facteurcheval,palaisideal,grandoeuvre,alchemicalsymbol,francmaconnerie,citrinitas,fulcanelli,philosopherstone,albertlegrand,oswaldwirth,lespritdelasalamandre,nigredoalbedo,corpusjabirianum,alchimiespéculative,lemystèredescathédrales,lesdemeuresphilosophales,eugènecanseliet,latourbedesphilosophes,spagyrie,basilevalentin,rosariusphilosophorum,historyofalchemy,nucleartransmutation,khemeia,voiesèche,voiehumide,liberparagranum,artroyal,donumdei",Alchemy LXIX - Alchimie _DDC4341,3,17,22,2,2010,12,17,22,2,2010,,,
4378747279,40936370@N00,45.837448,4.826248,"portrait,sculpture,france,mystery,museum,painting,ruins,jung,symbol,contemporaryart,secret,apocalypse,greatwork,freemasonry,ddc,sanctuary,alchemy,prophecy,999,vanitas,revelation,alchimia,alchemist,sanctuaire,paulocoelho,magnumopus,graal,gnosticism,dondedieu,materiaprima,nicolasflamel,artprice,salamanderspirit,organmuseum,saintromainaumontdor,andrébreton,demeureduchaos,thierryehrmann,alkimia,finis,alchemical,rubedo,prophétie,abodeofchaos,loeuvreaunoir,facteurcheval,palaisideal,grandoeuvre,alchemicalsymbol,francmaconnerie,citrinitas,fulcanelli,philosopherstone,albertlegrand,oswaldwirth,lespritdelasalamandre,nigredoalbedo,corpusjabirianum,alchimiespéculative,lemystèredescathédrales,lesdemeuresphilosophales,eugènecanseliet,latourbedesphilosophes,spagyrie,basilevalentin,rosariusphilosophorum,historyofalchemy,nucleartransmutation,khemeia,voiesèche,voiehumide,liberparagranum,artroyal,donumdei",Alchemy LXIX - Alchimie _DDC4350,7,17,22,2,2010,12,17,22,2,2010,,,
4378747187,40936370@N00,45.837448,4.826248,"portrait,sculpture,france,mystery,museum,painting,ruins,jung,symbol,contemporaryart,secret,apocalypse,greatwork,freemasonry,ddc,sanctuary,alchemy,prophecy,999,vanitas,revelation,alchimia,alchemist,sanctuaire,paulocoelho,magnumopus,graal,gnosticism,dondedieu,materiaprima,nicolasflamel,artprice,salamanderspirit,organmuseum,saintromainaumontdor,andrébreton,demeureduchaos,thierryehrmann,alkimia,finis,alchemical,rubedo,prophétie,abodeofchaos,loeuvreaunoir,facteurcheval,palaisideal,grandoeuvre,alchemicalsymbol,francmaconnerie,citrinitas,fulcanelli,philosopherstone,albertlegrand,oswaldwirth,lespritdelasalamandre,nigredoalbedo,corpusjabirianum,alchimiespéculative,lemystèredescathédrales,lesdemeuresphilosophales,eugènecanseliet,latourbedesphilosophes,spagyrie,basilevalentin,rosariusphilosophorum,historyofalchemy,nucleartransmutation,khemeia,voiesèche,voiehumide,liberparagranum,artroyal,donumdei",Alchemy LXIX - Alchimie _DDC4345,6,17,22,2,2010,12,17,22,2,2010,,,
4378737149,40936370@N00,45.837448,4.826248,"portrait,sculpture,france,mystery,museum,painting,ruins,jung,symbol,contemporaryart,secret,apocalypse,greatwork,freemasonry,ddc,sanctuary,alchemy,prophecy,999,vanitas,revelation,alchimia,alchemist,sanctuaire,paulocoelho,magnumopus,graal,gnosticism,dondedieu,materiaprima,nicolasflamel,artprice,salamanderspirit,organmuseum,saintromainaumontdor,andrébreton,demeureduchaos,thierryehrmann,alkimia,finis,alchemical,rubedo,prophétie,abodeofchaos,loeuvreaunoir,facteurcheval,palaisideal,grandoeuvre,alchemicalsymbol,francmaconnerie,citrinitas,fulcanelli,philosopherstone,albertlegrand,oswaldwirth,lespritdelasalamandre,nigredoalbedo,corpusjabirianum,alchimiespéculative,lemystèredescathédrales,lesdemeuresphilosophales,eugènecanseliet,latourbedesphilosophes,spagyrie,basilevalentin,rosariusphilosophorum,historyofalchemy,nucleartransmutation,khemeia,voiesèche,voiehumide,liberparagranum,artroyal,donumdei",Alchemy LXVIII - Alchimie _DDC4336,1,17,22,2,2010,8,17,22,2,2010,,,
4379491148,40936370@N00,45.837448,4.826248,"portrait,sculpture,france,mystery,museum,painting,ruins,jung,symbol,contemporaryart,secret,apocalypse,greatwork,freemasonry,ddc,sanctuary,alchemy,prophecy,999,vanitas,revelation,alchimia,alchemist,sanctuaire,paulocoelho,magnumopus,graal,gnosticism,dondedieu,materiaprima,nicolasflamel,artprice,salamanderspirit,organmuseum,saintromainaumontdor,andrébreton,demeureduchaos,thierryehrmann,alkimia,finis,alchemical,rubedo,prophétie,abodeofchaos,loeuvreaunoir,facteurcheval,palaisideal,grandoeuvre,alchemicalsymbol,francmaconnerie,citrinitas,fulcanelli,philosopherstone,albertlegrand,oswaldwirth,lespritdelasalamandre,nigredoalbedo,corpusjabirianum,alchimiespéculative,lemystèredescathédrales,lesdemeuresphilosophales,eugènecanseliet,latourbedesphilosophes,spagyrie,basilevalentin,rosariusphilosophorum,historyofalchemy,nucleartransmutation,khemeia,voiesèche,voiehumide,liberparagranum,artroyal,donumdei",Alchemy LXVIII - Alchimie _DDC4335,1,17,22,2,2010,8,17,22,2,2010,,,
4378736977,40936370@N00,45.837448,4.826248,"portrait,sculpture,france,mystery,museum,painting,ruins,jung,symbol,contemporaryart,secret,apocalypse,greatwork,freemasonry,ddc,sanctuary,alchemy,prophecy,999,vanitas,revelation,alchimia,alchemist,sanctuaire,paulocoelho,magnumopus,graal,gnosticism,dondedieu,materiaprima,nicolasflamel,artprice,salamanderspirit,organmuseum,saintromainaumontdor,andrébreton,demeureduchaos,thierryehrmann,alkimia,finis,alchemical,rubedo,prophétie,abodeofchaos,loeuvreaunoir,facteurcheval,palaisideal,grandoeuvre,alchemicalsymbol,francmaconnerie,citrinitas,fulcanelli,philosopherstone,albertlegrand,oswaldwirth,lespritdelasalamandre,nigredoalbedo,corpusjabirianum,alchimiespéculative,lemystèredescathédrales,lesdemeuresphilosophales,eugènecanseliet,latourbedesphilosophes,spagyrie,basilevalentin,rosariusphilosophorum,historyofalchemy,nucleartransmutation,khemeia,voiesèche,voiehumide,liberparagranum,artroyal,donumdei",Alchemy LXVIII - Alchimie _DDC4331,0,17,22,2,2010,8,17,22,2,2010,,,
4378655529,11817998@N05,45.760649,4.846391,"365,iphone",53/365 - Accountancy,36,16,22,2,2010,37,16,22,2,2010,,,
4377657589,97211956@N00,45.745934,4.880805,dailypicture,Self-Portrait,20,11,5,1,2010,21,7,22,2,2010,,,
4377669672,38951914@N06,45.762351,4.822086,"france,lyon,symbol,lion,wingedlion",Lion of Lyon,8,8,10,5,2009,42,2,22,2,2010,,,
4377669608,38951914@N06,45.758421,4.821571,"france,lyon,odeon,fourviere,odeum",Restoration Work,59,4,10,5,2009,42,2,22,2,2010,,,
4377669442,38951914@N06,45.763511,4.831677,"france,lyon,croixrousse,saone",The Saône at Lyon,34,5,10,5,2009,42,2,22,2,2010,,,
4377669296,38951914@N06,45.774190,4.831768,"lyon,navigator,julesverne,20000leaguesunderthesea,nautlus",Sighting the sun,20,1,9,5,2009,42,2,22,2,2010,,,
4377669140,38951914@N06,45.774190,4.831768,"lyon,julesverne,nautilus,20000leaguesunderthesea,helmsman",Helmsman,19,1,9,5,2009,42,2,22,2,2010,,,
4377146078,37536748@N07,45.748674,4.829993,"light,shadow,people,black,france,silhouette,canon,tile,lens,photography,eos,350d,graffiti,photo,europe,angle,lyon,photos,lumière,mosaic,tag,picture,tunnel,ombre,trail,crisis,silhouetes,xtrebel,undergroundpassage,blackdandy",Sortie de crise ?,6,18,18,2,2010,56,22,21,2,2010,,,
4377074168,37536748@N07,45.750359,4.835035,"camera,black,blur,france,green,canon,eos,350d,photo,fry,europe,lyon,pavement,cigarette,vert,chips,sidewalk,pack,butts,fries,pollution,rebelxt,stub,sachet,cigaret,mégot,blackdandy",Aesthetic pollution ?,49,17,18,2,2010,16,22,21,2,2010,,,
4377071772,38951914@N06,45.757740,4.833356,"france,lyon,bellecour,placebellecour,tourmetallique,notredamedefourviere",Place Bellecour,16,8,8,5,2009,15,22,21,2,2010,,,
4376319585,38951914@N06,45.760015,4.839166,"france,lyon,rhone,wilsonbridge,pontwilson",Pont Wilson on the Rhône,59,6,8,5,2009,13,22,21,2,2010,,,
4376310939,38951914@N06,45.772903,4.833034,"france,lyon,croixrousse,greatcobblestone",Great Cobblestone,44,1,9,5,2009,10,22,21,2,2010,,,
4377048602,38951914@N06,45.774190,4.831768,"lyon,julesverne,nautilus,conseil,nedland,20000leagesunderthesea,pierrearonnax",Watching the Creatures of the Sea,19,1,9,5,2009,5,22,21,2,2010,,,
4376278693,45717618@N00,45.758872,4.867681,"bokeh,day48,renne,bokeh365",Bokeh - Day 48 : au service du Père Noël,42,21,21,2,2010,55,21,21,2,2010,,,
4376909524,32889649@N08,45.762601,4.822804,"lyon,basilique,fourviere",Basilique de Fourvière,36,12,26,10,2008,6,21,21,2,2010,,,
4376139819,32889649@N08,45.767811,4.836215,"lyon,operahouse",Opéra de Lyon,16,17,31,8,2008,47,20,21,2,2010,,,
4376139273,32889649@N08,45.767811,4.836215,"lyon,operahouse",Opéra de Lyon,16,17,31,8,2008,47,20,21,2,2010,,,
4376886834,32889649@N08,45.767811,4.836215,"lyon,operahouse",Opéra de Lyon,15,17,31,8,2008,47,20,21,2,2010,,,
4376884682,32889649@N08,45.767811,4.836215,"lyon,operahouse",Opéra de Lyon,15,17,31,8,2008,45,20,21,2,2010,,,
4376875880,11817998@N05,45.760649,4.846391,"365,rubberduck,iphone",52/365 - Duck bath,40,20,21,2,2010,40,20,21,2,2010,,,
4376869810,32889649@N08,45.760846,4.827150,"lyon,vieuxlyon","Lyon, Parc des hauteurs",20,19,10,5,2008,37,20,21,2,2010,,,
4376868818,32889649@N08,45.761924,4.826399,"lyon,vieuxlyon","Lyon, Parc des hauteurs",16,19,10,5,2008,36,20,21,2,2010,,,
4376867738,32889649@N08,45.762066,4.823491,"lyon,parcdeshauteurs","Lyon, Parc des hauteurs",0,19,10,5,2008,36,20,21,2,2010,,,
4376119063,32889649@N08,45.762066,4.823491,"lyon,parcdeshauteurs","Lyon, Parc des hauteurs",50,18,10,5,2008,35,20,21,2,2010,,,
4376117905,32889649@N08,45.762066,4.823491,"lyon,parcdeshauteurs","Lyon, Parc des hauteurs",48,18,10,5,2008,35,20,21,2,2010,,,
4376864380,32889649@N08,45.762066,4.823491,"lyon,parcdeshauteurs","Lyon, Parc des hauteurs",47,18,10,5,2008,34,20,21,2,2010,,,
4376864172,32889649@N08,45.762066,4.823491,"green,heart,coeur,vert","Lyon, Parc des hauteurs",46,18,10,5,2008,34,20,21,2,2010,,,
4376864002,32889649@N08,45.762066,4.823491,"lyon,parcdeshauteurs","Lyon, Parc des hauteurs",40,18,10,5,2008,34,20,21,2,2010,,,
4376115185,32889649@N08,45.762066,4.823491,"lyon,parcdeshauteurs","Lyon, Parc des hauteurs",38,18,10,5,2008,33,20,21,2,2010,,,
4376114089,32889649@N08,45.761022,4.831066,,"Lyon, Parc des hauteurs",37,18,10,5,2008,33,20,21,2,2010,,,
4375757685,47707795@N08,45.773569,4.851322,"cortex,flore",Flore - Cactus,41,14,21,2,2010,28,18,21,2,2010,,,
4376492936,47707795@N08,45.773517,4.851386,"cortex,flore",Flore,5,14,21,2,2010,24,18,21,2,2010,,,
4376492452,47707795@N08,45.773487,4.851450,"red,flower,macro,fleur,closeup,rouge,cortex,flore",Flore,51,13,21,2,2010,24,18,21,2,2010,,,
4375742203,47707795@N08,45.773562,4.851365,"cortex,flore",Flore,46,13,21,2,2010,23,18,21,2,2010,,,
4376254768,41746313@N04,45.748749,4.828276,"saint,restaurant,lyon,georges,resto,brasserie,bouchon,bistrot,choucroute",Choucroute à la Brasserie Georges,16,19,20,2,2010,2,17,21,2,2010,,,
4375451041,24862929@N02,45.781748,4.855077,"geotagged,lyon,2010,fourvière,parctêtedor,christianbaudet",Fourvière view from Parc Tête D'Or,14,18,31,1,2010,43,16,21,2,2010,,,
4376198648,24862929@N02,45.781748,4.855077,"geotagged,lyon,2010,fourvière,parctêtedor,christianbaudet",Fourvière view from Parc Tête D'Or,11,18,31,1,2010,43,16,21,2,2010,,,
4376196280,24862929@N02,45.782975,4.854476,"panorama,geotagged,lyon,2010,parctêtedor,christianbaudet",Parc Tête D'Or,55,17,31,1,2010,42,16,21,2,2010,,,
4376193820,24862929@N02,45.780259,4.849820,"panorama,geotagged,lyon,2010,parctêtedor,christianbaudet",Parc Tête D'Or,50,17,31,1,2010,41,16,21,2,2010,,,
4374790103,45717618@N00,45.763391,4.835593,"candle,bokeh,day47,bokeh365",Bokeh - Day 47 : Candle on the table,43,22,20,2,2010,19,11,21,2,2010,,,
4374781897,45717618@N00,45.763391,4.835593,baramericain,Laura,46,22,20,2,2010,14,11,21,2,2010,,,
4374781631,45717618@N00,45.763391,4.835593,baramericain,Camille,45,22,20,2,2010,14,11,21,2,2010,,,
4373397363,28530821@N05,45.768211,4.854766,"cat,square,kitten,lyon,turquoise,january,kitty,redhair,2010,goldeneyes,bluecarpet,500x500,cuppie,220110",Ten Cupcake,52,16,22,1,2010,21,23,20,2,2010,,,
4373272591,11817998@N05,45.760649,4.846391,"365,iphone",51/365 - Wedding day.,22,22,20,2,2010,27,22,20,2,2010,,,
4373077852,26048905@N06,45.764505,4.828201,"music,lyon",DSC_0655,43,16,13,9,2009,43,15,20,2,2010,,,
4372325849,26048905@N06,45.771414,4.831688,"street,lyon,beatles",DSC_0640,2,16,13,9,2009,43,15,20,2,2010,,,
4373077448,26048905@N06,45.759982,4.825294,"sky,rainbow,lyon",DSC_2638,18,19,26,8,2009,43,15,20,2,2010,,,
4372386972,15167107@N04,45.738802,4.876182,,,42,7,20,2,2010,42,7,20,2,2010,,,
4371634691,15167107@N04,45.738070,4.876359,,,40,7,20,2,2010,41,7,20,2,2010,,,
4371624334,29161621@N03,45.782107,4.838973,"night,d50,sigma,1020mm,effect,nuit,pauselongue",Montée de la boucle de nuit en pause longue,56,23,19,2,2010,10,0,20,2,2010,,,
4370802177,29161621@N03,45.781434,4.839166,"night,d50,1020mm,effect,nuit,pauselongue",DSC_3711,46,23,19,2,2010,30,23,19,2,2010,,,
4371418072,45717618@N00,45.758872,4.867681,"bokeh,vert,day46,bokeh365",Bokeh - Day 46 : Bizarre,18,22,19,2,2010,23,22,19,2,2010,,,
4370453695,45717618@N00,45.762119,4.834939,"beer,bokeh,day45,biere,bokeh365",Bokeh - Day 45 : Beeeeeer,29,22,18,2,2010,39,20,19,2,2010,,,
4370270501,40088092@N02,45.749707,4.826431,"night,de,gare,escalator,escalators,nuit,perrache",perrache,24,20,18,2,2010,8,19,19,2,2010,,,
4370269687,40088092@N02,45.749707,4.826431,"station,night,train,gare,railway,nuit,perrache",perrache,29,20,18,2,2010,8,19,19,2,2010,,,
4370258533,26048905@N06,45.841370,4.798471,"summer,cricket,montsdor",DSC_2539,12,20,18,8,2009,2,19,19,2,2010,,,
4371008764,26048905@N06,45.841490,4.797935,"sunset,summer,montsdor",DSC_2514,44,19,18,8,2009,2,19,19,2,2010,,,
4370161075,31081440@N00,45.767515,4.833898,"france,lyon,francia,hdr,hôteldeville,placedesterreaux,sonyalpha200",Hôtel de Ville,6,10,23,1,2010,17,18,19,2,2010,,,
4369770759,36525065@N02,45.733886,4.884871,"show,music,concert,live,fat,gang,band,accordion,bastard,musique,mjc,the,accordéon,laennec,laënnec",The Fat Bastard Gang Band,2,6,19,2,2010,2,15,19,2,2010,,,
4370519180,36525065@N02,45.733886,4.884871,"show,music,concert,drum,live,drummer,saxophone,batterie,musique,mjc,batteur,laennec,laënnec,thefatbastardgangband",The Fat Bastard Gang Band,2,6,19,2,2010,2,15,19,2,2010,,,
4369770137,36525065@N02,45.733886,4.884871,"show,music,concert,live,accordion,musique,mjc,accordéon,soubassophone,laennec,laënnec,soubas,thefatbastardgangband",The Fat Bastard Gang Band,1,6,19,2,2010,1,15,19,2,2010,,,
4370518552,36525065@N02,45.733886,4.884871,"show,music,concert,drum,live,trumpet,drummer,batterie,musique,mjc,trompette,batteur,laennec,laënnec,batsaxophone,batteurterie,thefatbastardgangband",The Fat Bastard Gang Band,1,6,19,2,2010,1,15,19,2,2010,,,
4370518274,36525065@N02,45.733886,4.884871,"show,music,concert,drum,live,drummer,batterie,musique,mjc,batteur,laennec,laënnec,thefatbastardgangband",The Fat Bastard Gang Band,1,6,19,2,2010,1,15,19,2,2010,,,
4369769265,36525065@N02,45.733886,4.884871,"show,music,concert,live,saxophone,musique,mjc,laennec,laënnec,thefatbastardgangband",The Fat Bastard Gang Band,1,6,19,2,2010,1,15,19,2,2010,,,
4369768691,36525065@N02,45.733886,4.884871,"show,concert,live,musique,mjc,musicn,laennec,laënnec,thefatbastardgangband",The Fat Bastard Gang Band,1,6,19,2,2010,1,15,19,2,2010,,,
4370517242,36525065@N02,45.733886,4.884871,"show,music,concert,live,musique,mjc,soubassophone,laennec,laënnec,soubas,thefatbastardgangband",The Fat Bastard Gang Band,0,6,19,2,2010,0,15,19,2,2010,,,
4370516820,36525065@N02,45.733886,4.884871,"show,music,concert,guitar,live,sing,singer,guitarist,musique,chant,mjc,chanteur,guitarre,guitariste,soubassophone,laennec,laënnec,soubas,thefatbastardgangband",The Fat Bastard Gang Band,0,6,19,2,2010,0,15,19,2,2010,,,
4369767483,36525065@N02,45.733886,4.884871,"show,music,concert,live,cajon,musique,mjc,laennec,laënnec,thefatbastardgangband",The Fat Bastard Gang Band,0,6,19,2,2010,0,15,19,2,2010,,,
4369767105,36525065@N02,45.733886,4.884871,"show,music,concert,guitar,live,sing,singer,guitarist,musique,chant,mjc,chanteur,guitarre,guitariste,laennec,laënnec,thefatbastardgangband",The Fat Bastard Gang Band,0,6,19,2,2010,0,15,19,2,2010,,,
4369759797,40936370@N00,45.837448,4.826248,"portrait,sculpture,france,mystery,museum,painting,ruins,jung,symbol,contemporaryart,secret,apocalypse,greatwork,freemasonry,ddc,sanctuary,alchemy,prophecy,999,vanitas,revelation,alchimia,alchemist,sanctuaire,paulocoelho,magnumopus,graal,gnosticism,dondedieu,materiaprima,nicolasflamel,artprice,salamanderspirit,organmuseum,saintromainaumontdor,andrébreton,demeureduchaos,thierryehrmann,alkimia,finis,alchemical,rubedo,prophétie,abodeofchaos,loeuvreaunoir,facteurcheval,palaisideal,grandoeuvre,alchemicalsymbol,francmaconnerie,citrinitas,fulcanelli,philosopherstone,albertlegrand,oswaldwirth,lespritdelasalamandre,nigredoalbedo,corpusjabirianum,alchimiespéculative,lemystèredescathédrales,lesdemeuresphilosophales,eugènecanseliet,latourbedesphilosophes,spagyrie,basilevalentin,rosariusphilosophorum,historyofalchemy,nucleartransmutation,khemeia,voiesèche,voiehumide,liberparagranum,artroyal,donumdei",Alchemy LXVIII - Alchimie _DDC4328,47,15,19,2,2010,55,14,19,2,2010,,,
4370508416,40936370@N00,45.837448,4.826248,"portrait,sculpture,france,mystery,museum,painting,ruins,jung,symbol,contemporaryart,secret,apocalypse,greatwork,freemasonry,ddc,sanctuary,alchemy,prophecy,999,vanitas,revelation,alchimia,alchemist,sanctuaire,paulocoelho,magnumopus,graal,gnosticism,dondedieu,materiaprima,nicolasflamel,artprice,salamanderspirit,organmuseum,saintromainaumontdor,andrébreton,demeureduchaos,thierryehrmann,alkimia,finis,alchemical,rubedo,prophétie,abodeofchaos,loeuvreaunoir,facteurcheval,palaisideal,grandoeuvre,alchemicalsymbol,francmaconnerie,citrinitas,fulcanelli,philosopherstone,albertlegrand,oswaldwirth,lespritdelasalamandre,nigredoalbedo,corpusjabirianum,alchimiespéculative,lemystèredescathédrales,lesdemeuresphilosophales,eugènecanseliet,latourbedesphilosophes,spagyrie,basilevalentin,rosariusphilosophorum,historyofalchemy,nucleartransmutation,khemeia,voiesèche,voiehumide,liberparagranum,artroyal,donumdei",Alchemy LXVIII - Alchimie _DDC4327,47,15,19,2,2010,55,14,19,2,2010,,,
4370508322,40936370@N00,45.837448,4.826248,"portrait,sculpture,france,mystery,museum,painting,ruins,jung,symbol,contemporaryart,secret,apocalypse,greatwork,freemasonry,ddc,sanctuary,alchemy,prophecy,999,vanitas,revelation,alchimia,alchemist,sanctuaire,paulocoelho,magnumopus,graal,gnosticism,dondedieu,materiaprima,nicolasflamel,artprice,salamanderspirit,organmuseum,saintromainaumontdor,andrébreton,demeureduchaos,thierryehrmann,alkimia,finis,alchemical,rubedo,prophétie,abodeofchaos,loeuvreaunoir,facteurcheval,palaisideal,grandoeuvre,alchemicalsymbol,francmaconnerie,citrinitas,fulcanelli,philosopherstone,albertlegrand,oswaldwirth,lespritdelasalamandre,nigredoalbedo,corpusjabirianum,alchimiespéculative,lemystèredescathédrales,lesdemeuresphilosophales,eugènecanseliet,latourbedesphilosophes,spagyrie,basilevalentin,rosariusphilosophorum,historyofalchemy,nucleartransmutation,khemeia,voiesèche,voiehumide,liberparagranum,artroyal,donumdei",Alchemy LXVIII - Alchimie _DDC4324,47,15,19,2,2010,55,14,19,2,2010,,,
4369759589,40936370@N00,45.837448,4.826248,"portrait,sculpture,france,mystery,museum,painting,ruins,jung,symbol,contemporaryart,secret,apocalypse,greatwork,freemasonry,ddc,sanctuary,alchemy,prophecy,999,vanitas,revelation,alchimia,alchemist,sanctuaire,paulocoelho,magnumopus,graal,gnosticism,dondedieu,materiaprima,nicolasflamel,artprice,salamanderspirit,organmuseum,saintromainaumontdor,andrébreton,demeureduchaos,thierryehrmann,alkimia,finis,alchemical,rubedo,prophétie,abodeofchaos,loeuvreaunoir,facteurcheval,palaisideal,grandoeuvre,alchemicalsymbol,francmaconnerie,citrinitas,fulcanelli,philosopherstone,albertlegrand,oswaldwirth,lespritdelasalamandre,nigredoalbedo,corpusjabirianum,alchimiespéculative,lemystèredescathédrales,lesdemeuresphilosophales,eugènecanseliet,latourbedesphilosophes,spagyrie,basilevalentin,rosariusphilosophorum,historyofalchemy,nucleartransmutation,khemeia,voiesèche,voiehumide,liberparagranum,artroyal,donumdei",Alchemy LXVIII - Alchimie _DDC4314,44,15,19,2,2010,55,14,19,2,2010,,,
4382703084,11817998@N05,45.760655,4.846564,"365,iphone",50/365 - Badge,4,13,19,2,2010,6,13,19,2,2010,,,
4369383711,45018599@N05,45.761213,4.827075,"street,bw,lyon,nb,cathédrale,saintjean,sylvainmestre",Saint-jean,0,17,18,2,2010,15,10,19,2,2010,,,
4369963392,45454196@N02,45.764184,4.836366,"exposition,observer",Les envahisseurs,55,11,15,2,2010,52,7,19,2,2010,,,
4369170459,97211956@N00,45.744729,4.873595,dailypicture,123,16,10,19,12,2009,21,7,19,2,2010,,,
4368816514,13339562@N06,45.757066,4.839713,"lyon,reflets,curie,guillotière,sanggi",Reflets de Curie,41,18,18,2,2010,32,21,18,2,2010,,,
4368813878,13339562@N06,45.758196,4.836580,"hotel,lyon,cygne,dieu,rhone,sanggi",Cygne d'eau,35,18,18,2,2010,31,21,18,2,2010,,,
4368809230,13339562@N06,45.759237,4.840078,"boat,lyon,q,rhone,guillotiere,sanggi",Gros Q,25,18,18,2,2010,29,21,18,2,2010,,,
4368677188,11817998@N05,45.760649,4.846391,"365,pylone,iphone",49/365 - Strange people,21,20,18,2,2010,26,20,18,2,2010,,,
4367572628,40292313@N08,45.757384,4.831618,bellecour,Bellecour sous la neige 2,51,14,19,12,2009,48,9,18,2,2010,,,
4366072774,11817998@N05,45.760411,4.848013,"sx70,365,iphone",48/365 - SX70 <3,23,20,17,2,2010,27,20,17,2,2010,,,
4365988730,26048905@N06,45.767558,4.833351,"ice,lyon,terreaux,poladroid",DSC_4166-pola,46,19,17,2,2010,47,19,17,2,2010,,,
4365191383,60878213@N00,45.761235,4.831023,"bridge,woman,yellow,scarf,river,frost,lyon,icy,saone",Yellow Scarf By the Saône,37,16,10,1,2010,23,19,17,2,2010,,,
4363604407,32709539@N07,45.759634,4.821592,lyon,,32,17,6,8,2009,5,4,17,2,2010,,,
4364344514,32709539@N07,45.759241,4.819543,lyon,,14,17,6,8,2009,5,4,17,2,2010,,,
4363603443,32709539@N07,45.758851,4.819393,lyon,,5,17,6,8,2009,5,4,17,2,2010,,,
4364343242,32709539@N07,45.758851,4.819393,lyon,Lounging,4,17,6,8,2009,5,4,17,2,2010,,,
4364342192,32709539@N07,45.762774,4.822783,lyon,,45,16,6,8,2009,4,4,17,2,2010,,,
4363601137,32709539@N07,45.762774,4.822783,lyon,,44,16,6,8,2009,4,4,17,2,2010,,,
4364341206,32709539@N07,45.762774,4.822783,lyon,,24,16,6,8,2009,4,4,17,2,2010,,,
4369549609,40936370@N00,45.837448,4.826248,"portrait,sculpture,france,mystery,museum,painting,ruins,jung,symbol,contemporaryart,secret,apocalypse,greatwork,freemasonry,ddc,sanctuary,alchemy,prophecy,999,vanitas,revelation,alchimia,alchemist,sanctuaire,paulocoelho,magnumopus,graal,gnosticism,dondedieu,materiaprima,nicolasflamel,artprice,salamanderspirit,organmuseum,saintromainaumontdor,andrébreton,demeureduchaos,thierryehrmann,alkimia,finis,alchemical,rubedo,prophétie,abodeofchaos,loeuvreaunoir,facteurcheval,palaisideal,grandoeuvre,alchemicalsymbol,francmaconnerie,citrinitas,fulcanelli,philosopherstone,albertlegrand,oswaldwirth,lespritdelasalamandre,nigredoalbedo,corpusjabirianum,alchimiespéculative,lemystèredescathédrales,lesdemeuresphilosophales,eugènecanseliet,latourbedesphilosophes,spagyrie,basilevalentin,rosariusphilosophorum,historyofalchemy,nucleartransmutation,khemeia,voiesèche,voiehumide,liberparagranum,artroyal,donumdei",Alchemy LXVII - Alchimie _DDC4307,13,13,19,2,2010,30,12,19,2,2010,,,
4369549575,40936370@N00,45.837448,4.826248,"portrait,sculpture,france,mystery,museum,painting,ruins,jung,symbol,contemporaryart,secret,apocalypse,greatwork,freemasonry,ddc,sanctuary,alchemy,prophecy,999,vanitas,revelation,alchimia,alchemist,sanctuaire,paulocoelho,magnumopus,graal,gnosticism,dondedieu,materiaprima,nicolasflamel,artprice,salamanderspirit,organmuseum,saintromainaumontdor,andrébreton,demeureduchaos,thierryehrmann,alkimia,finis,alchemical,rubedo,prophétie,abodeofchaos,loeuvreaunoir,facteurcheval,palaisideal,grandoeuvre,alchemicalsymbol,francmaconnerie,citrinitas,fulcanelli,philosopherstone,albertlegrand,oswaldwirth,lespritdelasalamandre,nigredoalbedo,corpusjabirianum,alchimiespéculative,lemystèredescathédrales,lesdemeuresphilosophales,eugènecanseliet,latourbedesphilosophes,spagyrie,basilevalentin,rosariusphilosophorum,historyofalchemy,nucleartransmutation,khemeia,voiesèche,voiehumide,liberparagranum,artroyal,donumdei",Alchemy LXVII - Alchimie _DDC4303,12,13,19,2,2010,30,12,19,2,2010,,,
4370298028,40936370@N00,45.837448,4.826248,"portrait,sculpture,france,mystery,museum,painting,ruins,jung,symbol,contemporaryart,secret,apocalypse,greatwork,freemasonry,ddc,sanctuary,alchemy,prophecy,999,vanitas,revelation,alchimia,alchemist,sanctuaire,paulocoelho,magnumopus,graal,gnosticism,dondedieu,materiaprima,nicolasflamel,artprice,salamanderspirit,organmuseum,saintromainaumontdor,andrébreton,demeureduchaos,thierryehrmann,alkimia,finis,alchemical,rubedo,prophétie,abodeofchaos,loeuvreaunoir,facteurcheval,palaisideal,grandoeuvre,alchemicalsymbol,francmaconnerie,citrinitas,fulcanelli,philosopherstone,albertlegrand,oswaldwirth,lespritdelasalamandre,nigredoalbedo,corpusjabirianum,alchimiespéculative,lemystèredescathédrales,lesdemeuresphilosophales,eugènecanseliet,latourbedesphilosophes,spagyrie,basilevalentin,rosariusphilosophorum,historyofalchemy,nucleartransmutation,khemeia,voiesèche,voiehumide,liberparagranum,artroyal,donumdei",Alchemy LXVII - Alchimie _DDC4296,11,13,19,2,2010,30,12,19,2,2010,,,
4363599895,32709539@N07,45.762774,4.822783,lyon,Tipped Over Trashcan,10,16,6,8,2009,4,4,17,2,2010,,,
4364339232,32709539@N07,45.762774,4.822783,lyon,,9,16,6,8,2009,3,4,17,2,2010,,,
4364338168,32709539@N07,45.762774,4.822783,lyon,,6,16,6,8,2009,2,4,17,2,2010,,,
4363596329,32709539@N07,45.762774,4.822783,lyon,,5,16,6,8,2009,2,4,17,2,2010,,,
4363595419,32709539@N07,45.762774,4.822783,lyon,,5,16,6,8,2009,2,4,17,2,2010,,,
4363594529,32709539@N07,45.762759,4.822075,lyon,,3,16,6,8,2009,1,4,17,2,2010,,,
4363593833,32709539@N07,45.762482,4.822086,"lyon,basilicaofnotredamedefourvière,dopplr:explore=dja1",,58,15,6,8,2009,1,4,17,2,2010,,,
4364334048,32709539@N07,45.762482,4.822086,"lyon,basilicaofnotredamedefourvière,dopplr:explore=dja1",,55,15,6,8,2009,0,4,17,2,2010,,,
4363592545,32709539@N07,45.762482,4.822086,"lyon,basilicaofnotredamedefourvière,dopplr:explore=dja1",,53,15,6,8,2009,0,4,17,2,2010,,,
4363592249,32709539@N07,45.762482,4.822086,"lyon,basilicaofnotredamedefourvière,dopplr:explore=dja1",,52,15,6,8,2009,0,4,17,2,2010,,,
4363591967,32709539@N07,45.762482,4.822086,"france,candles,lyon,basilicaofnotredamedefourvière,dopplr:explore=dja1",,49,15,6,8,2009,0,4,17,2,2010,,,
4363591617,32709539@N07,45.762482,4.822086,"france,candles,lyon,basilicaofnotredamedefourvière,dopplr:explore=dja1",,47,15,6,8,2009,0,4,17,2,2010,,,
4364331966,32709539@N07,45.762482,4.822086,"france,lyon,bokeh,basilicaofnotredamedefourvière,dopplr:explore=dja1",,46,15,6,8,2009,59,3,17,2,2010,,,
4364331652,32709539@N07,45.762482,4.822086,"lyon,basilicaofnotredamedefourvière,dopplr:explore=dja1",,43,15,6,8,2009,59,3,17,2,2010,,,
4363589993,32709539@N07,45.762482,4.822086,"france,candles,lyon,basilicaofnotredamedefourvière,dopplr:explore=dja1",,42,15,6,8,2009,59,3,17,2,2010,,,
4364321872,32709539@N07,45.763080,4.827836,lyon,Cafe,15,14,6,8,2009,54,3,17,2,2010,,,
4363580227,32709539@N07,45.763080,4.827836,lyon,,0,14,6,8,2009,54,3,17,2,2010,,,
4363579679,32709539@N07,45.763080,4.827836,lyon,Dessert,59,13,6,8,2009,54,3,17,2,2010,,,
4364320264,32709539@N07,45.763080,4.827836,lyon,,34,13,6,8,2009,54,3,17,2,2010,,,
4364319568,32709539@N07,45.763080,4.827836,lyon,Salad,11,13,6,8,2009,53,3,17,2,2010,,,
4363578047,32709539@N07,45.763080,4.827836,lyon,,50,12,6,8,2009,53,3,17,2,2010,,,
4364318528,32709539@N07,45.759357,4.824274,lyon,Breakfast,27,9,6,8,2009,53,3,17,2,2010,,,
4363576971,32709539@N07,45.759357,4.824274,lyon,,26,9,6,8,2009,53,3,17,2,2010,,,
4364317182,32709539@N07,45.759357,4.824274,lyon,,25,9,6,8,2009,52,3,17,2,2010,,,
4363575801,32709539@N07,45.759357,4.824274,lyon,,23,9,6,8,2009,52,3,17,2,2010,,,
4363575503,32709539@N07,45.759357,4.824274,lyon,Hungry,20,9,6,8,2009,52,3,17,2,2010,,,
4364315822,32709539@N07,45.759357,4.824274,lyon,,16,9,6,8,2009,52,3,17,2,2010,,,
4363574701,32709539@N07,45.759357,4.824274,lyon,,15,9,6,8,2009,52,3,17,2,2010,,,
4364314924,32709539@N07,45.759357,4.824274,lyon,,13,9,6,8,2009,51,3,17,2,2010,,,
4363734414,45717618@N00,45.758872,4.867681,"bokeh,day44,reveil,bokeh365",Bokeh - Day 44 : Wake up !,14,23,16,2,2010,19,23,16,2,2010,,,
4363433486,13339562@N06,45.758107,4.834316,"noir,lyon,nb,blanc,sanggi",Smoker & newspaper,55,17,16,2,2010,16,21,16,2,2010,,,
4363428006,13339562@N06,45.759521,4.834971,"noir,lyon,nb,blanc,sanggi",Relooking,29,17,16,2,2010,14,21,16,2,2010,,,
4363420030,13339562@N06,45.771983,4.834799,"noir,lyon,nb,blanc,rousse,croix,cour,voraces,canuts,sanggi",Voraces,35,16,16,2,2010,10,21,16,2,2010,,,
4362401281,31421324@N02,45.761056,4.830862,,Quais de Saone,36,20,26,11,2007,15,19,16,2,2010,,,
4363119486,31421324@N02,45.759469,4.829210,,Lions_06,55,13,19,4,2008,5,19,16,2,2010,,,
4367893957,11817998@N05,45.760649,4.846391,"365,iphone",47/365 - Ektachrome 13*18 chambre Sinar,4,17,16,2,2010,10,17,16,2,2010,,,
4362490200,26048905@N06,45.763345,4.829735,"vintage,lomo,lyon",DSC_3208,22,13,6,2,2010,5,14,16,2,2010,,,
4361508523,29161621@N03,45.832798,4.793246,"snow,neige,restaurent,montagnards,auxmontagnards",Aux montagnards,6,11,16,2,2010,6,11,16,2,2010,,,
4362204420,13814311@N00,45.757287,4.834789,"street,ladies,france,walking,french,restaurant,women,lyon,lane,rue,ruedesmarronniers",Rue des Marronniers,38,23,12,2,2010,30,10,16,2,2010,,,
4361408749,24380554@N05,45.761485,4.833452,,boulangerie,54,12,11,12,2009,51,9,16,2,2010,,,
4362147660,24380554@N05,45.760943,4.826917,,in chiesa,18,12,11,12,2009,49,9,16,2,2010,,,
4361399855,24380554@N05,45.760498,4.826624,,lyon,8,12,11,12,2009,45,9,16,2,2010,,,
4361398243,24380554@N05,45.760943,4.826917,,fourviere,55,11,11,12,2009,44,9,16,2,2010,,,
4361910822,97211956@N00,45.767897,4.835400,"drums,dailypicture,triphase,paceo",Anne Paceo,15,22,9,7,2008,20,7,16,2,2010,,,
4360496606,45018599@N05,45.771055,4.829993,sylvainmestre,"View from ""rue des tables Claudiennes""",9,17,27,12,2009,48,21,15,2,2010,,,
4359753183,45018599@N05,45.771654,4.829306,"bw,france,lyon,nb,belltower,frame,clochet,bonpasteur,rueneyret,sylvainmestre",In the frame!,25,17,27,12,2009,47,21,15,2,2010,,,
4360483016,45717618@N00,45.758872,4.867681,"bokeh,day43,gateau,napolitain,bokeh365",Bokeh - Day 43 : Simulacre italien,5,21,15,2,2010,43,21,15,2,2010,,,
4358571037,34921672@N00,45.767211,4.859800,"geotagged,frankreich,fra,rhônealpes,geo:lat=4576721000,geo:lon=485980100,lyon06",dia-03997,18,15,2,1,2010,44,13,15,2,2010,,,
4358568429,34921672@N00,45.767211,4.859800,"geotagged,frankreich,fra,rhônealpes,geo:lat=4576721000,geo:lon=485980100,lyon06",dia-03996,15,15,2,1,2010,42,13,15,2,2010,,,
4360182378,34992495@N04,45.755008,4.844058,"de,book,lyon,du,doigt,pont,livre,dahl,roald,lautre,magique,côté",Le doigt magique,40,18,15,2,2010,58,19,15,2,2010,,,
4358490921,11817998@N05,45.760649,4.846391,"juno,iphone",46/365 - I call you from hamburger phone,46,12,15,2,2010,53,12,15,2,2010,,,
4359211634,16197488@N06,45.751332,4.844874,"café,bar,lyon,rue,thibault,gens,guillotière,chezthibault,cafédescultures",,55,21,13,2,2010,36,12,15,2,2010,,,
4358468391,16197488@N06,45.751332,4.844874,"bar,lyon,thibault,gens,guillotière,chezthibault,cafédescultures",,20,21,13,2,2010,36,12,15,2,2010,,,
4358944734,24753829@N07,45.769027,4.817311,"france,lyon,fourvière",Lyon,45,0,29,8,2009,22,9,15,2,2010,,,
4358944052,24753829@N07,45.753080,4.829027,"france,lyon,placeampère","Place Ampère, Lyon",16,7,24,8,2009,21,9,15,2,2010,,,
4358939930,24753829@N07,45.767934,4.836044,"france,lyon,opéradelyon",Opéra de Lyon,51,3,21,8,2009,18,9,15,2,2010,,,
4358194691,24753829@N07,45.767272,4.832847,"france,lyon,placedesterreaux","Place des Terreaux, Lyon",41,3,21,8,2009,18,9,15,2,2010,,,
4358935206,24753829@N07,45.762100,4.821442,"france,lyon,fourvière","Fourvière, Lyon",6,2,21,8,2009,15,9,15,2,2010,,,
4358934228,24753829@N07,45.761161,4.820916,"france,lyon,fourvière","Fourvière, Lyon",3,2,21,8,2009,14,9,15,2,2010,,,
4358189203,24753829@N07,45.762729,4.827010,"france,lyon,vieuxlyon,rueduboeuf","Rue du Boeuf, Lyon",3,3,17,8,2009,14,9,15,2,2010,,,
4358932514,24753829@N07,45.759828,4.835829,"france,lyon",Lyon,32,21,16,8,2009,13,9,15,2,2010,,,
4358187279,24753829@N07,45.759319,4.829682,"france,lyon,fourvière,vieuxlyon,cathédralesaintjeanbaptistedelyon",Lyon,22,7,16,8,2009,12,9,15,2,2010,,,
4358146999,24753829@N07,45.752331,4.836784,"france,lyon",Lyon,19,7,13,8,2009,44,8,15,2,2010,,,
4358145185,24753829@N07,45.762979,4.826774,"france,lyon,vieuxlyon,latourrose","La Tour Rose, Lyon",26,1,9,8,2009,43,8,15,2,2010,,,
4358886620,24753829@N07,45.756729,4.826838,"france,lyon",Lyon,10,8,8,8,2009,41,8,15,2,2010,,,
4358139901,24753829@N07,45.756658,4.826678,"france,lyon",Lyon,14,8,8,8,2009,40,8,15,2,2010,,,
4358883796,24753829@N07,45.757702,4.825315,"france,lyon,cathédralesaintjeanbaptistedelyon",Cathédrale Saint-Jean-Baptiste de Lyon,2,1,24,7,2009,39,8,15,2,2010,,,
4358135291,24753829@N07,45.757729,4.825519,"france,lyon,astronomicalclock,cathédralesaintjeanbaptistedelyon","Astronomical Clock, Lyon",53,0,24,7,2009,37,8,15,2,2010,,,
4358878600,24753829@N07,45.756561,4.826592,"france,lyon",Lyon,34,0,24,7,2009,36,8,15,2,2010,,,
4358128515,24753829@N07,45.753896,4.827214,"france,lyon,ainay,basiliquedainay","Basilique d'Ainay, Lyon",9,7,24,8,2009,33,8,15,2,2010,,,
4358127439,24753829@N07,45.753859,4.826688,"france,lyon,ainay,basiliquedainay","Basilique d'Ainay, Lyon",3,7,24,8,2009,32,8,15,2,2010,,,
4358126825,24753829@N07,45.762242,4.822472,"france,lyon,fourvière","Fourvière Interior, Lyon",17,2,21,8,2009,32,8,15,2,2010,,,
4358870656,24753829@N07,45.762321,4.821603,"france,lyon,fourvière","Fourvière, Lyon",9,2,21,8,2009,31,8,15,2,2010,,,
4358027701,97211956@N00,45.745169,4.871491,dailypicture,Bientôt sur cet écran,2,16,22,11,2009,27,7,15,2,2010,,,
4358688988,77338686@N00,45.768073,4.836215,"france,lyon,opéra",Opéra,17,19,26,1,2010,38,6,15,2,2010,,,
4357883244,13339562@N06,45.755142,4.840571,"lyon,an,chinois,tigre,pasteur,nouvel,7ème,guillotière,sanggi",Nouvel an chinois 2010,44,16,14,2,2010,37,0,15,2,2010,,,
4357878642,13339562@N06,45.755142,4.840571,"new,lyon,year,chinese,an,chinois,tigre,pasteur,nouvel,7ème,guillotière,sanggi",Nouvel an chinois 2010,54,15,14,2,2010,35,0,15,2,2010,,,
4357125785,13339562@N06,45.755142,4.840571,"new,lyon,year,chinese,an,chinois,tigre,pasteur,nouvel,7ème,guillotière,sanggi",Nouvel an chinois 2010,52,15,14,2,2010,33,0,15,2,2010,,,
4357868584,13339562@N06,45.755142,4.840571,"new,lyon,year,chinese,an,chinois,tigre,pasteur,nouvel,7ème,guillotière,sanggi",Nouvel an chinois 2010,51,15,14,2,2010,31,0,15,2,2010,,,
4357867272,9921546@N02,45.759795,4.831870,"panorama,lyon,pano,hdr,2010,célestins,nodalninja",Place des Célestins (Lyon),43,18,14,2,2010,31,0,15,2,2010,,,
4357116595,13339562@N06,45.755142,4.840571,"new,lyon,year,chinese,an,chinois,tigre,pasteur,nouvel,7ème,guillotière,sanggi",Nouvel an chinois 2010,47,15,14,2,2010,29,0,15,2,2010,,,
4357860306,13339562@N06,45.754368,4.840539,"new,lyon,year,chinese,an,chinois,tigre,pasteur,nouvel,7ème,guillotière,sanggi",Nouvel an chinois 2010,3,15,14,2,2010,28,0,15,2,2010,,,
4357853538,13339562@N06,45.754368,4.840539,"new,lyon,year,chinese,an,chinois,tigre,pasteur,nouvel,7ème,guillotière,sanggi",Nouvel an chinois 2010,59,14,14,2,2010,25,0,15,2,2010,,,
4357099159,13339562@N06,45.755142,4.840571,"new,lyon,year,chinese,an,chinois,tigre,pasteur,nouvel,7ème,guillotière,sanggi",Nouvel an chinois 2010,52,14,14,2,2010,22,0,15,2,2010,,,
4357752490,45717618@N00,45.758872,4.867681,"cat,chat,bokeh,billy,day42,bokeh365",Bokeh - Day 42 : Sad cat,52,18,14,2,2010,45,23,14,2,2010,,,
4356357907,31081440@N00,45.760427,4.833383,"france,lyon,rhône,francia,hdr,bellecour,placedesjacobins,thebestofday,gününeniyisi,sonyalpha200,plazadelosjacobinos",La Place des Jacobins,4,9,23,1,2010,51,19,14,2,2010,,,
4356991424,90493526@N00,45.776196,4.830422,"streetart,france,against,poster,europe,do,lyon,it,just,facism,affiche,croiixrousse","Sticker [Lyon, France]",57,16,13,2,2010,10,19,14,2,2010,,,
4356644194,60647695@N00,45.766192,4.828480,"restaurant,lyon,sortie,nuit,bony,mayapress",Lyon,57,7,14,2,2010,57,16,14,2,2010,,,
4355897607,60647695@N00,45.764485,4.828126,"lyon,sortie,nuit,bony,mayapress",Lyon,57,7,14,2,2010,57,16,14,2,2010,,,
4356643670,60647695@N00,45.765010,4.828727,"lyon,glacier,sortie,nuit,glace,bony,mayapress",Lyon,57,7,14,2,2010,57,16,14,2,2010,,,
4356643416,60647695@N00,45.767628,4.833276,"france,lyon,69,2010,fevrier,bartholdi,bony,terreaux,ontaine,mayapress","Lyon Fontaine Bartholdi, Terreaux",12,13,13,2,2010,57,16,14,2,2010,,,
4355576555,40431347@N02,45.748622,4.831323,"road,bridge,tree,nature,car,geotagged,lyon,little,voiture,route,pont,environment,strong,lonely,network,fighting,arbre,tramway,voirie,géotaggé",Strong nature 1,11,16,27,4,2009,26,14,14,2,2010,,,
4356058910,45717618@N00,45.765030,4.920104,"bokeh,day41,gateau,bokeh365",Bokeh - Day 41 : Miam Miam !,46,22,13,2,2010,43,11,14,2,2010,,,
4355024964,13339562@N06,45.760352,4.835507,"dog,chien,lyon,rue,république,pompier,sanggi",wait,41,17,13,2,2010,8,1,14,2,2010,,,
4355020928,13339562@N06,45.760352,4.835507,"place,lyon,hiver,nb,rue,république,gaufre,sanggi",plaisir sucré,30,17,13,2,2010,6,1,14,2,2010,,,
4354159592,61987244@N00,45.762141,4.823523,"city,rainbow,lyon,ville,arcenciel,fourvière",Lyon depuis Fourvière,42,17,6,2,2010,33,18,13,2,2010,,,
4352600684,26173098@N00,45.699631,4.941516,,,17,1,13,2,2010,16,1,13,2,2010,,,
4351757393,45717618@N00,45.758872,4.867681,"happy,bokeh,snoopy,day40,bokeh365",Bokeh - Day 40 : Happy,13,0,13,2,2010,21,0,13,2,2010,,,
4574661234,46605395@N06,45.746500,4.858000,fac,Étudiants de la fac,57,11,12,2,2010,57,11,12,2,2010,,,
4574659950,46605395@N06,45.747333,4.858166,fac,Étudiants de la fac,57,11,12,2,2010,57,11,12,2,2010,,,
4350990752,26173098@N00,45.740255,4.893461,,,38,9,12,2,2010,36,9,12,2,2010,,,
4350833630,97211956@N00,45.774628,4.832997,"sunglasses,dailypicture",Two pairs,45,14,27,7,2008,27,7,12,2,2010,,,
4349743206,45717618@N00,45.758872,4.867681,"bokeh,day39,chocolat,moelleux,bokeh365",Bokeh - Day 39 : Petits plaisirs du soir,37,20,11,2,2010,47,21,11,2,2010,,,
4348476430,29405031@N05,45.768555,4.839520,lyon,P1020708,36,17,30,1,2010,45,9,11,2,2010,,,
4347453591,22872308@N00,45.755913,4.835486,,flower_tree_crop,8,18,4,6,2009,26,6,11,2,2010,,,
4347337306,45717618@N00,45.758872,4.867681,"bokeh,chocolate,nutella,day38,chocolat,bokeh365",Bokeh - Day 38 : péché mignon !,19,23,10,2,2010,25,23,10,2,2010,,,
4346847220,26173098@N00,45.750507,4.801461,,,3,20,10,2,2010,2,20,10,2,2010,,,
4346844658,26173098@N00,45.749444,4.803859,,,2,20,10,2,2010,1,20,10,2,2010,,,
4344938681,40292313@N08,45.760629,4.835636,,Je vole...,25,15,6,2,2010,33,7,10,2,2010,,,
4344278545,11817998@N05,45.760626,4.846310,"365,iphone",41/365 - Jeux d'enfants,38,1,10,2,2010,40,1,10,2,2010,,,
4344669534,22383511@N06,45.762223,4.822654,"france,marie,lyon,ange,lion,ville,basilique,fourviere,origine,fourvière,vierge,embleme,pjprod",Le Lyon Divin,46,18,26,11,2008,56,22,9,2,2010,,,
4343928913,45717618@N00,45.758872,4.867681,"bokeh,mozilla,day37,bokeh365","Bokeh - Day 37 : Souvenirs, souvenirs !",48,22,9,2,2010,54,22,9,2,2010,,,
4356987409,11817998@N05,45.760649,4.846391,"365,iphone",45/365 - Tartiflette,31,21,9,2,2010,39,21,9,2,2010,,,
4343612459,75445510@N00,45.761853,4.836859,"snow,building,rain,lyon,pluie,neige,immeuble,iphone,polarize",Reflection,37,20,9,2,2010,37,20,9,2,2010,,,
4343225205,40936370@N00,45.837545,4.826130,"portrait,sculpture,streetart,france,art,mystery,museum,architecture,painting,graffiti,ruins,rawart,outsiderart,chaos,symbol,contemporaryart,secret,911,apocalypse,taz,peinture,eros,container,freemasonry,anarchy,tvshow,artbrut,ddc,sanctuary,worldwar,mystic,cyberpunk,landart,devastation,alchemy,modernsculpture,prophecy,999,vanitas,revelation,endoftheworld,paulmerton,sanctuaire,postapocalyptic,dadaisme,artprice,salamanderspirit,organmuseum,saintromainaumontdor,demeureduchaos,thierryehrmann,alchimie,artsingulier,channelfive,prophétie,abodeofchaos,facteurcheval,palaisideal,postapocalyptique,visionaryarchitecture,maisondartiste,artistshouses,sculpturemoderne,francmaconnerie,gesamtkuntwerk,groupeserveur,lespritdelasalamandre,servergroup,paulmertonineurope",Paul Merton @ the Abode of Chaos - 19,7,14,9,2,2010,40,17,9,2,2010,,,
4343961448,40936370@N00,45.837545,4.826130,"portrait,sculpture,streetart,france,art,mystery,museum,architecture,painting,graffiti,ruins,rawart,outsiderart,chaos,symbol,contemporaryart,secret,911,apocalypse,taz,peinture,eros,container,freemasonry,anarchy,tvshow,artbrut,ddc,sanctuary,worldwar,mystic,cyberpunk,landart,devastation,alchemy,modernsculpture,prophecy,999,vanitas,revelation,endoftheworld,paulmerton,sanctuaire,postapocalyptic,dadaisme,artprice,salamanderspirit,organmuseum,saintromainaumontdor,demeureduchaos,thierryehrmann,alchimie,artsingulier,channelfive,prophétie,abodeofchaos,facteurcheval,palaisideal,postapocalyptique,visionaryarchitecture,maisondartiste,artistshouses,sculpturemoderne,francmaconnerie,gesamtkuntwerk,groupeserveur,lespritdelasalamandre,servergroup,paulmertonineurope",Paul Merton @ the Abode of Chaos - 18,7,14,9,2,2010,40,17,9,2,2010,,,
4343225067,40936370@N00,45.837545,4.826130,"portrait,sculpture,streetart,france,art,mystery,museum,architecture,painting,graffiti,ruins,rawart,outsiderart,chaos,symbol,contemporaryart,secret,911,apocalypse,taz,peinture,eros,container,freemasonry,anarchy,tvshow,artbrut,ddc,sanctuary,worldwar,mystic,cyberpunk,landart,devastation,alchemy,modernsculpture,prophecy,999,vanitas,revelation,endoftheworld,paulmerton,sanctuaire,postapocalyptic,dadaisme,artprice,salamanderspirit,organmuseum,saintromainaumontdor,demeureduchaos,thierryehrmann,alchimie,artsingulier,channelfive,prophétie,abodeofchaos,facteurcheval,palaisideal,postapocalyptique,visionaryarchitecture,maisondartiste,artistshouses,sculpturemoderne,francmaconnerie,gesamtkuntwerk,groupeserveur,lespritdelasalamandre,servergroup,paulmertonineurope",Paul Merton @ the Abode of Chaos - 17,6,14,9,2,2010,40,17,9,2,2010,,,
4343224987,40936370@N00,45.837545,4.826130,"portrait,sculpture,streetart,france,art,mystery,museum,architecture,painting,graffiti,ruins,rawart,outsiderart,chaos,symbol,contemporaryart,secret,911,apocalypse,taz,peinture,eros,container,freemasonry,anarchy,tvshow,artbrut,ddc,sanctuary,worldwar,mystic,cyberpunk,landart,devastation,alchemy,modernsculpture,prophecy,999,vanitas,revelation,endoftheworld,paulmerton,sanctuaire,postapocalyptic,dadaisme,artprice,salamanderspirit,organmuseum,saintromainaumontdor,demeureduchaos,thierryehrmann,alchimie,artsingulier,channelfive,prophétie,abodeofchaos,facteurcheval,palaisideal,postapocalyptique,visionaryarchitecture,maisondartiste,artistshouses,sculpturemoderne,francmaconnerie,gesamtkuntwerk,groupeserveur,lespritdelasalamandre,servergroup,paulmertonineurope",Paul Merton @ the Abode of Chaos - 16,6,14,9,2,2010,40,17,9,2,2010,,,
4343961208,40936370@N00,45.837545,4.826130,"portrait,sculpture,streetart,france,art,mystery,museum,architecture,painting,graffiti,ruins,rawart,outsiderart,chaos,symbol,contemporaryart,secret,911,apocalypse,taz,peinture,eros,container,freemasonry,anarchy,tvshow,artbrut,ddc,sanctuary,worldwar,mystic,cyberpunk,landart,devastation,alchemy,modernsculpture,prophecy,999,vanitas,revelation,endoftheworld,paulmerton,sanctuaire,postapocalyptic,dadaisme,artprice,salamanderspirit,organmuseum,saintromainaumontdor,demeureduchaos,thierryehrmann,alchimie,artsingulier,channelfive,prophétie,abodeofchaos,facteurcheval,palaisideal,postapocalyptique,visionaryarchitecture,maisondartiste,artistshouses,sculpturemoderne,francmaconnerie,gesamtkuntwerk,groupeserveur,lespritdelasalamandre,servergroup,paulmertonineurope",Paul Merton @ the Abode of Chaos - 15,6,14,9,2,2010,40,17,9,2,2010,,,
4343961126,40936370@N00,45.837545,4.826130,"portrait,sculpture,streetart,france,art,mystery,museum,architecture,painting,graffiti,ruins,rawart,outsiderart,chaos,symbol,contemporaryart,secret,911,apocalypse,taz,peinture,eros,container,freemasonry,anarchy,tvshow,artbrut,ddc,sanctuary,worldwar,mystic,cyberpunk,landart,devastation,alchemy,modernsculpture,prophecy,999,vanitas,revelation,endoftheworld,paulmerton,sanctuaire,postapocalyptic,dadaisme,artprice,salamanderspirit,organmuseum,saintromainaumontdor,demeureduchaos,thierryehrmann,alchimie,artsingulier,channelfive,prophétie,abodeofchaos,facteurcheval,palaisideal,postapocalyptique,visionaryarchitecture,maisondartiste,artistshouses,sculpturemoderne,francmaconnerie,gesamtkuntwerk,groupeserveur,lespritdelasalamandre,servergroup,paulmertonineurope",Paul Merton @ the Abode of Chaos - 14,6,14,9,2,2010,39,17,9,2,2010,,,
4343961066,40936370@N00,45.837545,4.826130,"portrait,sculpture,streetart,france,art,mystery,museum,architecture,painting,graffiti,ruins,rawart,outsiderart,chaos,symbol,contemporaryart,secret,911,apocalypse,taz,peinture,eros,container,freemasonry,anarchy,tvshow,artbrut,ddc,sanctuary,worldwar,mystic,cyberpunk,landart,devastation,alchemy,modernsculpture,prophecy,999,vanitas,revelation,endoftheworld,paulmerton,sanctuaire,postapocalyptic,dadaisme,artprice,salamanderspirit,organmuseum,saintromainaumontdor,demeureduchaos,thierryehrmann,alchimie,artsingulier,channelfive,prophétie,abodeofchaos,facteurcheval,palaisideal,postapocalyptique,visionaryarchitecture,maisondartiste,artistshouses,sculpturemoderne,francmaconnerie,gesamtkuntwerk,groupeserveur,lespritdelasalamandre,servergroup,paulmertonineurope",Paul Merton @ the Abode of Chaos - 13,5,14,9,2,2010,39,17,9,2,2010,,,
4343224677,40936370@N00,45.837545,4.826130,"portrait,sculpture,streetart,france,art,mystery,museum,architecture,painting,graffiti,ruins,rawart,outsiderart,chaos,symbol,contemporaryart,secret,911,apocalypse,taz,peinture,eros,container,freemasonry,anarchy,tvshow,artbrut,ddc,sanctuary,worldwar,mystic,cyberpunk,landart,devastation,alchemy,modernsculpture,prophecy,999,vanitas,revelation,endoftheworld,paulmerton,sanctuaire,postapocalyptic,dadaisme,artprice,salamanderspirit,organmuseum,saintromainaumontdor,demeureduchaos,thierryehrmann,alchimie,artsingulier,channelfive,prophétie,abodeofchaos,facteurcheval,palaisideal,postapocalyptique,visionaryarchitecture,maisondartiste,artistshouses,sculpturemoderne,francmaconnerie,gesamtkuntwerk,groupeserveur,lespritdelasalamandre,servergroup,paulmertonineurope",Paul Merton @ the Abode of Chaos - 12,5,14,9,2,2010,39,17,9,2,2010,,,
4343960878,40936370@N00,45.837545,4.826130,"portrait,sculpture,streetart,france,art,mystery,museum,architecture,painting,graffiti,ruins,rawart,outsiderart,chaos,symbol,contemporaryart,secret,911,apocalypse,taz,peinture,eros,container,freemasonry,anarchy,tvshow,artbrut,ddc,sanctuary,worldwar,mystic,cyberpunk,landart,devastation,alchemy,modernsculpture,prophecy,999,vanitas,revelation,endoftheworld,paulmerton,sanctuaire,postapocalyptic,dadaisme,artprice,salamanderspirit,organmuseum,saintromainaumontdor,demeureduchaos,thierryehrmann,alchimie,artsingulier,channelfive,prophétie,abodeofchaos,facteurcheval,palaisideal,postapocalyptique,visionaryarchitecture,maisondartiste,artistshouses,sculpturemoderne,francmaconnerie,gesamtkuntwerk,groupeserveur,lespritdelasalamandre,servergroup,paulmertonineurope",Paul Merton @ the Abode of Chaos - 11,5,14,9,2,2010,39,17,9,2,2010,,,
4343224475,40936370@N00,45.837545,4.826130,"portrait,sculpture,streetart,france,art,mystery,museum,architecture,painting,graffiti,ruins,rawart,outsiderart,chaos,symbol,contemporaryart,secret,911,apocalypse,taz,peinture,eros,container,freemasonry,anarchy,tvshow,artbrut,ddc,sanctuary,worldwar,mystic,cyberpunk,landart,devastation,alchemy,modernsculpture,prophecy,999,vanitas,revelation,endoftheworld,paulmerton,sanctuaire,postapocalyptic,dadaisme,artprice,salamanderspirit,organmuseum,saintromainaumontdor,demeureduchaos,thierryehrmann,alchimie,artsingulier,channelfive,prophétie,abodeofchaos,facteurcheval,palaisideal,postapocalyptique,visionaryarchitecture,maisondartiste,artistshouses,sculpturemoderne,francmaconnerie,gesamtkuntwerk,groupeserveur,lespritdelasalamandre,servergroup,paulmertonineurope",Paul Merton @ the Abode of Chaos - 10,5,14,9,2,2010,39,17,9,2,2010,,,
4343224395,40936370@N00,45.837545,4.826130,"portrait,sculpture,streetart,france,art,mystery,museum,architecture,painting,graffiti,ruins,rawart,outsiderart,chaos,symbol,contemporaryart,secret,911,apocalypse,taz,peinture,eros,container,freemasonry,anarchy,tvshow,artbrut,ddc,sanctuary,worldwar,mystic,cyberpunk,landart,devastation,alchemy,modernsculpture,prophecy,999,vanitas,revelation,endoftheworld,paulmerton,sanctuaire,postapocalyptic,dadaisme,artprice,salamanderspirit,organmuseum,saintromainaumontdor,demeureduchaos,thierryehrmann,alchimie,artsingulier,channelfive,prophétie,abodeofchaos,facteurcheval,palaisideal,postapocalyptique,visionaryarchitecture,maisondartiste,artistshouses,sculpturemoderne,francmaconnerie,gesamtkuntwerk,groupeserveur,lespritdelasalamandre,servergroup,paulmertonineurope",Paul Merton @ the Abode of Chaos - 9,5,14,9,2,2010,39,17,9,2,2010,,,
4343960604,40936370@N00,45.837545,4.826130,"portrait,sculpture,streetart,france,art,mystery,museum,architecture,painting,graffiti,ruins,rawart,outsiderart,chaos,symbol,contemporaryart,secret,911,apocalypse,taz,peinture,eros,container,freemasonry,anarchy,tvshow,artbrut,ddc,sanctuary,worldwar,mystic,cyberpunk,landart,devastation,alchemy,modernsculpture,prophecy,999,vanitas,revelation,endoftheworld,paulmerton,sanctuaire,postapocalyptic,dadaisme,artprice,salamanderspirit,organmuseum,saintromainaumontdor,demeureduchaos,thierryehrmann,alchimie,artsingulier,channelfive,prophétie,abodeofchaos,facteurcheval,palaisideal,postapocalyptique,visionaryarchitecture,maisondartiste,artistshouses,sculpturemoderne,francmaconnerie,gesamtkuntwerk,groupeserveur,lespritdelasalamandre,servergroup,paulmertonineurope",Paul Merton @ the Abode of Chaos - 8,4,14,9,2,2010,39,17,9,2,2010,,,
4343960516,40936370@N00,45.837545,4.826130,"portrait,sculpture,streetart,france,art,mystery,museum,architecture,painting,graffiti,ruins,rawart,outsiderart,chaos,symbol,contemporaryart,secret,911,apocalypse,taz,peinture,eros,container,freemasonry,anarchy,tvshow,artbrut,ddc,sanctuary,worldwar,mystic,cyberpunk,landart,devastation,alchemy,modernsculpture,prophecy,999,vanitas,revelation,endoftheworld,paulmerton,sanctuaire,postapocalyptic,dadaisme,artprice,salamanderspirit,organmuseum,saintromainaumontdor,demeureduchaos,thierryehrmann,alchimie,artsingulier,channelfive,prophétie,abodeofchaos,facteurcheval,palaisideal,postapocalyptique,visionaryarchitecture,maisondartiste,artistshouses,sculpturemoderne,francmaconnerie,gesamtkuntwerk,groupeserveur,lespritdelasalamandre,servergroup,paulmertonineurope",Paul Merton @ the Abode of Chaos - 7,4,14,9,2,2010,39,17,9,2,2010,,,
4343224169,40936370@N00,45.837545,4.826130,"portrait,sculpture,streetart,france,art,mystery,museum,architecture,painting,graffiti,ruins,rawart,outsiderart,chaos,symbol,contemporaryart,secret,911,apocalypse,taz,peinture,eros,container,freemasonry,anarchy,tvshow,artbrut,ddc,sanctuary,worldwar,mystic,cyberpunk,landart,devastation,alchemy,modernsculpture,prophecy,999,vanitas,revelation,endoftheworld,paulmerton,sanctuaire,postapocalyptic,dadaisme,artprice,salamanderspirit,organmuseum,saintromainaumontdor,demeureduchaos,thierryehrmann,alchimie,artsingulier,channelfive,prophétie,abodeofchaos,facteurcheval,palaisideal,postapocalyptique,visionaryarchitecture,maisondartiste,artistshouses,sculpturemoderne,francmaconnerie,gesamtkuntwerk,groupeserveur,lespritdelasalamandre,servergroup,paulmertonineurope",Paul Merton @ the Abode of Chaos - 6,4,14,9,2,2010,39,17,9,2,2010,,,
4343224097,40936370@N00,45.837545,4.826130,"portrait,sculpture,streetart,france,art,mystery,museum,architecture,painting,graffiti,ruins,rawart,outsiderart,chaos,symbol,contemporaryart,secret,911,apocalypse,taz,peinture,eros,container,freemasonry,anarchy,tvshow,artbrut,ddc,sanctuary,worldwar,mystic,cyberpunk,landart,devastation,alchemy,modernsculpture,prophecy,999,vanitas,revelation,endoftheworld,paulmerton,sanctuaire,postapocalyptic,dadaisme,artprice,salamanderspirit,organmuseum,saintromainaumontdor,demeureduchaos,thierryehrmann,alchimie,artsingulier,channelfive,prophétie,abodeofchaos,facteurcheval,palaisideal,postapocalyptique,visionaryarchitecture,maisondartiste,artistshouses,sculpturemoderne,francmaconnerie,gesamtkuntwerk,groupeserveur,lespritdelasalamandre,servergroup,paulmertonineurope",Paul Merton @ the Abode of Chaos - 5,3,14,9,2,2010,39,17,9,2,2010,,,
4343224015,40936370@N00,45.837545,4.826130,"portrait,sculpture,streetart,france,art,mystery,museum,architecture,painting,graffiti,ruins,rawart,outsiderart,chaos,symbol,contemporaryart,secret,911,apocalypse,taz,peinture,eros,container,freemasonry,anarchy,tvshow,artbrut,ddc,sanctuary,worldwar,mystic,cyberpunk,landart,devastation,alchemy,modernsculpture,prophecy,999,vanitas,revelation,endoftheworld,paulmerton,sanctuaire,postapocalyptic,dadaisme,artprice,salamanderspirit,organmuseum,saintromainaumontdor,demeureduchaos,thierryehrmann,alchimie,artsingulier,channelfive,prophétie,abodeofchaos,facteurcheval,palaisideal,postapocalyptique,visionaryarchitecture,maisondartiste,artistshouses,sculpturemoderne,francmaconnerie,gesamtkuntwerk,groupeserveur,lespritdelasalamandre,servergroup,paulmertonineurope",Paul Merton @ the Abode of Chaos - 4,3,14,9,2,2010,39,17,9,2,2010,,,
4343960234,40936370@N00,45.837545,4.826130,"portrait,sculpture,streetart,france,art,mystery,museum,architecture,painting,graffiti,ruins,rawart,outsiderart,chaos,symbol,contemporaryart,secret,911,apocalypse,taz,peinture,eros,container,freemasonry,anarchy,tvshow,artbrut,ddc,sanctuary,worldwar,mystic,cyberpunk,landart,devastation,alchemy,modernsculpture,prophecy,999,vanitas,revelation,endoftheworld,paulmerton,sanctuaire,postapocalyptic,dadaisme,artprice,salamanderspirit,organmuseum,saintromainaumontdor,demeureduchaos,thierryehrmann,alchimie,artsingulier,channelfive,prophétie,abodeofchaos,facteurcheval,palaisideal,postapocalyptique,visionaryarchitecture,maisondartiste,artistshouses,sculpturemoderne,francmaconnerie,gesamtkuntwerk,groupeserveur,lespritdelasalamandre,servergroup,paulmertonineurope",Paul Merton @ the Abode of Chaos - 3,2,14,9,2,2010,39,17,9,2,2010,,,
4343960174,40936370@N00,45.837545,4.826130,"portrait,sculpture,streetart,france,art,mystery,museum,architecture,painting,graffiti,ruins,rawart,outsiderart,chaos,symbol,contemporaryart,secret,911,apocalypse,taz,peinture,eros,container,freemasonry,anarchy,tvshow,artbrut,ddc,sanctuary,worldwar,mystic,cyberpunk,landart,devastation,alchemy,modernsculpture,prophecy,999,vanitas,revelation,endoftheworld,paulmerton,sanctuaire,postapocalyptic,dadaisme,artprice,salamanderspirit,organmuseum,saintromainaumontdor,demeureduchaos,thierryehrmann,alchimie,artsingulier,channelfive,prophétie,abodeofchaos,facteurcheval,palaisideal,postapocalyptique,visionaryarchitecture,maisondartiste,artistshouses,sculpturemoderne,francmaconnerie,gesamtkuntwerk,groupeserveur,lespritdelasalamandre,servergroup,paulmertonineurope",Paul Merton @ the Abode of Chaos - 2,2,14,9,2,2010,39,17,9,2,2010,,,
4343223725,40936370@N00,45.837545,4.826130,"portrait,sculpture,streetart,france,art,mystery,museum,architecture,painting,graffiti,ruins,rawart,outsiderart,chaos,symbol,contemporaryart,secret,911,apocalypse,taz,peinture,eros,container,freemasonry,anarchy,tvshow,artbrut,ddc,sanctuary,worldwar,mystic,cyberpunk,landart,devastation,alchemy,modernsculpture,prophecy,999,vanitas,revelation,endoftheworld,paulmerton,sanctuaire,postapocalyptic,dadaisme,artprice,salamanderspirit,organmuseum,saintromainaumontdor,demeureduchaos,thierryehrmann,alchimie,artsingulier,channelfive,prophétie,abodeofchaos,facteurcheval,palaisideal,postapocalyptique,visionaryarchitecture,maisondartiste,artistshouses,sculpturemoderne,francmaconnerie,gesamtkuntwerk,groupeserveur,lespritdelasalamandre,servergroup,paulmertonineurope",Paul Merton @ the Abode of Chaos -1,2,14,9,2,2010,39,17,9,2,2010,,,
4343960004,40936370@N00,45.837545,4.826130,"portrait,sculpture,streetart,france,art,mystery,museum,architecture,painting,graffiti,ruins,rawart,outsiderart,chaos,symbol,contemporaryart,secret,911,apocalypse,taz,peinture,eros,container,freemasonry,anarchy,tvshow,artbrut,ddc,sanctuary,worldwar,mystic,cyberpunk,landart,devastation,alchemy,modernsculpture,prophecy,999,vanitas,revelation,endoftheworld,paulmerton,sanctuaire,postapocalyptic,dadaisme,artprice,salamanderspirit,organmuseum,saintromainaumontdor,demeureduchaos,thierryehrmann,alchimie,artsingulier,channelfive,prophétie,abodeofchaos,facteurcheval,palaisideal,postapocalyptique,visionaryarchitecture,maisondartiste,artistshouses,sculpturemoderne,francmaconnerie,gesamtkuntwerk,groupeserveur,lespritdelasalamandre,servergroup,paulmertonineurope",Paul Merton @ the Abode of Chaos - 00,1,14,9,2,2010,39,17,9,2,2010,,,
4343942694,40936370@N00,45.837545,4.826130,"portrait,sculpture,streetart,france,art,mystery,museum,architecture,painting,graffiti,ruins,rawart,outsiderart,chaos,symbol,contemporaryart,secret,911,apocalypse,taz,peinture,eros,container,freemasonry,anarchy,tvshow,artbrut,ddc,sanctuary,worldwar,mystic,cyberpunk,landart,devastation,alchemy,modernsculpture,prophecy,999,vanitas,revelation,endoftheworld,paulmerton,sanctuaire,postapocalyptic,dadaisme,artprice,salamanderspirit,organmuseum,saintromainaumontdor,demeureduchaos,thierryehrmann,alchimie,artsingulier,channelfive,prophétie,abodeofchaos,facteurcheval,palaisideal,postapocalyptique,visionaryarchitecture,maisondartiste,artistshouses,sculpturemoderne,francmaconnerie,gesamtkuntwerk,groupeserveur,lespritdelasalamandre,servergroup,paulmertonineurope",Paul Merton @ the Abode of Chaos - 21,31,17,9,2,2010,31,17,9,2,2010,,,
4343942574,40936370@N00,45.837545,4.826130,"portrait,sculpture,streetart,france,art,mystery,museum,architecture,painting,graffiti,ruins,rawart,outsiderart,chaos,symbol,contemporaryart,secret,911,apocalypse,taz,peinture,eros,container,freemasonry,anarchy,tvshow,artbrut,ddc,sanctuary,worldwar,mystic,cyberpunk,landart,devastation,alchemy,modernsculpture,prophecy,999,vanitas,revelation,endoftheworld,paulmerton,sanctuaire,postapocalyptic,dadaisme,artprice,salamanderspirit,organmuseum,saintromainaumontdor,demeureduchaos,thierryehrmann,alchimie,artsingulier,channelfive,prophétie,abodeofchaos,facteurcheval,palaisideal,postapocalyptique,visionaryarchitecture,maisondartiste,artistshouses,sculpturemoderne,francmaconnerie,gesamtkuntwerk,groupeserveur,lespritdelasalamandre,servergroup,paulmertonineurope",Paul Merton @ the Abode of Chaos - 20,31,17,9,2,2010,31,17,9,2,2010,,,
4343121292,24380554@N05,45.761485,4.833452,,vieux lion 01,4,19,13,12,2009,29,8,9,2,2010,,,
4342381855,24380554@N05,45.761485,4.833452,,luci,3,19,13,12,2009,27,8,9,2,2010,,,
4343115090,24380554@N05,45.761485,4.833452,,la volata,2,19,13,12,2009,24,8,9,2,2010,,,
4343112334,24380554@N05,45.761485,4.833452,,cafe,2,19,13,12,2009,22,8,9,2,2010,,,
4342368299,24380554@N05,45.761485,4.833452,,davanti alle lavagne,57,18,13,12,2009,16,8,9,2,2010,,,
4342362045,40292313@N08,45.760203,4.887027,,Il neige à Lyon,36,9,9,1,2010,11,8,9,2,2010,,,
4342361639,24380554@N05,45.761485,4.833452,,lum in aria,54,18,13,12,2009,11,8,9,2,2010,,,
4343096180,24380554@N05,45.761485,4.833452,,walking dontown,52,18,13,12,2009,9,8,9,2,2010,,,
4342356663,24380554@N05,45.761485,4.833452,,strati,52,18,13,12,2009,7,8,9,2,2010,,,
4342352185,24380554@N05,45.761485,4.833452,,smoking dog,51,18,13,12,2009,4,8,9,2,2010,,,
4343085742,24380554@N05,45.761485,4.833452,,finestra con lampione,49,18,13,12,2009,2,8,9,2,2010,,,
4343078398,24380554@N05,45.761485,4.833452,,vieux lion 03,48,18,13,12,2009,56,7,9,2,2010,,,
4343074352,24380554@N05,45.761485,4.833452,,viux lion 04,47,18,13,12,2009,53,7,9,2,2010,,,
4343072186,24380554@N05,45.761485,4.833452,,lardoisiere,46,18,13,12,2009,52,7,9,2,2010,,,
4343069984,24380554@N05,45.761485,4.833452,,vieux lion 06,45,18,13,12,2009,50,7,9,2,2010,,,
4342329265,24380554@N05,45.761485,4.833452,,vieux lion 08,43,18,13,12,2009,48,7,9,2,2010,,,
4342323689,24380554@N05,45.761485,4.833452,,albero di luce,43,18,13,12,2009,44,7,9,2,2010,,,
4342321199,24380554@N05,45.761485,4.833452,,vieux lion 10,37,18,13,12,2009,43,7,9,2,2010,,,
4343048464,24380554@N05,45.761485,4.833452,,galleria,27,16,13,12,2009,35,7,9,2,2010,,,
4341477617,31421324@N02,45.756535,4.839166,,Pont_Limo,41,20,30,5,2009,35,0,9,2,2010,,,
4341334186,40936370@N00,45.837448,4.826248,"portrait,sculpture,streetart,france,art,mystery,museum,architecture,painting,de,graffiti,la,ruins,rawart,outsiderart,chaos,symbol,mort,contemporaryart,secret,911,apocalypse,taz,peinture,container,electricity,inventor,genius,artbrut,rayon,ddc,sanctuary,cyberpunk,landart,scientist,nikolatesla,alchemy,modernsculpture,prophecy,999,vanitas,electromagnetism,électricité,sanctuaire,ingénieur,electricalengineer,mechanicalengineer,génie,dadaisme,artprice,salamanderspirit,organmuseum,saintromainaumontdor,demeureduchaos,thierryehrmann,alchimie,haarp,énergie,artsingulier,inventeur,prophétie,abodeofchaos,facteurcheval,palaisideal,postapocalyptique,maisondartiste,artistshouses,sculpturemoderne,николатесла,groupeserveur,lespritdelasalamandre,servergroup",Nikola Tesla painted portrait _DDC3447,37,17,8,2,2010,34,18,8,2,2010,,,
4341241386,40936370@N00,45.837448,4.826248,"portrait,sculpture,snow,streetart,france,art,mystery,museum,architecture,night,dark,painting,graffiti,ruins,rawart,outsiderart,chaos,symbol,contemporaryart,secret,911,apocalypse,taz,nuclear,peinture,eros,container,freemasonry,anarchy,artbrut,nuit,ddc,sanctuary,worldwar,bombing,mystic,cyberpunk,landart,devastation,alchemy,destroy,modernsculpture,prophecy,999,vanitas,endoftheworld,sanctuaire,dadaisme,artprice,salamanderspirit,organmuseum,saintromainaumontdor,demeureduchaos,thierryehrmann,alchimie,artsingulier,prophétie,abodeofchaos,facteurcheval,palaisideal,kurtehrmann,postapocalyptique,maisondartiste,artistshouses,sculpturemoderne,francmaconnerie,photosinterdites,gesamtkuntwerk,groupeserveur,lespritdelasalamandre,crashculture,servergroup",Ether (part 2) by Ehrmann's Crew K _DDC0682 1,30,22,9,1,2010,56,17,8,2,2010,,,
4341202584,40936370@N00,45.837448,4.826248,"portrait,sculpture,snow,streetart,france,art,mystery,museum,architecture,night,dark,painting,graffiti,ruins,rawart,outsiderart,chaos,symbol,contemporaryart,secret,911,apocalypse,taz,nuclear,peinture,eros,container,freemasonry,anarchy,artbrut,nuit,ddc,sanctuary,worldwar,bombing,mystic,cyberpunk,landart,devastation,alchemy,destroy,modernsculpture,prophecy,999,vanitas,endoftheworld,sanctuaire,dadaisme,artprice,salamanderspirit,organmuseum,saintromainaumontdor,demeureduchaos,thierryehrmann,alchimie,artsingulier,prophétie,abodeofchaos,facteurcheval,palaisideal,kurtehrmann,postapocalyptique,maisondartiste,artistshouses,sculpturemoderne,francmaconnerie,photosinterdites,gesamtkuntwerk,groupeserveur,lespritdelasalamandre,crashculture,servergroup",Ether (part 2) by Ehrmann's Crew K _DDC0769 (glissé(e)s),52,22,9,1,2010,40,17,8,2,2010,,,
4341202502,40936370@N00,45.837448,4.826248,"portrait,sculpture,snow,streetart,france,art,mystery,museum,architecture,night,dark,painting,graffiti,ruins,rawart,outsiderart,chaos,symbol,contemporaryart,secret,911,apocalypse,taz,nuclear,peinture,eros,container,freemasonry,anarchy,artbrut,nuit,ddc,sanctuary,worldwar,bombing,mystic,cyberpunk,landart,devastation,alchemy,destroy,modernsculpture,prophecy,999,vanitas,endoftheworld,sanctuaire,dadaisme,artprice,salamanderspirit,organmuseum,saintromainaumontdor,demeureduchaos,thierryehrmann,alchimie,artsingulier,prophétie,abodeofchaos,facteurcheval,palaisideal,kurtehrmann,postapocalyptique,maisondartiste,artistshouses,sculpturemoderne,francmaconnerie,photosinterdites,gesamtkuntwerk,groupeserveur,lespritdelasalamandre,crashculture,servergroup",Ether (part 2) by Ehrmann's Crew K _DDC3012 (glissé(e)s),50,0,2,2,2010,40,17,8,2,2010,,,
4341202352,40936370@N00,45.837448,4.826248,"portrait,sculpture,snow,streetart,france,art,mystery,museum,architecture,night,dark,painting,graffiti,ruins,rawart,outsiderart,chaos,symbol,contemporaryart,secret,911,apocalypse,taz,nuclear,peinture,eros,container,freemasonry,anarchy,artbrut,nuit,ddc,sanctuary,worldwar,bombing,mystic,cyberpunk,landart,devastation,alchemy,destroy,modernsculpture,prophecy,999,vanitas,endoftheworld,sanctuaire,dadaisme,artprice,salamanderspirit,organmuseum,saintromainaumontdor,demeureduchaos,thierryehrmann,alchimie,artsingulier,prophétie,abodeofchaos,facteurcheval,palaisideal,kurtehrmann,postapocalyptique,maisondartiste,artistshouses,sculpturemoderne,francmaconnerie,photosinterdites,gesamtkuntwerk,groupeserveur,lespritdelasalamandre,crashculture,servergroup",Ether (part 2) by Ehrmann's Crew K _DDC0699 (glissé(e)s),38,22,9,1,2010,40,17,8,2,2010,,,
4340422367,40936370@N00,45.837448,4.826248,"portrait,sculpture,snow,streetart,france,art,mystery,museum,architecture,night,dark,painting,graffiti,ruins,rawart,outsiderart,chaos,symbol,contemporaryart,secret,911,apocalypse,taz,nuclear,peinture,eros,container,freemasonry,anarchy,artbrut,nuit,ddc,sanctuary,worldwar,bombing,mystic,cyberpunk,landart,devastation,alchemy,destroy,modernsculpture,prophecy,999,vanitas,endoftheworld,sanctuaire,dadaisme,artprice,salamanderspirit,organmuseum,saintromainaumontdor,demeureduchaos,thierryehrmann,alchimie,artsingulier,prophétie,abodeofchaos,facteurcheval,palaisideal,kurtehrmann,postapocalyptique,maisondartiste,artistshouses,sculpturemoderne,francmaconnerie,photosinterdites,gesamtkuntwerk,groupeserveur,lespritdelasalamandre,crashculture,servergroup",Ether (part 2) by Ehrmann's Crew K _DDC3381,28,4,2,2,2010,25,17,8,2,2010,,,
4341166178,40936370@N00,45.837448,4.826248,"portrait,sculpture,snow,streetart,france,art,mystery,museum,architecture,night,dark,painting,graffiti,ruins,rawart,outsiderart,chaos,symbol,contemporaryart,secret,911,apocalypse,taz,nuclear,peinture,eros,container,freemasonry,anarchy,artbrut,nuit,ddc,sanctuary,worldwar,bombing,mystic,cyberpunk,landart,devastation,alchemy,destroy,modernsculpture,prophecy,999,vanitas,endoftheworld,sanctuaire,dadaisme,artprice,salamanderspirit,organmuseum,saintromainaumontdor,demeureduchaos,thierryehrmann,alchimie,artsingulier,prophétie,abodeofchaos,facteurcheval,palaisideal,kurtehrmann,postapocalyptique,maisondartiste,artistshouses,sculpturemoderne,francmaconnerie,photosinterdites,gesamtkuntwerk,groupeserveur,lespritdelasalamandre,crashculture,servergroup",Ether (part 2) by Ehrmann's Crew K _DDC3365,27,4,2,2,2010,25,17,8,2,2010,,,
4341166104,40936370@N00,45.837448,4.826248,"portrait,sculpture,snow,streetart,france,art,mystery,museum,architecture,night,dark,painting,graffiti,ruins,rawart,outsiderart,chaos,symbol,contemporaryart,secret,911,apocalypse,taz,nuclear,peinture,eros,container,freemasonry,anarchy,artbrut,nuit,ddc,sanctuary,worldwar,bombing,mystic,cyberpunk,landart,devastation,alchemy,destroy,modernsculpture,prophecy,999,vanitas,endoftheworld,sanctuaire,dadaisme,artprice,salamanderspirit,organmuseum,saintromainaumontdor,demeureduchaos,thierryehrmann,alchimie,artsingulier,prophétie,abodeofchaos,facteurcheval,palaisideal,kurtehrmann,postapocalyptique,maisondartiste,artistshouses,sculpturemoderne,francmaconnerie,photosinterdites,gesamtkuntwerk,groupeserveur,lespritdelasalamandre,crashculture,servergroup",Ether (part 2) by Ehrmann's Crew K _DDC3348,14,4,2,2,2010,25,17,8,2,2010,,,
4340422111,40936370@N00,45.837448,4.826248,"portrait,sculpture,snow,streetart,france,art,mystery,museum,architecture,night,dark,painting,graffiti,ruins,rawart,outsiderart,chaos,symbol,contemporaryart,secret,911,apocalypse,taz,nuclear,peinture,eros,container,freemasonry,anarchy,artbrut,nuit,ddc,sanctuary,worldwar,bombing,mystic,cyberpunk,landart,devastation,alchemy,destroy,modernsculpture,prophecy,999,vanitas,endoftheworld,sanctuaire,dadaisme,artprice,salamanderspirit,organmuseum,saintromainaumontdor,demeureduchaos,thierryehrmann,alchimie,artsingulier,prophétie,abodeofchaos,facteurcheval,palaisideal,kurtehrmann,postapocalyptique,maisondartiste,artistshouses,sculpturemoderne,francmaconnerie,photosinterdites,gesamtkuntwerk,groupeserveur,lespritdelasalamandre,crashculture,servergroup",Ether (part 2) by Ehrmann's Crew K _DDC3344,13,4,2,2,2010,25,17,8,2,2010,,,
4341165924,40936370@N00,45.837448,4.826248,"portrait,sculpture,snow,streetart,france,art,mystery,museum,architecture,night,dark,painting,graffiti,ruins,rawart,outsiderart,chaos,symbol,contemporaryart,secret,911,apocalypse,taz,nuclear,peinture,eros,container,freemasonry,anarchy,artbrut,nuit,ddc,sanctuary,worldwar,bombing,mystic,cyberpunk,landart,devastation,alchemy,destroy,modernsculpture,prophecy,999,vanitas,endoftheworld,sanctuaire,dadaisme,artprice,salamanderspirit,organmuseum,saintromainaumontdor,demeureduchaos,thierryehrmann,alchimie,artsingulier,prophétie,abodeofchaos,facteurcheval,palaisideal,kurtehrmann,postapocalyptique,maisondartiste,artistshouses,sculpturemoderne,francmaconnerie,photosinterdites,gesamtkuntwerk,groupeserveur,lespritdelasalamandre,crashculture,servergroup",Ether (part 2) by Ehrmann's Crew K _DDC3333,12,4,2,2,2010,24,17,8,2,2010,,,
4340421969,40936370@N00,45.837448,4.826248,"portrait,sculpture,snow,streetart,france,art,mystery,museum,architecture,night,dark,painting,graffiti,ruins,rawart,outsiderart,chaos,symbol,contemporaryart,secret,911,apocalypse,taz,nuclear,peinture,eros,container,freemasonry,anarchy,artbrut,nuit,ddc,sanctuary,worldwar,bombing,mystic,cyberpunk,landart,devastation,alchemy,destroy,modernsculpture,prophecy,999,vanitas,endoftheworld,sanctuaire,dadaisme,artprice,salamanderspirit,organmuseum,saintromainaumontdor,demeureduchaos,thierryehrmann,alchimie,artsingulier,prophétie,abodeofchaos,facteurcheval,palaisideal,kurtehrmann,postapocalyptique,maisondartiste,artistshouses,sculpturemoderne,francmaconnerie,photosinterdites,gesamtkuntwerk,groupeserveur,lespritdelasalamandre,crashculture,servergroup",Ether (part 2) by Ehrmann's Crew K _DDC3318,9,4,2,2,2010,24,17,8,2,2010,,,
4340421903,40936370@N00,45.837448,4.826248,"portrait,sculpture,snow,streetart,france,art,mystery,museum,architecture,night,dark,painting,graffiti,ruins,rawart,outsiderart,chaos,symbol,contemporaryart,secret,911,apocalypse,taz,nuclear,peinture,eros,container,freemasonry,anarchy,artbrut,nuit,ddc,sanctuary,worldwar,bombing,mystic,cyberpunk,landart,devastation,alchemy,destroy,modernsculpture,prophecy,999,vanitas,endoftheworld,sanctuaire,dadaisme,artprice,salamanderspirit,organmuseum,saintromainaumontdor,demeureduchaos,thierryehrmann,alchimie,artsingulier,prophétie,abodeofchaos,facteurcheval,palaisideal,kurtehrmann,postapocalyptique,maisondartiste,artistshouses,sculpturemoderne,francmaconnerie,photosinterdites,gesamtkuntwerk,groupeserveur,lespritdelasalamandre,crashculture,servergroup",Ether (part 2) by Ehrmann's Crew K _DDC3274,54,3,2,2,2010,24,17,8,2,2010,,,
4340421833,40936370@N00,45.837448,4.826248,"portrait,sculpture,snow,streetart,france,art,mystery,museum,architecture,night,dark,painting,graffiti,ruins,rawart,outsiderart,chaos,symbol,contemporaryart,secret,911,apocalypse,taz,nuclear,peinture,eros,container,freemasonry,anarchy,artbrut,nuit,ddc,sanctuary,worldwar,bombing,mystic,cyberpunk,landart,devastation,alchemy,destroy,modernsculpture,prophecy,999,vanitas,endoftheworld,sanctuaire,dadaisme,artprice,salamanderspirit,organmuseum,saintromainaumontdor,demeureduchaos,thierryehrmann,alchimie,artsingulier,prophétie,abodeofchaos,facteurcheval,palaisideal,kurtehrmann,postapocalyptique,maisondartiste,artistshouses,sculpturemoderne,francmaconnerie,photosinterdites,gesamtkuntwerk,groupeserveur,lespritdelasalamandre,crashculture,servergroup",Ether (part 2) by Ehrmann's Crew K _DDC3273,54,3,2,2,2010,24,17,8,2,2010,,,
4341165636,40936370@N00,45.837448,4.826248,"portrait,sculpture,snow,streetart,france,art,mystery,museum,architecture,night,dark,painting,graffiti,ruins,rawart,outsiderart,chaos,symbol,contemporaryart,secret,911,apocalypse,taz,nuclear,peinture,eros,container,freemasonry,anarchy,artbrut,nuit,ddc,sanctuary,worldwar,bombing,mystic,cyberpunk,landart,devastation,alchemy,destroy,modernsculpture,prophecy,999,vanitas,endoftheworld,sanctuaire,dadaisme,artprice,salamanderspirit,organmuseum,saintromainaumontdor,demeureduchaos,thierryehrmann,alchimie,artsingulier,prophétie,abodeofchaos,facteurcheval,palaisideal,kurtehrmann,postapocalyptique,maisondartiste,artistshouses,sculpturemoderne,francmaconnerie,photosinterdites,gesamtkuntwerk,groupeserveur,lespritdelasalamandre,crashculture,servergroup",Ether (part 2) by Ehrmann's Crew K _DDC3261,52,3,2,2,2010,24,17,8,2,2010,,,
4340421715,40936370@N00,45.837448,4.826248,"portrait,sculpture,snow,streetart,france,art,mystery,museum,architecture,night,dark,painting,graffiti,ruins,rawart,outsiderart,chaos,symbol,contemporaryart,secret,911,apocalypse,taz,nuclear,peinture,eros,container,freemasonry,anarchy,artbrut,nuit,ddc,sanctuary,worldwar,bombing,mystic,cyberpunk,landart,devastation,alchemy,destroy,modernsculpture,prophecy,999,vanitas,endoftheworld,sanctuaire,dadaisme,artprice,salamanderspirit,organmuseum,saintromainaumontdor,demeureduchaos,thierryehrmann,alchimie,artsingulier,prophétie,abodeofchaos,facteurcheval,palaisideal,kurtehrmann,postapocalyptique,maisondartiste,artistshouses,sculpturemoderne,francmaconnerie,photosinterdites,gesamtkuntwerk,groupeserveur,lespritdelasalamandre,crashculture,servergroup",Ether (part 2) by Ehrmann's Crew K _DDC3230,47,3,2,2,2010,24,17,8,2,2010,,,
4340421625,40936370@N00,45.837448,4.826248,"kurtehrmann,night,nuit,abodeofchaos,chaos,lespritdelasalamandre,salamanderspirit,demeureduchaos,thierryehrmann,ddc,999,groupeserveur,taz,organmuseum,servergroup,facteurcheval,palaisideal,sanctuaire,sanctuary,artprice,portrait,painting,peinture,france,museum,sculpture,architecture,maisondartiste,art,artistshouses,streetart,sculpturemoderne,modernsculpture,secret,alchimie,alchemy,landart,artbrut,artsingulier,rawart,symbol,911,contemporaryart,apocalypse,postapocalyptique,cyberpunk,graffiti,vanitas,ruins,prophecy,prophétie,container,dadaisme,outsiderart,mystery,francmaconnerie,photosinterdites,dark,eros,mystic,crashculture,devastation,worldwar,anarchy,nuclear,endoftheworld,saintromainaumontdor,destroy,bombing,gesamtkuntwerk,snow,freemasonry",Ether (part 2) by Ehrmann's Crew K _DDC3219,46,3,2,2,2010,24,17,8,2,2010,,,
4340421561,40936370@N00,45.837448,4.826248,"portrait,sculpture,snow,streetart,france,art,mystery,museum,architecture,night,dark,painting,graffiti,ruins,rawart,outsiderart,chaos,symbol,contemporaryart,secret,911,apocalypse,taz,nuclear,peinture,eros,container,freemasonry,anarchy,artbrut,nuit,ddc,sanctuary,worldwar,bombing,mystic,cyberpunk,landart,devastation,alchemy,destroy,modernsculpture,prophecy,999,vanitas,endoftheworld,sanctuaire,dadaisme,artprice,salamanderspirit,organmuseum,saintromainaumontdor,demeureduchaos,thierryehrmann,alchimie,artsingulier,prophétie,abodeofchaos,facteurcheval,palaisideal,kurtehrmann,postapocalyptique,maisondartiste,artistshouses,sculpturemoderne,francmaconnerie,photosinterdites,gesamtkuntwerk,groupeserveur,lespritdelasalamandre,crashculture,servergroup",Ether (part 2) by Ehrmann's Crew K _DDC3205,42,3,2,2,2010,24,17,8,2,2010,,,
4341165340,40936370@N00,45.837448,4.826248,"portrait,sculpture,snow,streetart,france,art,mystery,museum,architecture,night,dark,painting,graffiti,ruins,rawart,outsiderart,chaos,symbol,contemporaryart,secret,911,apocalypse,taz,nuclear,peinture,eros,container,freemasonry,anarchy,artbrut,nuit,ddc,sanctuary,worldwar,bombing,mystic,cyberpunk,landart,devastation,alchemy,destroy,modernsculpture,prophecy,999,vanitas,endoftheworld,sanctuaire,dadaisme,artprice,salamanderspirit,organmuseum,saintromainaumontdor,demeureduchaos,thierryehrmann,alchimie,artsingulier,prophétie,abodeofchaos,facteurcheval,palaisideal,kurtehrmann,postapocalyptique,maisondartiste,artistshouses,sculpturemoderne,francmaconnerie,photosinterdites,gesamtkuntwerk,groupeserveur,lespritdelasalamandre,crashculture,servergroup",Ether (part 2) by Ehrmann's Crew K _DDC3192,38,3,2,2,2010,24,17,8,2,2010,,,
4340421387,40936370@N00,45.837448,4.826248,"portrait,sculpture,snow,streetart,france,art,mystery,museum,architecture,night,dark,painting,graffiti,ruins,rawart,outsiderart,chaos,symbol,contemporaryart,secret,911,apocalypse,taz,nuclear,peinture,eros,container,freemasonry,anarchy,artbrut,nuit,ddc,sanctuary,worldwar,bombing,mystic,cyberpunk,landart,devastation,alchemy,destroy,modernsculpture,prophecy,999,vanitas,endoftheworld,sanctuaire,dadaisme,artprice,salamanderspirit,organmuseum,saintromainaumontdor,demeureduchaos,thierryehrmann,alchimie,artsingulier,prophétie,abodeofchaos,facteurcheval,palaisideal,kurtehrmann,postapocalyptique,maisondartiste,artistshouses,sculpturemoderne,francmaconnerie,photosinterdites,gesamtkuntwerk,groupeserveur,lespritdelasalamandre,crashculture,servergroup",Ether (part 2) by Ehrmann's Crew K _DDC3166,34,3,2,2,2010,24,17,8,2,2010,,,
4340421331,40936370@N00,45.837448,4.826248,"portrait,sculpture,snow,streetart,france,art,mystery,museum,architecture,night,dark,painting,graffiti,ruins,rawart,outsiderart,chaos,symbol,contemporaryart,secret,911,apocalypse,taz,nuclear,peinture,eros,container,freemasonry,anarchy,artbrut,nuit,ddc,sanctuary,worldwar,bombing,mystic,cyberpunk,landart,devastation,alchemy,destroy,modernsculpture,prophecy,999,vanitas,endoftheworld,sanctuaire,dadaisme,artprice,salamanderspirit,organmuseum,saintromainaumontdor,demeureduchaos,thierryehrmann,alchimie,artsingulier,prophétie,abodeofchaos,facteurcheval,palaisideal,kurtehrmann,postapocalyptique,maisondartiste,artistshouses,sculpturemoderne,francmaconnerie,photosinterdites,gesamtkuntwerk,groupeserveur,lespritdelasalamandre,crashculture,servergroup",Ether (part 2) by Ehrmann's Crew K _DDC3156,31,3,2,2,2010,24,17,8,2,2010,,,
4340421269,40936370@N00,45.837448,4.826248,"portrait,sculpture,snow,streetart,france,art,mystery,museum,architecture,night,dark,painting,graffiti,ruins,rawart,outsiderart,chaos,symbol,contemporaryart,secret,911,apocalypse,taz,nuclear,peinture,eros,container,freemasonry,anarchy,artbrut,nuit,ddc,sanctuary,worldwar,bombing,mystic,cyberpunk,landart,devastation,alchemy,destroy,modernsculpture,prophecy,999,vanitas,endoftheworld,sanctuaire,dadaisme,artprice,salamanderspirit,organmuseum,saintromainaumontdor,demeureduchaos,thierryehrmann,alchimie,artsingulier,prophétie,abodeofchaos,facteurcheval,palaisideal,kurtehrmann,postapocalyptique,maisondartiste,artistshouses,sculpturemoderne,francmaconnerie,photosinterdites,gesamtkuntwerk,groupeserveur,lespritdelasalamandre,crashculture,servergroup",Ether (part 2) by Ehrmann's Crew K _DDC3135,28,3,2,2,2010,24,17,8,2,2010,,,
4340421193,40936370@N00,45.837448,4.826248,"portrait,sculpture,snow,streetart,france,art,mystery,museum,architecture,night,dark,painting,graffiti,ruins,rawart,outsiderart,chaos,symbol,contemporaryart,secret,911,apocalypse,taz,nuclear,peinture,eros,container,freemasonry,anarchy,artbrut,nuit,ddc,sanctuary,worldwar,bombing,mystic,cyberpunk,landart,devastation,alchemy,destroy,modernsculpture,prophecy,999,vanitas,endoftheworld,sanctuaire,dadaisme,artprice,salamanderspirit,organmuseum,saintromainaumontdor,demeureduchaos,thierryehrmann,alchimie,artsingulier,prophétie,abodeofchaos,facteurcheval,palaisideal,kurtehrmann,postapocalyptique,maisondartiste,artistshouses,sculpturemoderne,francmaconnerie,photosinterdites,gesamtkuntwerk,groupeserveur,lespritdelasalamandre,crashculture,servergroup",Ether (part 2) by Ehrmann's Crew K _DDC3124,26,3,2,2,2010,24,17,8,2,2010,,,
4340421129,40936370@N00,45.837448,4.826248,"portrait,sculpture,snow,streetart,france,art,mystery,museum,architecture,night,dark,painting,graffiti,ruins,rawart,outsiderart,chaos,symbol,contemporaryart,secret,911,apocalypse,taz,nuclear,peinture,eros,container,freemasonry,anarchy,artbrut,nuit,ddc,sanctuary,worldwar,bombing,mystic,cyberpunk,landart,devastation,alchemy,destroy,modernsculpture,prophecy,999,vanitas,endoftheworld,sanctuaire,dadaisme,artprice,salamanderspirit,organmuseum,saintromainaumontdor,demeureduchaos,thierryehrmann,alchimie,artsingulier,prophétie,abodeofchaos,facteurcheval,palaisideal,kurtehrmann,postapocalyptique,maisondartiste,artistshouses,sculpturemoderne,francmaconnerie,photosinterdites,gesamtkuntwerk,groupeserveur,lespritdelasalamandre,crashculture,servergroup",Ether (part 2) by Ehrmann's Crew K _DDC3105,19,3,2,2,2010,24,17,8,2,2010,,,
4340421053,40936370@N00,45.837448,4.826248,"portrait,sculpture,snow,streetart,france,art,mystery,museum,architecture,night,dark,painting,graffiti,ruins,rawart,outsiderart,chaos,symbol,contemporaryart,secret,911,apocalypse,taz,nuclear,peinture,eros,container,freemasonry,anarchy,artbrut,nuit,ddc,sanctuary,worldwar,bombing,mystic,cyberpunk,landart,devastation,alchemy,destroy,modernsculpture,prophecy,999,vanitas,endoftheworld,sanctuaire,dadaisme,artprice,salamanderspirit,organmuseum,saintromainaumontdor,demeureduchaos,thierryehrmann,alchimie,artsingulier,prophétie,abodeofchaos,facteurcheval,palaisideal,kurtehrmann,postapocalyptique,maisondartiste,artistshouses,sculpturemoderne,francmaconnerie,photosinterdites,gesamtkuntwerk,groupeserveur,lespritdelasalamandre,crashculture,servergroup",Ether (part 2) by Ehrmann's Crew K _DDC3094,16,3,2,2,2010,24,17,8,2,2010,,,
4341164830,40936370@N00,45.837448,4.826248,"portrait,sculpture,snow,streetart,france,art,mystery,museum,architecture,night,dark,painting,graffiti,ruins,rawart,outsiderart,chaos,symbol,contemporaryart,secret,911,apocalypse,taz,nuclear,peinture,eros,container,freemasonry,anarchy,artbrut,nuit,ddc,sanctuary,worldwar,bombing,mystic,cyberpunk,landart,devastation,alchemy,destroy,modernsculpture,prophecy,999,vanitas,endoftheworld,sanctuaire,dadaisme,artprice,salamanderspirit,organmuseum,saintromainaumontdor,demeureduchaos,thierryehrmann,alchimie,artsingulier,prophétie,abodeofchaos,facteurcheval,palaisideal,kurtehrmann,postapocalyptique,maisondartiste,artistshouses,sculpturemoderne,francmaconnerie,photosinterdites,gesamtkuntwerk,groupeserveur,lespritdelasalamandre,crashculture,servergroup",Ether (part 2) by Ehrmann's Crew K _DDC3060 1,59,0,2,2,2010,24,17,8,2,2010,,,
4340420899,40936370@N00,45.837448,4.826248,"portrait,sculpture,snow,streetart,france,art,mystery,museum,architecture,night,dark,painting,graffiti,ruins,rawart,outsiderart,chaos,symbol,contemporaryart,secret,911,apocalypse,taz,nuclear,peinture,eros,container,freemasonry,anarchy,artbrut,nuit,ddc,sanctuary,worldwar,bombing,mystic,cyberpunk,landart,devastation,alchemy,destroy,modernsculpture,prophecy,999,vanitas,endoftheworld,sanctuaire,dadaisme,artprice,salamanderspirit,organmuseum,saintromainaumontdor,demeureduchaos,thierryehrmann,alchimie,artsingulier,prophétie,abodeofchaos,facteurcheval,palaisideal,kurtehrmann,postapocalyptique,maisondartiste,artistshouses,sculpturemoderne,francmaconnerie,photosinterdites,gesamtkuntwerk,groupeserveur,lespritdelasalamandre,crashculture,servergroup",Ether (part 2) by Ehrmann's Crew K _DDC3048,57,0,2,2,2010,24,17,8,2,2010,,,
4340420821,40936370@N00,45.837448,4.826248,"portrait,sculpture,snow,streetart,france,art,mystery,museum,architecture,night,dark,painting,graffiti,ruins,rawart,outsiderart,chaos,symbol,contemporaryart,secret,911,apocalypse,taz,nuclear,peinture,eros,container,freemasonry,anarchy,artbrut,nuit,ddc,sanctuary,worldwar,bombing,mystic,cyberpunk,landart,devastation,alchemy,destroy,modernsculpture,prophecy,999,vanitas,endoftheworld,sanctuaire,dadaisme,artprice,salamanderspirit,organmuseum,saintromainaumontdor,demeureduchaos,thierryehrmann,alchimie,artsingulier,prophétie,abodeofchaos,facteurcheval,palaisideal,kurtehrmann,postapocalyptique,maisondartiste,artistshouses,sculpturemoderne,francmaconnerie,photosinterdites,gesamtkuntwerk,groupeserveur,lespritdelasalamandre,crashculture,servergroup",Ether (part 2) by Ehrmann's Crew K _DDC3044,55,0,2,2,2010,24,17,8,2,2010,,,
4341164626,40936370@N00,45.837448,4.826248,"portrait,sculpture,snow,streetart,france,art,mystery,museum,architecture,night,dark,painting,graffiti,ruins,rawart,outsiderart,chaos,symbol,contemporaryart,secret,911,apocalypse,taz,nuclear,peinture,eros,container,freemasonry,anarchy,artbrut,nuit,ddc,sanctuary,worldwar,bombing,mystic,cyberpunk,landart,devastation,alchemy,destroy,modernsculpture,prophecy,999,vanitas,endoftheworld,sanctuaire,dadaisme,artprice,salamanderspirit,organmuseum,saintromainaumontdor,demeureduchaos,thierryehrmann,alchimie,artsingulier,prophétie,abodeofchaos,facteurcheval,palaisideal,kurtehrmann,postapocalyptique,maisondartiste,artistshouses,sculpturemoderne,francmaconnerie,photosinterdites,gesamtkuntwerk,groupeserveur,lespritdelasalamandre,crashculture,servergroup",Ether (part 2) by Ehrmann's Crew K _DDC3041,55,0,2,2,2010,24,17,8,2,2010,,,
4340420557,40936370@N00,45.837448,4.826248,"portrait,sculpture,snow,streetart,france,art,mystery,museum,architecture,night,dark,painting,graffiti,ruins,rawart,outsiderart,chaos,symbol,contemporaryart,secret,911,apocalypse,taz,nuclear,peinture,eros,container,freemasonry,anarchy,artbrut,nuit,ddc,sanctuary,worldwar,bombing,mystic,cyberpunk,landart,devastation,alchemy,destroy,modernsculpture,prophecy,999,vanitas,endoftheworld,sanctuaire,dadaisme,artprice,salamanderspirit,organmuseum,saintromainaumontdor,demeureduchaos,thierryehrmann,alchimie,artsingulier,prophétie,abodeofchaos,facteurcheval,palaisideal,kurtehrmann,postapocalyptique,maisondartiste,artistshouses,sculpturemoderne,francmaconnerie,photosinterdites,gesamtkuntwerk,groupeserveur,lespritdelasalamandre,crashculture,servergroup",Ether (part 2) by Ehrmann's Crew K _DDC3032 1,54,0,2,2,2010,24,17,8,2,2010,,,
4340420487,40936370@N00,45.837448,4.826248,"portrait,sculpture,snow,streetart,france,art,mystery,museum,architecture,night,dark,painting,graffiti,ruins,rawart,outsiderart,chaos,symbol,contemporaryart,secret,911,apocalypse,taz,nuclear,peinture,eros,container,freemasonry,anarchy,artbrut,nuit,ddc,sanctuary,worldwar,bombing,mystic,cyberpunk,landart,devastation,alchemy,destroy,modernsculpture,prophecy,999,vanitas,endoftheworld,sanctuaire,dadaisme,artprice,salamanderspirit,organmuseum,saintromainaumontdor,demeureduchaos,thierryehrmann,alchimie,artsingulier,prophétie,abodeofchaos,facteurcheval,palaisideal,kurtehrmann,postapocalyptique,maisondartiste,artistshouses,sculpturemoderne,francmaconnerie,photosinterdites,gesamtkuntwerk,groupeserveur,lespritdelasalamandre,crashculture,servergroup",Ether (part 2) by Ehrmann's Crew K _DDC3015,51,0,2,2,2010,24,17,8,2,2010,,,
4341164136,40936370@N00,45.837448,4.826248,"portrait,sculpture,snow,streetart,france,art,mystery,museum,architecture,night,dark,painting,graffiti,ruins,rawart,outsiderart,chaos,symbol,contemporaryart,secret,911,apocalypse,taz,nuclear,peinture,eros,container,freemasonry,anarchy,artbrut,nuit,ddc,sanctuary,worldwar,bombing,mystic,cyberpunk,landart,devastation,alchemy,destroy,modernsculpture,prophecy,999,vanitas,endoftheworld,sanctuaire,dadaisme,artprice,salamanderspirit,organmuseum,saintromainaumontdor,demeureduchaos,thierryehrmann,alchimie,artsingulier,prophétie,abodeofchaos,facteurcheval,palaisideal,kurtehrmann,postapocalyptique,maisondartiste,artistshouses,sculpturemoderne,francmaconnerie,photosinterdites,gesamtkuntwerk,groupeserveur,lespritdelasalamandre,crashculture,servergroup",Ether (part 2) by Ehrmann's Crew K _DDC3008,50,0,2,2,2010,24,17,8,2,2010,,,
4341164056,40936370@N00,45.837448,4.826248,"portrait,sculpture,snow,streetart,france,art,mystery,museum,architecture,night,dark,painting,graffiti,ruins,rawart,outsiderart,chaos,symbol,contemporaryart,secret,911,apocalypse,taz,nuclear,peinture,eros,container,freemasonry,anarchy,artbrut,nuit,ddc,sanctuary,worldwar,bombing,mystic,cyberpunk,landart,devastation,alchemy,destroy,modernsculpture,prophecy,999,vanitas,endoftheworld,sanctuaire,dadaisme,artprice,salamanderspirit,organmuseum,saintromainaumontdor,demeureduchaos,thierryehrmann,alchimie,artsingulier,prophétie,abodeofchaos,facteurcheval,palaisideal,kurtehrmann,postapocalyptique,maisondartiste,artistshouses,sculpturemoderne,francmaconnerie,photosinterdites,gesamtkuntwerk,groupeserveur,lespritdelasalamandre,crashculture,servergroup",Ether (part 2) by Ehrmann's Crew K _DDC2987 1,44,0,2,2,2010,24,17,8,2,2010,,,
4340420059,40936370@N00,45.837448,4.826248,"portrait,sculpture,snow,streetart,france,art,mystery,museum,architecture,night,dark,painting,graffiti,ruins,rawart,outsiderart,chaos,symbol,contemporaryart,secret,911,apocalypse,taz,nuclear,peinture,eros,container,freemasonry,anarchy,artbrut,nuit,ddc,sanctuary,worldwar,bombing,mystic,cyberpunk,landart,devastation,alchemy,destroy,modernsculpture,prophecy,999,vanitas,endoftheworld,sanctuaire,dadaisme,artprice,salamanderspirit,organmuseum,saintromainaumontdor,demeureduchaos,thierryehrmann,alchimie,artsingulier,prophétie,abodeofchaos,facteurcheval,palaisideal,kurtehrmann,postapocalyptique,maisondartiste,artistshouses,sculpturemoderne,francmaconnerie,photosinterdites,gesamtkuntwerk,groupeserveur,lespritdelasalamandre,crashculture,servergroup",Ether (part 2) by Ehrmann's Crew K _DDC2967,40,0,2,2,2010,24,17,8,2,2010,,,
4340419931,40936370@N00,45.837448,4.826248,"portrait,sculpture,snow,streetart,france,art,mystery,museum,architecture,night,dark,painting,graffiti,ruins,rawart,outsiderart,chaos,symbol,contemporaryart,secret,911,apocalypse,taz,nuclear,peinture,eros,container,freemasonry,anarchy,artbrut,nuit,ddc,sanctuary,worldwar,bombing,mystic,cyberpunk,landart,devastation,alchemy,destroy,modernsculpture,prophecy,999,vanitas,endoftheworld,sanctuaire,dadaisme,artprice,salamanderspirit,organmuseum,saintromainaumontdor,demeureduchaos,thierryehrmann,alchimie,artsingulier,prophétie,abodeofchaos,facteurcheval,palaisideal,kurtehrmann,postapocalyptique,maisondartiste,artistshouses,sculpturemoderne,francmaconnerie,photosinterdites,gesamtkuntwerk,groupeserveur,lespritdelasalamandre,crashculture,servergroup",Ether (part 2) by Ehrmann's Crew K _DDC2938,30,0,2,2,2010,24,17,8,2,2010,,,
4340419869,40936370@N00,45.837448,4.826248,"portrait,sculpture,snow,streetart,france,art,mystery,museum,architecture,night,dark,painting,graffiti,ruins,rawart,outsiderart,chaos,symbol,contemporaryart,secret,911,apocalypse,taz,nuclear,peinture,eros,container,freemasonry,anarchy,artbrut,nuit,ddc,sanctuary,worldwar,bombing,mystic,cyberpunk,landart,devastation,alchemy,destroy,modernsculpture,prophecy,999,vanitas,endoftheworld,sanctuaire,dadaisme,artprice,salamanderspirit,organmuseum,saintromainaumontdor,demeureduchaos,thierryehrmann,alchimie,artsingulier,prophétie,abodeofchaos,facteurcheval,palaisideal,kurtehrmann,postapocalyptique,maisondartiste,artistshouses,sculpturemoderne,francmaconnerie,photosinterdites,gesamtkuntwerk,groupeserveur,lespritdelasalamandre,crashculture,servergroup",Ether (part 2) by Ehrmann's Crew K _DDC2929,28,0,2,2,2010,24,17,8,2,2010,,,
4340419795,40936370@N00,45.837448,4.826248,"portrait,sculpture,snow,streetart,france,art,mystery,museum,architecture,night,dark,painting,graffiti,ruins,rawart,outsiderart,chaos,symbol,contemporaryart,secret,911,apocalypse,taz,nuclear,peinture,eros,container,freemasonry,anarchy,artbrut,nuit,ddc,sanctuary,worldwar,bombing,mystic,cyberpunk,landart,devastation,alchemy,destroy,modernsculpture,prophecy,999,vanitas,endoftheworld,sanctuaire,dadaisme,artprice,salamanderspirit,organmuseum,saintromainaumontdor,demeureduchaos,thierryehrmann,alchimie,artsingulier,prophétie,abodeofchaos,facteurcheval,palaisideal,kurtehrmann,postapocalyptique,maisondartiste,artistshouses,sculpturemoderne,francmaconnerie,photosinterdites,gesamtkuntwerk,groupeserveur,lespritdelasalamandre,crashculture,servergroup",Ether (part 2) by Ehrmann's Crew K _DDC2925,28,0,2,2,2010,24,17,8,2,2010,,,
4340419747,40936370@N00,45.837448,4.826248,"portrait,sculpture,snow,streetart,france,art,mystery,museum,architecture,night,dark,painting,graffiti,ruins,rawart,outsiderart,chaos,symbol,contemporaryart,secret,911,apocalypse,taz,nuclear,peinture,eros,container,freemasonry,anarchy,artbrut,nuit,ddc,sanctuary,worldwar,bombing,mystic,cyberpunk,landart,devastation,alchemy,destroy,modernsculpture,prophecy,999,vanitas,endoftheworld,sanctuaire,dadaisme,artprice,salamanderspirit,organmuseum,saintromainaumontdor,demeureduchaos,thierryehrmann,alchimie,artsingulier,prophétie,abodeofchaos,facteurcheval,palaisideal,kurtehrmann,postapocalyptique,maisondartiste,artistshouses,sculpturemoderne,francmaconnerie,photosinterdites,gesamtkuntwerk,groupeserveur,lespritdelasalamandre,crashculture,servergroup",Ether (part 2) by Ehrmann's Crew K _DDC2895,22,0,2,2,2010,24,17,8,2,2010,,,
4340419681,40936370@N00,45.837448,4.826248,"portrait,sculpture,snow,streetart,france,art,mystery,museum,architecture,night,dark,painting,graffiti,ruins,rawart,outsiderart,chaos,symbol,contemporaryart,secret,911,apocalypse,taz,nuclear,peinture,eros,container,freemasonry,anarchy,artbrut,nuit,ddc,sanctuary,worldwar,bombing,mystic,cyberpunk,landart,devastation,alchemy,destroy,modernsculpture,prophecy,999,vanitas,endoftheworld,sanctuaire,dadaisme,artprice,salamanderspirit,organmuseum,saintromainaumontdor,demeureduchaos,thierryehrmann,alchimie,artsingulier,prophétie,abodeofchaos,facteurcheval,palaisideal,kurtehrmann,postapocalyptique,maisondartiste,artistshouses,sculpturemoderne,francmaconnerie,photosinterdites,gesamtkuntwerk,groupeserveur,lespritdelasalamandre,crashculture,servergroup",Ether (part 2) by Ehrmann's Crew K _DDC2838,19,0,2,2,2010,24,17,8,2,2010,,,
4340419591,40936370@N00,45.837448,4.826248,"portrait,sculpture,snow,streetart,france,art,mystery,museum,architecture,night,dark,painting,graffiti,ruins,rawart,outsiderart,chaos,symbol,contemporaryart,secret,911,apocalypse,taz,nuclear,peinture,eros,container,freemasonry,anarchy,artbrut,nuit,ddc,sanctuary,worldwar,bombing,mystic,cyberpunk,landart,devastation,alchemy,destroy,modernsculpture,prophecy,999,vanitas,endoftheworld,sanctuaire,dadaisme,artprice,salamanderspirit,organmuseum,saintromainaumontdor,demeureduchaos,thierryehrmann,alchimie,artsingulier,prophétie,abodeofchaos,facteurcheval,palaisideal,kurtehrmann,postapocalyptique,maisondartiste,artistshouses,sculpturemoderne,francmaconnerie,photosinterdites,gesamtkuntwerk,groupeserveur,lespritdelasalamandre,crashculture,servergroup",Ether (part 2) by Ehrmann's Crew K _DDC2792,1,0,2,2,2010,24,17,8,2,2010,,,
4341163346,40936370@N00,45.837448,4.826248,"portrait,sculpture,snow,streetart,france,art,mystery,museum,architecture,night,dark,painting,graffiti,ruins,rawart,outsiderart,chaos,symbol,contemporaryart,secret,911,apocalypse,taz,nuclear,peinture,eros,container,freemasonry,anarchy,artbrut,nuit,ddc,sanctuary,worldwar,bombing,mystic,cyberpunk,landart,devastation,alchemy,destroy,modernsculpture,prophecy,999,vanitas,endoftheworld,sanctuaire,dadaisme,artprice,salamanderspirit,organmuseum,saintromainaumontdor,demeureduchaos,thierryehrmann,alchimie,artsingulier,prophétie,abodeofchaos,facteurcheval,palaisideal,kurtehrmann,postapocalyptique,maisondartiste,artistshouses,sculpturemoderne,francmaconnerie,photosinterdites,gesamtkuntwerk,groupeserveur,lespritdelasalamandre,crashculture,servergroup",Ether (part 2) by Ehrmann's Crew K _DDC2773,59,23,1,2,2010,23,17,8,2,2010,,,
4340419429,40936370@N00,45.837448,4.826248,"portrait,sculpture,snow,streetart,france,art,mystery,museum,architecture,night,dark,painting,graffiti,ruins,rawart,outsiderart,chaos,symbol,contemporaryart,secret,911,apocalypse,taz,nuclear,peinture,eros,container,freemasonry,anarchy,artbrut,nuit,ddc,sanctuary,worldwar,bombing,mystic,cyberpunk,landart,devastation,alchemy,destroy,modernsculpture,prophecy,999,vanitas,endoftheworld,sanctuaire,dadaisme,artprice,salamanderspirit,organmuseum,saintromainaumontdor,demeureduchaos,thierryehrmann,alchimie,artsingulier,prophétie,abodeofchaos,facteurcheval,palaisideal,kurtehrmann,postapocalyptique,maisondartiste,artistshouses,sculpturemoderne,francmaconnerie,photosinterdites,gesamtkuntwerk,groupeserveur,lespritdelasalamandre,crashculture,servergroup",Ether (part 2) by Ehrmann's Crew K _DDC0783,53,22,9,1,2010,23,17,8,2,2010,,,
4340591185,40936370@N00,45.837448,4.826248,"portrait,sculpture,streetart,france,art,mystery,museum,architecture,painting,de,graffiti,la,ruins,rawart,outsiderart,chaos,symbol,mort,contemporaryart,secret,911,apocalypse,taz,peinture,container,electricity,inventor,genius,artbrut,rayon,ddc,sanctuary,cyberpunk,landart,scientist,nikolatesla,alchemy,modernsculpture,prophecy,999,vanitas,electromagnetism,électricité,sanctuaire,ingénieur,electricalengineer,mechanicalengineer,génie,dadaisme,artprice,salamanderspirit,organmuseum,saintromainaumontdor,demeureduchaos,thierryehrmann,alchimie,haarp,énergie,artsingulier,inventeur,prophétie,abodeofchaos,facteurcheval,palaisideal,postapocalyptique,maisondartiste,artistshouses,sculpturemoderne,николатесла,groupeserveur,lespritdelasalamandre,servergroup",Nikola Tesla painted portrait _DDC3442,36,17,8,2,2010,34,18,8,2,2010,,,
4341334072,40936370@N00,45.837448,4.826248,"portrait,sculpture,streetart,france,art,mystery,museum,architecture,painting,de,graffiti,la,ruins,rawart,outsiderart,chaos,symbol,mort,contemporaryart,secret,911,apocalypse,taz,peinture,container,electricity,inventor,genius,artbrut,rayon,ddc,sanctuary,cyberpunk,landart,scientist,nikolatesla,alchemy,modernsculpture,prophecy,999,vanitas,electromagnetism,électricité,sanctuaire,ingénieur,electricalengineer,mechanicalengineer,génie,dadaisme,artprice,salamanderspirit,organmuseum,saintromainaumontdor,demeureduchaos,thierryehrmann,alchimie,haarp,énergie,artsingulier,inventeur,prophétie,abodeofchaos,facteurcheval,palaisideal,postapocalyptique,maisondartiste,artistshouses,sculpturemoderne,николатесла,groupeserveur,lespritdelasalamandre,servergroup",Nikola Tesla painted portrait _DDC3438,35,17,8,2,2010,34,18,8,2,2010,,,
4340591085,40936370@N00,45.837448,4.826248,"portrait,sculpture,streetart,france,art,mystery,museum,architecture,painting,de,graffiti,la,ruins,rawart,outsiderart,chaos,symbol,mort,contemporaryart,secret,911,apocalypse,taz,peinture,container,electricity,inventor,genius,artbrut,rayon,ddc,sanctuary,cyberpunk,landart,scientist,nikolatesla,alchemy,modernsculpture,prophecy,999,vanitas,electromagnetism,électricité,sanctuaire,ingénieur,electricalengineer,mechanicalengineer,génie,dadaisme,artprice,salamanderspirit,organmuseum,saintromainaumontdor,demeureduchaos,thierryehrmann,alchimie,haarp,énergie,artsingulier,inventeur,prophétie,abodeofchaos,facteurcheval,palaisideal,postapocalyptique,maisondartiste,artistshouses,sculpturemoderne,николатесла,groupeserveur,lespritdelasalamandre,servergroup",Nikola Tesla painted portrait _DDC3435,35,17,8,2,2010,34,18,8,2,2010,,,
4340419157,40936370@N00,45.837448,4.826248,"portrait,sculpture,snow,streetart,france,art,mystery,museum,architecture,night,dark,painting,graffiti,ruins,rawart,outsiderart,chaos,symbol,contemporaryart,secret,911,apocalypse,taz,nuclear,peinture,eros,container,freemasonry,anarchy,artbrut,nuit,ddc,sanctuary,worldwar,bombing,mystic,cyberpunk,landart,devastation,alchemy,destroy,modernsculpture,prophecy,999,vanitas,endoftheworld,sanctuaire,dadaisme,artprice,salamanderspirit,organmuseum,saintromainaumontdor,demeureduchaos,thierryehrmann,alchimie,artsingulier,prophétie,abodeofchaos,facteurcheval,palaisideal,kurtehrmann,postapocalyptique,maisondartiste,artistshouses,sculpturemoderne,francmaconnerie,photosinterdites,gesamtkuntwerk,groupeserveur,lespritdelasalamandre,crashculture,servergroup",Ether (part 2) by Ehrmann's Crew K _DDC0708,40,22,9,1,2010,23,17,8,2,2010,,,
4340419095,40936370@N00,45.837448,4.826248,"portrait,sculpture,snow,streetart,france,art,mystery,museum,architecture,night,dark,painting,graffiti,ruins,rawart,outsiderart,chaos,symbol,contemporaryart,secret,911,apocalypse,taz,nuclear,peinture,eros,container,freemasonry,anarchy,artbrut,nuit,ddc,sanctuary,worldwar,bombing,mystic,cyberpunk,landart,devastation,alchemy,destroy,modernsculpture,prophecy,999,vanitas,endoftheworld,sanctuaire,dadaisme,artprice,salamanderspirit,organmuseum,saintromainaumontdor,demeureduchaos,thierryehrmann,alchimie,artsingulier,prophétie,abodeofchaos,facteurcheval,palaisideal,kurtehrmann,postapocalyptique,maisondartiste,artistshouses,sculpturemoderne,francmaconnerie,photosinterdites,gesamtkuntwerk,groupeserveur,lespritdelasalamandre,crashculture,servergroup",Ether (part 2) by Ehrmann's Crew K _DDC0701,39,22,9,1,2010,23,17,8,2,2010,,,
4341162500,40936370@N00,45.837448,4.826248,"portrait,sculpture,snow,streetart,france,art,mystery,museum,architecture,night,dark,painting,graffiti,ruins,rawart,outsiderart,chaos,symbol,contemporaryart,secret,911,apocalypse,taz,nuclear,peinture,eros,container,freemasonry,anarchy,artbrut,nuit,ddc,sanctuary,worldwar,bombing,mystic,cyberpunk,landart,devastation,alchemy,destroy,modernsculpture,prophecy,999,vanitas,endoftheworld,sanctuaire,dadaisme,artprice,salamanderspirit,organmuseum,saintromainaumontdor,demeureduchaos,thierryehrmann,alchimie,artsingulier,prophétie,abodeofchaos,facteurcheval,palaisideal,kurtehrmann,postapocalyptique,maisondartiste,artistshouses,sculpturemoderne,francmaconnerie,photosinterdites,gesamtkuntwerk,groupeserveur,lespritdelasalamandre,crashculture,servergroup",Ether (part 2) by Ehrmann's Crew K _DDC0659,10,22,9,1,2010,23,17,8,2,2010,,,
4340418465,40936370@N00,45.837448,4.826248,"portrait,sculpture,snow,streetart,france,art,mystery,museum,architecture,night,dark,painting,graffiti,ruins,rawart,outsiderart,chaos,symbol,contemporaryart,secret,911,apocalypse,taz,nuclear,peinture,eros,container,freemasonry,anarchy,artbrut,nuit,ddc,sanctuary,worldwar,bombing,mystic,cyberpunk,landart,devastation,alchemy,destroy,modernsculpture,prophecy,999,vanitas,endoftheworld,sanctuaire,dadaisme,artprice,salamanderspirit,organmuseum,saintromainaumontdor,demeureduchaos,thierryehrmann,alchimie,artsingulier,prophétie,abodeofchaos,facteurcheval,palaisideal,kurtehrmann,postapocalyptique,maisondartiste,artistshouses,sculpturemoderne,francmaconnerie,photosinterdites,gesamtkuntwerk,groupeserveur,lespritdelasalamandre,crashculture,servergroup",Ether (part 2) by Ehrmann's Crew K _DDC0629,6,22,9,1,2010,23,17,8,2,2010,,,
4340418405,40936370@N00,45.837448,4.826248,"portrait,sculpture,snow,streetart,france,art,mystery,museum,architecture,night,dark,painting,graffiti,ruins,rawart,outsiderart,chaos,symbol,contemporaryart,secret,911,apocalypse,taz,nuclear,peinture,eros,container,freemasonry,anarchy,artbrut,nuit,ddc,sanctuary,worldwar,bombing,mystic,cyberpunk,landart,devastation,alchemy,destroy,modernsculpture,prophecy,999,vanitas,endoftheworld,sanctuaire,dadaisme,artprice,salamanderspirit,organmuseum,saintromainaumontdor,demeureduchaos,thierryehrmann,alchimie,artsingulier,prophétie,abodeofchaos,facteurcheval,palaisideal,kurtehrmann,postapocalyptique,maisondartiste,artistshouses,sculpturemoderne,francmaconnerie,photosinterdites,gesamtkuntwerk,groupeserveur,lespritdelasalamandre,crashculture,servergroup",Ether (part 2) by Ehrmann's Crew K _DDC0621,4,22,9,1,2010,23,17,8,2,2010,,,
4340418327,40936370@N00,45.837448,4.826248,"kurtehrmann,night,nuit,abodeofchaos,chaos,lespritdelasalamandre,salamanderspirit,demeureduchaos,thierryehrmann,ddc,999,groupeserveur,taz,organmuseum,servergroup,facteurcheval,palaisideal,sanctuaire,sanctuary,artprice,portrait,painting,peinture,france,museum,sculpture,architecture,maisondartiste,art,artistshouses,streetart,sculpturemoderne,modernsculpture,secret,alchimie,alchemy,landart,artbrut,artsingulier,rawart,symbol,911,contemporaryart,apocalypse,postapocalyptique,cyberpunk,graffiti,vanitas,ruins,prophecy,prophétie,container,dadaisme,outsiderart,mystery,francmaconnerie,photosinterdites,dark,eros,mystic,crashculture,devastation,worldwar,anarchy,nuclear,endoftheworld,saintromainaumontdor,destroy,bombing,gesamtkuntwerk,snow,freemasonry",Ether (part 2) by Ehrmann's Crew K _DDC0737,44,22,9,1,2010,23,17,8,2,2010,,,
4340780024,11817998@N05,45.760626,4.846310,"365,iphone",39/365 - pfff,24,14,8,2,2010,32,14,8,2,2010,,,
4340639810,97211956@N00,45.772275,4.831752,"stairs,lyon,dailypicture,croixrousse",Going Down,13,13,26,7,2009,59,12,8,2,2010,,,
4338279609,90493526@N00,45.771878,4.833254,"streetart,france,europe,lyon,graff,croixrousse","Graff [Lyon, France]",35,16,3,2,2010,13,23,7,2,2010,,,
4339021076,90493526@N00,45.770815,4.831902,"streetart,france,wall,words,europe,lyon,who,drop,mur,those,mots,qui,croixrousse,ceux,abandonnent","Graff [Lyon, France]",31,16,3,2,2010,13,23,7,2,2010,,,
4338594950,40088092@N02,45.749707,4.826431,gareperrache,gare de perrache,12,20,7,2,2010,55,20,7,2,2010,,,
4338277802,45717618@N00,45.783948,4.855345,"bokeh,pensive,day36,delphine,bokeh365",Bokeh - Day 36 : Pensive,6,17,7,2,2010,7,19,7,2,2010,,,
4336995563,11817998@N05,45.760412,4.848017,"365,iphone",38/365 - N * E * R * D,40,15,7,2,2010,42,15,7,2,2010,,,
4337680566,35366306@N08,45.767912,4.836205,"france,film,architecture,analog,opera,lyon,olympus,architektur,epson,modernarchitecture,perfection,nouvel,jeannouvel,v500,mjuii115",lyon opera stairs,16,15,7,2,2010,16,15,7,2,2010,,,
4337680458,35366306@N08,45.767811,4.835979,"france,film,analog,opera,lyon,olympus,epson,modernarchitecture,perfection,nouvel,jeannouvel,v500,mjuii115",lyon opera front,16,15,7,2,2010,16,15,7,2,2010,,,
4336861555,8616915@N07,45.769203,4.835171,,,38,14,7,2,2010,39,14,7,2,2010,,,
4336759015,8616915@N07,45.769203,4.835171,,,41,13,7,2,2010,42,13,7,2,2010,,,
4335020681,45717618@N00,45.758872,4.867681,"bokeh,day35,makis,bokeh365",Bokeh - Day 35 : Makis !,26,21,6,2,2010,51,21,6,2,2010,,,
4334071169,8616915@N07,45.762936,4.833598,,,42,14,6,2,2010,43,14,6,2,2010,,,
4334068877,8616915@N07,45.762936,4.833598,,,41,14,6,2,2010,42,14,6,2,2010,,,
4334066807,8616915@N07,45.762936,4.833598,,,40,14,6,2,2010,41,14,6,2,2010,,,
4334807516,8616915@N07,45.762936,4.833598,,,39,14,6,2,2010,39,14,6,2,2010,,,
4334805794,8616915@N07,45.762936,4.833598,,,38,14,6,2,2010,38,14,6,2,2010,,,
4334061497,8616915@N07,45.762936,4.833598,,,36,14,6,2,2010,37,14,6,2,2010,,,
4334801912,8616915@N07,45.762936,4.833598,,,34,14,6,2,2010,36,14,6,2,2010,,,
4334053517,8616915@N07,45.762936,4.833598,,,31,14,6,2,2010,32,14,6,2,2010,,,
4333913825,8616915@N07,45.759765,4.825933,,LOL,47,12,6,2,2010,48,12,6,2,2010,,,
4334644118,11817998@N05,45.760231,4.847620,"365,iphone",37/365 - Fish fries,35,12,6,2,2010,38,12,6,2,2010,,,
4334614076,15167107@N04,45.738276,4.876315,,A la cuisine,11,12,6,2,2010,12,12,6,2,2010,,,
4333870001,15167107@N04,45.738276,4.876315,,Disney 2010,11,12,6,2,2010,11,12,6,2,2010,,,
4333779715,8616915@N07,45.769203,4.835165,,,44,10,6,2,2010,45,10,6,2,2010,,,
4334517870,8616915@N07,45.769203,4.835165,,,39,10,6,2,2010,41,10,6,2,2010,,,
4334514670,8616915@N07,45.769203,4.835165,,,36,10,6,2,2010,38,10,6,2,2010,,,
4333768411,8616915@N07,45.769203,4.835165,,Cour des voraces,33,10,6,2,2010,35,10,6,2,2010,,,
4333310763,47347684@N08,45.777477,4.859319,"meeting,ump,villeurbanne",Meeting de l'UMP à Villeurbanne,2,22,5,2,2010,26,4,6,2,2010,,,
4334029086,47347684@N08,45.777477,4.859319,"meeting,ump,villeurbanne,élection,rhônealpes,grossetête",Meeting de l'UMP à Villeurbanne,2,20,5,2,2010,11,4,6,2,2010,,,
4333277091,47347684@N08,45.777477,4.859319,"meeting,ump,villeurbanne,rhônealpes",Meeting de l'UMP à Villeurbanne,28,19,5,2,2010,5,4,6,2,2010,,,
4333825868,45717618@N00,45.771002,4.809179,"diy,bokeh,heater,day34,rechaud,bokeh365",Bokeh - Day 34 : DIY heater,56,0,6,2,2010,59,1,6,2,2010,,,
4334623196,11817998@N05,45.760402,4.847972,"365,iphone",36/365 - @10e arrondissement Lyon,25,22,5,2,2010,25,22,5,2,2010,,,
4333397282,45018599@N05,45.767201,4.882060,"sunset,sky,clouds,ciel,nuages,coucherdesoleil,sylvainmestre",Summer misses me,31,20,26,8,2009,55,21,5,2,2010,,,
4333378036,8616915@N07,45.769439,4.834436,,,44,21,5,2,2010,45,21,5,2,2010,,,
4333371146,8616915@N07,45.769203,4.835167,,,40,21,5,2,2010,42,21,5,2,2010,,,
4331980157,8616915@N07,45.760043,4.840775,,,7,16,5,2,2010,8,16,5,2,2010,,,
4332180754,24380554@N05,45.760579,4.834235,,saint jean,29,18,13,12,2009,52,8,5,2,2010,,,
4332175214,24380554@N05,45.761066,4.827014,,fourviere nuit,28,18,13,12,2009,47,8,5,2,2010,,,
4332169612,24380554@N05,45.777303,4.853575,,la tete d'or sua maestà il toro,34,13,13,12,2009,43,8,5,2,2010,,,
4332158552,24380554@N05,45.777303,4.853575,,parc tete d'or una corsa maestosa,30,13,13,12,2009,34,8,5,2,2010,,,
4331413637,24380554@N05,45.777303,4.853575,,"oca contessa, anatra badessa",28,13,13,12,2009,28,8,5,2,2010,,,
4330562175,13453036@N02,45.778332,4.855957,"animal,mammal,zoo,lyon,antelope,beast,eland,antilope,mammifère,têtedor,parcdelatêtedor,bête,commoneland,taurotragusoryx,élandducap,éland",Antilope,46,14,24,1,2010,26,23,4,2,2010,,,
4341162560,40936370@N00,45.837448,4.826248,"portrait,sculpture,snow,streetart,france,art,mystery,museum,architecture,night,dark,painting,graffiti,ruins,rawart,outsiderart,chaos,symbol,contemporaryart,secret,911,apocalypse,taz,nuclear,peinture,eros,container,freemasonry,anarchy,artbrut,nuit,ddc,sanctuary,worldwar,bombing,mystic,cyberpunk,landart,devastation,alchemy,destroy,modernsculpture,prophecy,999,vanitas,endoftheworld,sanctuaire,dadaisme,artprice,salamanderspirit,organmuseum,saintromainaumontdor,demeureduchaos,thierryehrmann,alchimie,artsingulier,prophétie,abodeofchaos,facteurcheval,palaisideal,kurtehrmann,postapocalyptique,maisondartiste,artistshouses,sculpturemoderne,francmaconnerie,photosinterdites,gesamtkuntwerk,groupeserveur,lespritdelasalamandre,crashculture,servergroup",Ether (part 2) by Ehrmann's Crew K _DDC0675,29,22,9,1,2010,23,17,8,2,2010,,,
4330556899,13453036@N02,45.776881,4.854819,"reflection,bird,birds,animal,animals,reflections,zoo,duck,flamingo,ducks,reflet,beast,animaux,reflets,greaterflamingo,phoenicopterusroseus,oiseau,canard,oiseaux,canards,têtedor,flamant,parcdelatêtedor,flamantrose,bête,flamantsroses",Flamants Roses,23,14,4,2,2010,23,23,4,2,2010,,,
4331287500,13453036@N02,45.777026,4.854508,"parcdelatêtedor,lémuriens,lémurien,vari,varis,variroux,varisnoiretblancs,varinoiretblanc,varisblancetnoirs,variblancetnoir,têtedor,maki,makivarinoiretblanc,makivariblancetnoir,makisvarisnoiretblancs,makisvarisblancetnoirs,makivariroux,blackandwhiteruffedlemur,blackandwhiteruffedlemurs,lemur,lemurs,redruffedlemur,makis,makivari,makisvaris,ruffedlemur,ruffedlemurs,zoo,vareciavariegatavariegata,vareciavariegata,vareciavariegatarubra,lémuràcrinière,lémursàcrinières,animal,bête,beast,mammifère,mammal,mammifères,animaux,animals",Lémuriens,21,14,4,2,2010,21,23,4,2,2010,,,
4330551481,13453036@N02,45.777543,4.857641,"bear,animal,mammal,zoo,beast,ours,mammifère,têtedor,spectacledbear,parcdelatêtedor,bête,tremarctosornatus,oursàlunettes,ursusornatus",Ours à lunettes,20,14,4,2,2010,20,23,4,2,2010,,,
4330843304,25922098@N02,45.763297,4.830107,"lyon,passerelle,fourvière,saône",Passerelle du Palais de Justice,44,11,8,11,2009,32,19,4,2,2010,,,
4330843094,25922098@N02,45.761615,4.829792,"juin,lyon,pont,saône,maréchal",Pont du Maréchal Juin,44,11,8,11,2009,32,19,4,2,2010,,,
4330576898,40936370@N00,45.837448,4.826248,"portrait,sculpture,streetart,france,art,mystery,museum,architecture,painting,de,graffiti,la,ruins,rawart,outsiderart,chaos,symbol,mort,contemporaryart,secret,911,apocalypse,taz,peinture,container,electricity,inventor,genius,artbrut,rayon,ddc,sanctuary,cyberpunk,landart,scientist,nikolatesla,alchemy,modernsculpture,prophecy,999,vanitas,electromagnetism,électricité,sanctuaire,ingénieur,electricalengineer,mechanicalengineer,génie,dadaisme,artprice,salamanderspirit,organmuseum,saintromainaumontdor,demeureduchaos,thierryehrmann,alchimie,haarp,énergie,artsingulier,inventeur,prophétie,abodeofchaos,facteurcheval,palaisideal,postapocalyptique,maisondartiste,artistshouses,sculpturemoderne,николатесла,groupeserveur,lespritdelasalamandre,servergroup",Nikola Tesla painted portrait _DDC3420,3,17,4,2,2010,15,17,4,2,2010,,,
4330576838,40936370@N00,45.837448,4.826248,"portrait,sculpture,streetart,france,art,mystery,museum,architecture,painting,de,graffiti,la,ruins,rawart,outsiderart,chaos,symbol,mort,contemporaryart,secret,911,apocalypse,taz,peinture,container,electricity,inventor,genius,artbrut,rayon,ddc,sanctuary,cyberpunk,landart,scientist,nikolatesla,alchemy,modernsculpture,prophecy,999,vanitas,electromagnetism,électricité,sanctuaire,ingénieur,electricalengineer,mechanicalengineer,génie,dadaisme,artprice,salamanderspirit,organmuseum,saintromainaumontdor,demeureduchaos,thierryehrmann,alchimie,haarp,énergie,artsingulier,inventeur,prophétie,abodeofchaos,facteurcheval,palaisideal,postapocalyptique,maisondartiste,artistshouses,sculpturemoderne,николатесла,groupeserveur,lespritdelasalamandre,servergroup",Nikola Tesla painted portrait _DDC3419,3,17,4,2,2010,15,17,4,2,2010,,,
4329843377,40936370@N00,45.837448,4.826248,"portrait,sculpture,streetart,france,art,mystery,museum,architecture,painting,de,graffiti,la,ruins,rawart,outsiderart,chaos,symbol,mort,contemporaryart,secret,911,apocalypse,taz,peinture,container,electricity,inventor,genius,artbrut,rayon,ddc,sanctuary,cyberpunk,landart,scientist,nikolatesla,alchemy,modernsculpture,prophecy,999,vanitas,electromagnetism,électricité,sanctuaire,ingénieur,electricalengineer,mechanicalengineer,génie,dadaisme,artprice,salamanderspirit,organmuseum,saintromainaumontdor,demeureduchaos,thierryehrmann,alchimie,haarp,énergie,artsingulier,inventeur,prophétie,abodeofchaos,facteurcheval,palaisideal,postapocalyptique,maisondartiste,artistshouses,sculpturemoderne,николатесла,groupeserveur,lespritdelasalamandre,servergroup",Nikola Tesla painted portrait _DDC3411,0,17,4,2,2010,15,17,4,2,2010,,,
4330576500,40936370@N00,45.837448,4.826248,"portrait,sculpture,streetart,france,art,mystery,museum,architecture,painting,de,graffiti,la,ruins,rawart,outsiderart,chaos,symbol,mort,contemporaryart,secret,911,apocalypse,taz,peinture,container,electricity,inventor,genius,artbrut,rayon,ddc,sanctuary,cyberpunk,landart,scientist,nikolatesla,alchemy,modernsculpture,prophecy,999,vanitas,electromagnetism,électricité,sanctuaire,ingénieur,electricalengineer,mechanicalengineer,génie,dadaisme,artprice,salamanderspirit,organmuseum,saintromainaumontdor,demeureduchaos,thierryehrmann,alchimie,haarp,énergie,artsingulier,inventeur,prophétie,abodeofchaos,facteurcheval,palaisideal,postapocalyptique,maisondartiste,artistshouses,sculpturemoderne,николатесла,groupeserveur,lespritdelasalamandre,servergroup",Nikola Tesla painted portrait 100_3236,21,15,4,2,2010,15,17,4,2,2010,,,
4329735677,7458786@N08,45.753005,4.837460,"france,flower,rose,market",market flowers,15,22,2,3,2006,21,16,4,2,2010,,,
4330243504,75445510@N00,45.762049,4.836737,"fake,ladyliberty,iphone,fail,fauxlaroid,polaroidonized,polarize,fakearoid,polanot,supersaïyen,polaroidにせポラepolaroid",Lady Liberty Super Saïyen,1,14,4,2,2010,1,14,4,2,2010,,,
4329365387,11817998@N05,45.760392,4.847999,"365,iphone",35/365 - Horton The Salmon,5,12,4,2,2010,6,12,4,2,2010,,,
4329844828,97211956@N00,45.761372,4.830294,"punk,trombone,dailypicture,judas",Punk Trombone,22,13,6,12,2009,20,8,4,2,2010,,,
4328260831,60878213@N00,45.761235,4.831023,"woman,man,black,couple,femme,highcontrast,highkey,homme",L - High key,20,0,17,1,2010,46,23,3,2,2010,,,
4328253447,45717618@N00,45.758872,4.867681,"cat,chat,bokeh,billy,day33,bokeh365",Bokeh - Day 33 : Staring cat (2),5,8,3,2,2010,43,23,3,2,2010,,,
4326722443,24380554@N05,45.751329,4.835720,,Pont de l'Université 03,27,20,10,12,2009,35,8,3,2,2010,,,
4327447404,24380554@N05,45.751329,4.835720,,Pont de l'Université 02,27,20,10,12,2009,29,8,3,2,2010,,,
4326705127,24380554@N05,45.751329,4.835720,,hermes,25,20,10,12,2009,22,8,3,2,2010,,,
4327432984,97211956@N00,45.760638,4.836236,"fan,football,soccer,supporter,dailypicture,stade,caen,malherbe",Football Fan,24,20,12,9,2008,18,8,3,2,2010,,,
4327427416,24380554@N05,45.754159,4.829797,,Lyon nuit,25,19,10,12,2009,14,8,3,2,2010,,,
4327407596,24380554@N05,45.758477,4.831452,,la grande ruota 02,22,19,10,12,2009,0,8,3,2,2010,,,
4326665727,24380554@N05,45.758477,4.831452,,la grande ruota 03,18,19,10,12,2009,53,7,3,2,2010,,,
4326657199,24380554@N05,45.751254,4.827416,,place carnot,37,18,10,12,2009,47,7,3,2,2010,,,
4326245090,45717618@N00,45.758872,4.867681,"bokeh,crepe,day32,chandeleur,bokeh365",Bokeh - Day 32 : Chandeleur,6,21,2,2,2010,52,21,2,2,2010,,,
4325761660,40936370@N00,45.837448,4.826248,"fiction,portrait,sculpture,streetart,france,art,mystery,museum,architecture,dark,painting,movie,graffiti,ruins,rawart,outsiderart,chaos,symbol,contemporaryart,secret,911,apocalypse,taz,peinture,eros,container,freemasonry,artbrut,tournage,ddc,sanctuary,mystic,cyberpunk,landart,alchemy,modernsculpture,prophecy,999,vanitas,sanctuaire,dadaisme,artprice,salamanderspirit,organmuseum,saintromainaumontdor,demeureduchaos,thierryehrmann,alchimie,artsingulier,prophétie,abodeofchaos,facteurcheval,palaisideal,kurtehrmann,postapocalyptique,maisondartiste,artistshouses,actingperformance,sculpturemoderne,francmaconnerie,yokohigashi,ehrmannscrew,lessourcesoccultes,groupeserveur,lespritdelasalamandre,servergroup,laurantcourau,dansebuto,buthodance",Yoko Higashi by Ehrmann's Crew K _DDC2560,18,15,1,2,2010,10,18,2,2,2010,,,
4325024265,40936370@N00,45.837448,4.826248,"fiction,portrait,sculpture,streetart,france,art,mystery,museum,architecture,dark,painting,movie,graffiti,ruins,rawart,outsiderart,chaos,symbol,contemporaryart,secret,911,apocalypse,taz,peinture,eros,container,freemasonry,artbrut,tournage,ddc,sanctuary,mystic,cyberpunk,landart,alchemy,modernsculpture,prophecy,999,vanitas,sanctuaire,dadaisme,artprice,salamanderspirit,organmuseum,saintromainaumontdor,demeureduchaos,thierryehrmann,alchimie,artsingulier,prophétie,abodeofchaos,facteurcheval,palaisideal,kurtehrmann,postapocalyptique,maisondartiste,artistshouses,actingperformance,sculpturemoderne,francmaconnerie,yokohigashi,ehrmannscrew,lessourcesoccultes,groupeserveur,lespritdelasalamandre,servergroup,laurantcourau,dansebuto,buthodance",Yoko Higashi by Ehrmann's Crew K _DDC2642,15,23,27,1,2010,10,18,2,2,2010,,,
4325024191,40936370@N00,45.837448,4.826248,"fiction,portrait,sculpture,streetart,france,art,mystery,museum,architecture,dark,painting,movie,graffiti,ruins,rawart,outsiderart,chaos,symbol,contemporaryart,secret,911,apocalypse,taz,peinture,eros,container,freemasonry,artbrut,tournage,ddc,sanctuary,mystic,cyberpunk,landart,alchemy,modernsculpture,prophecy,999,vanitas,sanctuaire,dadaisme,artprice,salamanderspirit,organmuseum,saintromainaumontdor,demeureduchaos,thierryehrmann,alchimie,artsingulier,prophétie,abodeofchaos,facteurcheval,palaisideal,kurtehrmann,postapocalyptique,maisondartiste,artistshouses,actingperformance,sculpturemoderne,francmaconnerie,yokohigashi,ehrmannscrew,lessourcesoccultes,groupeserveur,lespritdelasalamandre,servergroup,laurantcourau,dansebuto,buthodance",Yoko Higashi by Ehrmann's Crew K _DDC2619 1,3,23,27,1,2010,10,18,2,2,2010,,,
4325023989,40936370@N00,45.837448,4.826248,"fiction,portrait,sculpture,streetart,france,art,mystery,museum,architecture,dark,painting,movie,graffiti,ruins,rawart,outsiderart,chaos,symbol,contemporaryart,secret,911,apocalypse,taz,peinture,eros,container,freemasonry,artbrut,tournage,ddc,sanctuary,mystic,cyberpunk,landart,alchemy,modernsculpture,prophecy,999,vanitas,sanctuaire,dadaisme,artprice,salamanderspirit,organmuseum,saintromainaumontdor,demeureduchaos,thierryehrmann,alchimie,artsingulier,prophétie,abodeofchaos,facteurcheval,palaisideal,kurtehrmann,postapocalyptique,maisondartiste,artistshouses,actingperformance,sculpturemoderne,francmaconnerie,yokohigashi,ehrmannscrew,lessourcesoccultes,groupeserveur,lespritdelasalamandre,servergroup,laurantcourau,dansebuto,buthodance",Yoko Higashi by Ehrmann's Crew K _DDC2555,12,22,27,1,2010,10,18,2,2,2010,,,
4325760982,40936370@N00,45.837448,4.826248,"fiction,portrait,sculpture,streetart,france,art,mystery,museum,architecture,dark,painting,movie,graffiti,ruins,rawart,outsiderart,chaos,symbol,contemporaryart,secret,911,apocalypse,taz,peinture,eros,container,freemasonry,artbrut,tournage,ddc,sanctuary,mystic,cyberpunk,landart,alchemy,modernsculpture,prophecy,999,vanitas,sanctuaire,dadaisme,artprice,salamanderspirit,organmuseum,saintromainaumontdor,demeureduchaos,thierryehrmann,alchimie,artsingulier,prophétie,abodeofchaos,facteurcheval,palaisideal,kurtehrmann,postapocalyptique,maisondartiste,artistshouses,actingperformance,sculpturemoderne,francmaconnerie,yokohigashi,ehrmannscrew,lessourcesoccultes,groupeserveur,lespritdelasalamandre,servergroup,laurantcourau,dansebuto,buthodance",Yoko Higashi by Ehrmann's Crew K _DDC2528,37,21,27,1,2010,10,18,2,2,2010,,,
4325760914,40936370@N00,45.837448,4.826248,"fiction,portrait,sculpture,streetart,france,art,mystery,museum,architecture,dark,painting,movie,graffiti,ruins,rawart,outsiderart,chaos,symbol,contemporaryart,secret,911,apocalypse,taz,peinture,eros,container,freemasonry,artbrut,tournage,ddc,sanctuary,mystic,cyberpunk,landart,alchemy,modernsculpture,prophecy,999,vanitas,sanctuaire,dadaisme,artprice,salamanderspirit,organmuseum,saintromainaumontdor,demeureduchaos,thierryehrmann,alchimie,artsingulier,prophétie,abodeofchaos,facteurcheval,palaisideal,kurtehrmann,postapocalyptique,maisondartiste,artistshouses,actingperformance,sculpturemoderne,francmaconnerie,yokohigashi,ehrmannscrew,lessourcesoccultes,groupeserveur,lespritdelasalamandre,servergroup,laurantcourau,dansebuto,buthodance",Yoko Higashi by Ehrmann's Crew K _DDC2521,33,21,27,1,2010,10,18,2,2,2010,,,
4325760840,40936370@N00,45.837448,4.826248,"fiction,portrait,sculpture,streetart,france,art,mystery,museum,architecture,dark,painting,movie,graffiti,ruins,rawart,outsiderart,chaos,symbol,contemporaryart,secret,911,apocalypse,taz,peinture,eros,container,freemasonry,artbrut,tournage,ddc,sanctuary,mystic,cyberpunk,landart,alchemy,modernsculpture,prophecy,999,vanitas,sanctuaire,dadaisme,artprice,salamanderspirit,organmuseum,saintromainaumontdor,demeureduchaos,thierryehrmann,alchimie,artsingulier,prophétie,abodeofchaos,facteurcheval,palaisideal,kurtehrmann,postapocalyptique,maisondartiste,artistshouses,actingperformance,sculpturemoderne,francmaconnerie,yokohigashi,ehrmannscrew,lessourcesoccultes,groupeserveur,lespritdelasalamandre,servergroup,laurantcourau,dansebuto,buthodance",Yoko Higashi by Ehrmann's Crew K _DDC2511,30,21,27,1,2010,10,18,2,2,2010,,,
4325760770,40936370@N00,45.837448,4.826248,"fiction,portrait,sculpture,streetart,france,art,mystery,museum,architecture,dark,painting,movie,graffiti,ruins,rawart,outsiderart,chaos,symbol,contemporaryart,secret,911,apocalypse,taz,peinture,eros,container,freemasonry,artbrut,tournage,ddc,sanctuary,mystic,cyberpunk,landart,alchemy,modernsculpture,prophecy,999,vanitas,sanctuaire,dadaisme,artprice,salamanderspirit,organmuseum,saintromainaumontdor,demeureduchaos,thierryehrmann,alchimie,artsingulier,prophétie,abodeofchaos,facteurcheval,palaisideal,kurtehrmann,postapocalyptique,maisondartiste,artistshouses,actingperformance,sculpturemoderne,francmaconnerie,yokohigashi,ehrmannscrew,lessourcesoccultes,groupeserveur,lespritdelasalamandre,servergroup,laurantcourau,dansebuto,buthodance",Yoko Higashi by Ehrmann's Crew K _DDC2510,29,21,27,1,2010,10,18,2,2,2010,,,
4325023653,40936370@N00,45.837448,4.826248,"fiction,portrait,sculpture,streetart,france,art,mystery,museum,architecture,dark,painting,movie,graffiti,ruins,rawart,outsiderart,chaos,symbol,contemporaryart,secret,911,apocalypse,taz,peinture,eros,container,freemasonry,artbrut,tournage,ddc,sanctuary,mystic,cyberpunk,landart,alchemy,modernsculpture,prophecy,999,vanitas,sanctuaire,dadaisme,artprice,salamanderspirit,organmuseum,saintromainaumontdor,demeureduchaos,thierryehrmann,alchimie,artsingulier,prophétie,abodeofchaos,facteurcheval,palaisideal,kurtehrmann,postapocalyptique,maisondartiste,artistshouses,actingperformance,sculpturemoderne,francmaconnerie,yokohigashi,ehrmannscrew,lessourcesoccultes,groupeserveur,lespritdelasalamandre,servergroup,laurantcourau,dansebuto,buthodance",Yoko Higashi by Ehrmann's Crew K _DDC2509,29,21,27,1,2010,10,18,2,2,2010,,,
4325760622,40936370@N00,45.837448,4.826248,"fiction,portrait,sculpture,streetart,france,art,mystery,museum,architecture,dark,painting,movie,graffiti,ruins,rawart,outsiderart,chaos,symbol,contemporaryart,secret,911,apocalypse,taz,peinture,eros,container,freemasonry,artbrut,tournage,ddc,sanctuary,mystic,cyberpunk,landart,alchemy,modernsculpture,prophecy,999,vanitas,sanctuaire,dadaisme,artprice,salamanderspirit,organmuseum,saintromainaumontdor,demeureduchaos,thierryehrmann,alchimie,artsingulier,prophétie,abodeofchaos,facteurcheval,palaisideal,kurtehrmann,postapocalyptique,maisondartiste,artistshouses,actingperformance,sculpturemoderne,francmaconnerie,yokohigashi,ehrmannscrew,lessourcesoccultes,groupeserveur,lespritdelasalamandre,servergroup,laurantcourau,dansebuto,buthodance",Yoko Higashi by Ehrmann's Crew K _DDC2493,19,21,27,1,2010,10,18,2,2,2010,,,
4325023537,40936370@N00,45.837448,4.826248,"fiction,portrait,sculpture,streetart,france,art,mystery,museum,architecture,dark,painting,movie,graffiti,ruins,rawart,outsiderart,chaos,symbol,contemporaryart,secret,911,apocalypse,taz,peinture,eros,container,freemasonry,artbrut,tournage,ddc,sanctuary,mystic,cyberpunk,landart,alchemy,modernsculpture,prophecy,999,vanitas,sanctuaire,dadaisme,artprice,salamanderspirit,organmuseum,saintromainaumontdor,demeureduchaos,thierryehrmann,alchimie,artsingulier,prophétie,abodeofchaos,facteurcheval,palaisideal,kurtehrmann,postapocalyptique,maisondartiste,artistshouses,actingperformance,sculpturemoderne,francmaconnerie,yokohigashi,ehrmannscrew,lessourcesoccultes,groupeserveur,lespritdelasalamandre,servergroup,laurantcourau,dansebuto,buthodance",Yoko Higashi by Ehrmann's Crew K _DDC2492,19,21,27,1,2010,9,18,2,2,2010,,,
4325760280,40936370@N00,45.837448,4.826248,"fiction,portrait,sculpture,streetart,france,art,mystery,museum,architecture,dark,painting,movie,graffiti,ruins,rawart,outsiderart,chaos,symbol,contemporaryart,secret,911,apocalypse,taz,peinture,eros,container,freemasonry,artbrut,tournage,ddc,sanctuary,mystic,cyberpunk,landart,alchemy,modernsculpture,prophecy,999,vanitas,sanctuaire,dadaisme,artprice,salamanderspirit,organmuseum,saintromainaumontdor,demeureduchaos,thierryehrmann,alchimie,artsingulier,prophétie,abodeofchaos,facteurcheval,palaisideal,kurtehrmann,postapocalyptique,maisondartiste,artistshouses,actingperformance,sculpturemoderne,francmaconnerie,yokohigashi,ehrmannscrew,lessourcesoccultes,groupeserveur,lespritdelasalamandre,servergroup,laurantcourau,dansebuto,buthodance",Yoko Higashi by Ehrmann's Crew K _DDC2423,23,20,27,1,2010,9,18,2,2,2010,,,
4325023093,40936370@N00,45.837448,4.826248,"fiction,portrait,sculpture,streetart,france,art,mystery,museum,architecture,dark,painting,movie,graffiti,ruins,rawart,outsiderart,chaos,symbol,contemporaryart,secret,911,apocalypse,taz,peinture,eros,container,freemasonry,artbrut,tournage,ddc,sanctuary,mystic,cyberpunk,landart,alchemy,modernsculpture,prophecy,999,vanitas,sanctuaire,dadaisme,artprice,salamanderspirit,organmuseum,saintromainaumontdor,demeureduchaos,thierryehrmann,alchimie,artsingulier,prophétie,abodeofchaos,facteurcheval,palaisideal,kurtehrmann,postapocalyptique,maisondartiste,artistshouses,actingperformance,sculpturemoderne,francmaconnerie,yokohigashi,ehrmannscrew,lessourcesoccultes,groupeserveur,lespritdelasalamandre,servergroup,laurantcourau,dansebuto,buthodance",Yoko Higashi by Ehrmann's Crew K _DDC2421,23,20,27,1,2010,9,18,2,2,2010,,,
4325760142,40936370@N00,45.837448,4.826248,"fiction,portrait,sculpture,streetart,france,art,mystery,museum,architecture,dark,painting,movie,graffiti,ruins,rawart,outsiderart,chaos,symbol,contemporaryart,secret,911,apocalypse,taz,peinture,eros,container,freemasonry,artbrut,tournage,ddc,sanctuary,mystic,cyberpunk,landart,alchemy,modernsculpture,prophecy,999,vanitas,sanctuaire,dadaisme,artprice,salamanderspirit,organmuseum,saintromainaumontdor,demeureduchaos,thierryehrmann,alchimie,artsingulier,prophétie,abodeofchaos,facteurcheval,palaisideal,kurtehrmann,postapocalyptique,maisondartiste,artistshouses,actingperformance,sculpturemoderne,francmaconnerie,yokohigashi,ehrmannscrew,lessourcesoccultes,groupeserveur,lespritdelasalamandre,servergroup,laurantcourau,dansebuto,buthodance",Yoko Higashi by Ehrmann's Crew K _DDC2415,21,20,27,1,2010,9,18,2,2,2010,,,
4325760062,40936370@N00,45.837448,4.826248,"fiction,portrait,sculpture,streetart,france,art,mystery,museum,architecture,dark,painting,movie,graffiti,ruins,rawart,outsiderart,chaos,symbol,contemporaryart,secret,911,apocalypse,taz,peinture,eros,container,freemasonry,artbrut,tournage,ddc,sanctuary,mystic,cyberpunk,landart,alchemy,modernsculpture,prophecy,999,vanitas,sanctuaire,dadaisme,artprice,salamanderspirit,organmuseum,saintromainaumontdor,demeureduchaos,thierryehrmann,alchimie,artsingulier,prophétie,abodeofchaos,facteurcheval,palaisideal,kurtehrmann,postapocalyptique,maisondartiste,artistshouses,actingperformance,sculpturemoderne,francmaconnerie,yokohigashi,ehrmannscrew,lessourcesoccultes,groupeserveur,lespritdelasalamandre,servergroup,laurantcourau,dansebuto,buthodance",Yoko Higashi by Ehrmann's Crew K _DDC2414,21,20,27,1,2010,9,18,2,2,2010,,,
4325022799,40936370@N00,45.837448,4.826248,"fiction,portrait,sculpture,streetart,france,art,mystery,museum,architecture,dark,painting,movie,graffiti,ruins,rawart,outsiderart,chaos,symbol,contemporaryart,secret,911,apocalypse,taz,peinture,eros,container,freemasonry,artbrut,tournage,ddc,sanctuary,mystic,cyberpunk,landart,alchemy,modernsculpture,prophecy,999,vanitas,sanctuaire,dadaisme,artprice,salamanderspirit,organmuseum,saintromainaumontdor,demeureduchaos,thierryehrmann,alchimie,artsingulier,prophétie,abodeofchaos,facteurcheval,palaisideal,kurtehrmann,postapocalyptique,maisondartiste,artistshouses,actingperformance,sculpturemoderne,francmaconnerie,yokohigashi,ehrmannscrew,lessourcesoccultes,groupeserveur,lespritdelasalamandre,servergroup,laurantcourau,dansebuto,buthodance",Yoko Higashi by Ehrmann's Crew K _DDC2409,20,20,27,1,2010,9,18,2,2,2010,,,
4325022349,40936370@N00,45.837448,4.826248,"fiction,portrait,sculpture,streetart,france,art,mystery,museum,architecture,dark,painting,movie,graffiti,ruins,rawart,outsiderart,chaos,symbol,contemporaryart,secret,911,apocalypse,taz,peinture,eros,container,freemasonry,artbrut,tournage,ddc,sanctuary,mystic,cyberpunk,landart,alchemy,modernsculpture,prophecy,999,vanitas,sanctuaire,dadaisme,artprice,salamanderspirit,organmuseum,saintromainaumontdor,demeureduchaos,thierryehrmann,alchimie,artsingulier,prophétie,abodeofchaos,facteurcheval,palaisideal,kurtehrmann,postapocalyptique,maisondartiste,artistshouses,actingperformance,sculpturemoderne,francmaconnerie,yokohigashi,ehrmannscrew,lessourcesoccultes,groupeserveur,lespritdelasalamandre,servergroup,laurantcourau,dansebuto,buthodance",Yoko Higashi by Ehrmann's Crew K _DDC2359,3,20,27,1,2010,9,18,2,2,2010,,,
4325022265,40936370@N00,45.837448,4.826248,"fiction,portrait,sculpture,streetart,france,art,mystery,museum,architecture,dark,painting,movie,graffiti,ruins,rawart,outsiderart,chaos,symbol,contemporaryart,secret,911,apocalypse,taz,peinture,eros,container,freemasonry,artbrut,tournage,ddc,sanctuary,mystic,cyberpunk,landart,alchemy,modernsculpture,prophecy,999,vanitas,sanctuaire,dadaisme,artprice,salamanderspirit,organmuseum,saintromainaumontdor,demeureduchaos,thierryehrmann,alchimie,artsingulier,prophétie,abodeofchaos,facteurcheval,palaisideal,kurtehrmann,postapocalyptique,maisondartiste,artistshouses,actingperformance,sculpturemoderne,francmaconnerie,yokohigashi,ehrmannscrew,lessourcesoccultes,groupeserveur,lespritdelasalamandre,servergroup,laurantcourau,dansebuto,buthodance",Yoko Higashi by Ehrmann's Crew K _DDC2354,55,19,27,1,2010,9,18,2,2,2010,,,
4325022165,40936370@N00,45.837448,4.826248,"fiction,portrait,sculpture,streetart,france,art,mystery,museum,architecture,dark,painting,movie,graffiti,ruins,rawart,outsiderart,chaos,symbol,contemporaryart,secret,911,apocalypse,taz,peinture,eros,container,freemasonry,artbrut,tournage,ddc,sanctuary,mystic,cyberpunk,landart,alchemy,modernsculpture,prophecy,999,vanitas,sanctuaire,dadaisme,artprice,salamanderspirit,organmuseum,saintromainaumontdor,demeureduchaos,thierryehrmann,alchimie,artsingulier,prophétie,abodeofchaos,facteurcheval,palaisideal,kurtehrmann,postapocalyptique,maisondartiste,artistshouses,actingperformance,sculpturemoderne,francmaconnerie,yokohigashi,ehrmannscrew,lessourcesoccultes,groupeserveur,lespritdelasalamandre,servergroup,laurantcourau,dansebuto,buthodance",Yoko Higashi by Ehrmann's Crew K _DDC2344,53,19,27,1,2010,9,18,2,2,2010,,,
4325697062,52499764@N00,45.745219,4.871417,"tree,film,window,35mm,louis,lomo,lca,xpro,lomography,lyon,lumière,seat,slide,lomolca,scan,palmtree,200,salon,analogue,135,35,ektachrome,arbre,fenêtre,institut,tabouret,palmier,siège,argentique,fauteuil,diapositive,ekta,diapo,pellicule,positif,lomographyslidexpro200,institutlouislumière","Institut Louis Lumière (06) - 13Nov09, Lyon (France)",30,17,13,11,2009,42,17,2,2,2010,,,
4331293230,13453036@N02,45.777333,4.852609,"animal,animals,mammal,zoo,cow,beast,animaux,vache,mammifère,watusi,têtedor,ankole,parcdelatêtedor,bête,bostaurus,mammifères,watusis",Watusis,24,14,4,2,2010,24,23,4,2,2010,,,
4330577010,40936370@N00,45.837448,4.826248,"portrait,sculpture,streetart,france,art,mystery,museum,architecture,painting,de,graffiti,la,ruins,rawart,outsiderart,chaos,symbol,mort,contemporaryart,secret,911,apocalypse,taz,peinture,container,electricity,inventor,genius,artbrut,rayon,ddc,sanctuary,cyberpunk,landart,scientist,nikolatesla,alchemy,modernsculpture,prophecy,999,vanitas,electromagnetism,électricité,sanctuaire,ingénieur,electricalengineer,mechanicalengineer,génie,dadaisme,artprice,salamanderspirit,organmuseum,saintromainaumontdor,demeureduchaos,thierryehrmann,alchimie,haarp,énergie,artsingulier,inventeur,prophétie,abodeofchaos,facteurcheval,palaisideal,postapocalyptique,maisondartiste,artistshouses,sculpturemoderne,николатесла,groupeserveur,lespritdelasalamandre,servergroup",Nikola Tesla painted portrait _DDC3422,4,17,4,2,2010,15,17,4,2,2010,,,
4329843639,40936370@N00,45.837448,4.826248,"portrait,sculpture,streetart,france,art,mystery,museum,architecture,painting,de,graffiti,la,ruins,rawart,outsiderart,chaos,symbol,mort,contemporaryart,secret,911,apocalypse,taz,peinture,container,electricity,inventor,genius,artbrut,rayon,ddc,sanctuary,cyberpunk,landart,scientist,nikolatesla,alchemy,modernsculpture,prophecy,999,vanitas,electromagnetism,électricité,sanctuaire,ingénieur,electricalengineer,mechanicalengineer,génie,dadaisme,artprice,salamanderspirit,organmuseum,saintromainaumontdor,demeureduchaos,thierryehrmann,alchimie,haarp,énergie,artsingulier,inventeur,prophétie,abodeofchaos,facteurcheval,palaisideal,postapocalyptique,maisondartiste,artistshouses,sculpturemoderne,николатесла,groupeserveur,lespritdelasalamandre,servergroup",Nikola Tesla painted portrait _DDC3421,3,17,4,2,2010,15,17,4,2,2010,,,
4330576628,40936370@N00,45.837448,4.826248,"portrait,sculpture,streetart,france,art,mystery,museum,architecture,painting,de,graffiti,la,ruins,rawart,outsiderart,chaos,symbol,mort,contemporaryart,secret,911,apocalypse,taz,peinture,container,electricity,inventor,genius,artbrut,rayon,ddc,sanctuary,cyberpunk,landart,scientist,nikolatesla,alchemy,modernsculpture,prophecy,999,vanitas,electromagnetism,électricité,sanctuaire,ingénieur,electricalengineer,mechanicalengineer,génie,dadaisme,artprice,salamanderspirit,organmuseum,saintromainaumontdor,demeureduchaos,thierryehrmann,alchimie,haarp,énergie,artsingulier,inventeur,prophétie,abodeofchaos,facteurcheval,palaisideal,postapocalyptique,maisondartiste,artistshouses,sculpturemoderne,николатесла,groupeserveur,lespritdelasalamandre,servergroup",Nikola Tesla painted portrait _DDC3410,0,17,4,2,2010,15,17,4,2,2010,,,
4329843219,40936370@N00,45.837448,4.826248,"portrait,sculpture,streetart,france,art,mystery,museum,architecture,painting,de,graffiti,la,ruins,rawart,outsiderart,chaos,symbol,mort,contemporaryart,secret,911,apocalypse,taz,peinture,container,electricity,inventor,genius,artbrut,rayon,ddc,sanctuary,cyberpunk,landart,scientist,nikolatesla,alchemy,modernsculpture,prophecy,999,vanitas,electromagnetism,électricité,sanctuaire,ingénieur,electricalengineer,mechanicalengineer,génie,dadaisme,artprice,salamanderspirit,organmuseum,saintromainaumontdor,demeureduchaos,thierryehrmann,alchimie,haarp,énergie,artsingulier,inventeur,prophétie,abodeofchaos,facteurcheval,palaisideal,postapocalyptique,maisondartiste,artistshouses,sculpturemoderne,николатесла,groupeserveur,lespritdelasalamandre,servergroup",Nikola Tesla painted portrait _DDC3407,59,16,4,2,2010,15,17,4,2,2010,,,
4325024363,40936370@N00,45.837448,4.826248,"fiction,portrait,sculpture,streetart,france,art,mystery,museum,architecture,dark,painting,movie,graffiti,ruins,rawart,outsiderart,chaos,symbol,contemporaryart,secret,911,apocalypse,taz,peinture,eros,container,freemasonry,artbrut,tournage,ddc,sanctuary,mystic,cyberpunk,landart,alchemy,modernsculpture,prophecy,999,vanitas,sanctuaire,dadaisme,artprice,salamanderspirit,organmuseum,saintromainaumontdor,demeureduchaos,thierryehrmann,alchimie,artsingulier,prophétie,abodeofchaos,facteurcheval,palaisideal,kurtehrmann,postapocalyptique,maisondartiste,artistshouses,actingperformance,sculpturemoderne,francmaconnerie,yokohigashi,ehrmannscrew,lessourcesoccultes,groupeserveur,lespritdelasalamandre,servergroup,laurantcourau,dansebuto,buthodance",Yoko Higashi by Ehrmann's Crew K _DDC2646,16,23,27,1,2010,10,18,2,2,2010,,,
4325695218,52499764@N00,45.784307,4.853156,"light,urban,blur,tree,film,night,35mm,landscape,blurry,lomo,lca,xpro,lomography,lyon,lumière,cité,lawn,slide,lomolca,scan,200,analogue,135,paysage,35,ektachrome,nuit,arbre,flou,pelouse,internationale,argentique,diapositive,urbain,ekta,diapo,pellicule,positif,citéinternationale,lomographyslidexpro200","Cité Internationale - 12Nov09, Lyon (France)",52,22,12,11,2009,41,17,2,2,2010,,,
4324792666,97211956@N00,45.759363,4.826988,"beer,glass,bar,leffe,dailypicture",Leffe,18,22,21,11,2009,20,8,2,2,2010,,,
4324208608,77338686@N00,45.770408,4.837310,"sigma,45,fisheye,bubble,nuit,immeuble,cour,rond,trepied,anagramme,pauselongue",Last but not least,34,19,26,1,2010,23,3,2,2,2010,,,
4323618550,45717618@N00,45.762119,4.834939,"bokeh,day31,soif,ninkasi,bokeh365",Bokeh - Day 31 : petite soif,37,21,1,2,2010,11,23,1,2,2010,,,
4322761799,35839321@N02,45.779698,4.872801,"city,moon,white,black,night,lune,lights,noir,lumiere,et,nuit,blanc,ville",city at night,52,21,1,2,2010,24,22,1,2,2010,,,
4322761789,35839321@N02,45.779717,4.872779,"light,sky,moon,lune,twilight,ciel,crepuscule,lumliere",night's coming,25,21,1,2,2010,24,22,1,2,2010,,,
4322761797,35839321@N02,45.779717,4.872812,"night,lights,blurred,lumiere,nuit,flou",flashing lights,34,21,1,2,2010,24,22,1,2,2010,,,
4321895045,44566442@N08,45.714117,4.966022,,Aramisére aime l hiver,34,16,1,2,2010,36,16,1,2,2010,,,
4322133600,40936370@N00,45.837448,4.826248,"portrait,sculpture,streetart,france,art,mystery,museum,architecture,painting,graffiti,ruins,artist,rawart,outsiderart,chaos,symbol,contemporaryart,modernart,secret,911,apocalypse,taz,peinture,eros,container,artbrut,ddc,sanctuary,mystic,thekiss,sculptor,cyberpunk,landart,alchemy,modernsculpture,prophecy,999,davincicode,vanitas,sanctuaire,artmoderne,lebaiser,surréaliste,sculpteur,dadaisme,artprice,salamanderspirit,organmuseum,saintromainaumontdor,demeureduchaos,thierryehrmann,alchimie,artsingulier,constantinbrancusi,theendlesscolumn,surréalist,birdinspace,prophétie,abodeofchaos,facteurcheval,palaisideal,sleepingmuse,loiseaudanslespace,postapocalyptique,maisondartiste,artistshouses,sculpturemoderne,lamuseendormie,groupeserveur,lespritdelasalamandre,servergroup,atriste,pioneerofmodernism,colonnesansfin,thepatriarchofmodernsculpture",Constantin Brancusi painted portrait _DDC2715,11,13,1,2,2010,25,12,1,2,2010,,,
4321399499,40936370@N00,45.837448,4.826248,"portrait,sculpture,streetart,france,art,mystery,museum,architecture,painting,graffiti,ruins,artist,rawart,outsiderart,chaos,symbol,contemporaryart,modernart,secret,911,apocalypse,taz,peinture,eros,container,artbrut,ddc,sanctuary,mystic,thekiss,sculptor,cyberpunk,landart,alchemy,modernsculpture,prophecy,999,davincicode,vanitas,sanctuaire,artmoderne,lebaiser,surréaliste,sculpteur,dadaisme,artprice,salamanderspirit,organmuseum,saintromainaumontdor,demeureduchaos,thierryehrmann,alchimie,artsingulier,constantinbrancusi,theendlesscolumn,surréalist,birdinspace,prophétie,abodeofchaos,facteurcheval,palaisideal,sleepingmuse,loiseaudanslespace,postapocalyptique,maisondartiste,artistshouses,sculpturemoderne,lamuseendormie,groupeserveur,lespritdelasalamandre,servergroup,atriste,pioneerofmodernism,colonnesansfin,thepatriarchofmodernsculpture",Constantin Brancusi painted portrait _DDC2714,11,13,1,2,2010,25,12,1,2,2010,,,
4321393767,52499764@N00,45.759641,4.817579,"house,tree,film,35mm,bench,lomo,lca,xpro,lomography,lyon,slide,lomolca,scan,200,analogue,135,35,maison,ektachrome,arbre,banc,argentique,diapositive,ekta,diapo,pellicule,positif,lomographyslidexpro200","House - 12Nov09, Lyon (France)",35,17,12,11,2009,22,12,1,2,2010,,,
4322127524,52499764@N00,45.759641,4.817579,"building,film,35mm,lomo,lca,xpro,lomography,lyon,slide,lomolca,scan,200,analogue,135,sanatorium,35,ektachrome,bâtiment,argentique,diapositive,ekta,diapo,pellicule,positif,lomographyslidexpro200","Sanatorium (02) - 12Nov09, Lyon (France)",40,17,12,11,2009,21,12,1,2,2010,,,
4321365411,40936370@N00,45.837448,4.826248,"fiction,portrait,sculpture,streetart,france,art,mystery,museum,architecture,dark,painting,movie,graffiti,ruins,rawart,outsiderart,chaos,symbol,contemporaryart,secret,911,apocalypse,taz,peinture,eros,container,freemasonry,artbrut,tournage,ddc,sanctuary,mystic,cyberpunk,landart,alchemy,modernsculpture,prophecy,999,vanitas,sanctuaire,dadaisme,artprice,salamanderspirit,organmuseum,saintromainaumontdor,demeureduchaos,thierryehrmann,alchimie,artsingulier,prophétie,abodeofchaos,facteurcheval,palaisideal,kurtehrmann,postapocalyptique,maisondartiste,artistshouses,actingperformance,sculpturemoderne,francmaconnerie,yokohigashi,ehrmannscrew,lessourcesoccultes,groupeserveur,lespritdelasalamandre,servergroup,laurantcourau,dansebuto,buthodance",Yoko Higashi - yoko2-27,19,16,29,1,2010,3,12,1,2,2010,,,
4321365357,40936370@N00,45.837448,4.826248,"fiction,portrait,sculpture,streetart,france,art,mystery,museum,architecture,dark,painting,movie,graffiti,ruins,rawart,outsiderart,chaos,symbol,contemporaryart,secret,911,apocalypse,taz,peinture,eros,container,freemasonry,artbrut,tournage,ddc,sanctuary,mystic,cyberpunk,landart,alchemy,modernsculpture,prophecy,999,vanitas,sanctuaire,dadaisme,artprice,salamanderspirit,organmuseum,saintromainaumontdor,demeureduchaos,thierryehrmann,alchimie,artsingulier,prophétie,abodeofchaos,facteurcheval,palaisideal,kurtehrmann,postapocalyptique,maisondartiste,artistshouses,actingperformance,sculpturemoderne,francmaconnerie,yokohigashi,ehrmannscrew,lessourcesoccultes,groupeserveur,lespritdelasalamandre,servergroup,laurantcourau,dansebuto,buthodance",Yoko Higashi - yoko2-26,18,16,29,1,2010,3,12,1,2,2010,,,
4322099686,40936370@N00,45.837448,4.826248,"fiction,portrait,sculpture,streetart,france,art,mystery,museum,architecture,dark,painting,movie,graffiti,ruins,rawart,outsiderart,chaos,symbol,contemporaryart,secret,911,apocalypse,taz,peinture,eros,container,freemasonry,artbrut,tournage,ddc,sanctuary,mystic,cyberpunk,landart,alchemy,modernsculpture,prophecy,999,vanitas,sanctuaire,dadaisme,artprice,salamanderspirit,organmuseum,saintromainaumontdor,demeureduchaos,thierryehrmann,alchimie,artsingulier,prophétie,abodeofchaos,facteurcheval,palaisideal,kurtehrmann,postapocalyptique,maisondartiste,artistshouses,actingperformance,sculpturemoderne,francmaconnerie,yokohigashi,ehrmannscrew,lessourcesoccultes,groupeserveur,lespritdelasalamandre,servergroup,laurantcourau,dansebuto,buthodance",Yoko Higashi - yoko2-25,18,16,29,1,2010,3,12,1,2,2010,,,
4321365259,40936370@N00,45.837448,4.826248,"fiction,portrait,sculpture,streetart,france,art,mystery,museum,architecture,dark,painting,movie,graffiti,ruins,rawart,outsiderart,chaos,symbol,contemporaryart,secret,911,apocalypse,taz,peinture,eros,container,freemasonry,artbrut,tournage,ddc,sanctuary,mystic,cyberpunk,landart,alchemy,modernsculpture,prophecy,999,vanitas,sanctuaire,dadaisme,artprice,salamanderspirit,organmuseum,saintromainaumontdor,demeureduchaos,thierryehrmann,alchimie,artsingulier,prophétie,abodeofchaos,facteurcheval,palaisideal,kurtehrmann,postapocalyptique,maisondartiste,artistshouses,actingperformance,sculpturemoderne,francmaconnerie,yokohigashi,ehrmannscrew,lessourcesoccultes,groupeserveur,lespritdelasalamandre,servergroup,laurantcourau,dansebuto,buthodance",Yoko Higashi - yoko2-24,17,16,29,1,2010,3,12,1,2,2010,,,
4322099568,40936370@N00,45.837448,4.826248,"fiction,portrait,sculpture,streetart,france,art,mystery,museum,architecture,dark,painting,movie,graffiti,ruins,rawart,outsiderart,chaos,symbol,contemporaryart,secret,911,apocalypse,taz,peinture,eros,container,freemasonry,artbrut,tournage,ddc,sanctuary,mystic,cyberpunk,landart,alchemy,modernsculpture,prophecy,999,vanitas,sanctuaire,dadaisme,artprice,salamanderspirit,organmuseum,saintromainaumontdor,demeureduchaos,thierryehrmann,alchimie,artsingulier,prophétie,abodeofchaos,facteurcheval,palaisideal,kurtehrmann,postapocalyptique,maisondartiste,artistshouses,actingperformance,sculpturemoderne,francmaconnerie,yokohigashi,ehrmannscrew,lessourcesoccultes,groupeserveur,lespritdelasalamandre,servergroup,laurantcourau,dansebuto,buthodance",Yoko Higashi - yoko2-23,17,16,29,1,2010,3,12,1,2,2010,,,
4321365151,40936370@N00,45.837448,4.826248,"fiction,portrait,sculpture,streetart,france,art,mystery,museum,architecture,dark,painting,movie,graffiti,ruins,rawart,outsiderart,chaos,symbol,contemporaryart,secret,911,apocalypse,taz,peinture,eros,container,freemasonry,artbrut,tournage,ddc,sanctuary,mystic,cyberpunk,landart,alchemy,modernsculpture,prophecy,999,vanitas,sanctuaire,dadaisme,artprice,salamanderspirit,organmuseum,saintromainaumontdor,demeureduchaos,thierryehrmann,alchimie,artsingulier,prophétie,abodeofchaos,facteurcheval,palaisideal,kurtehrmann,postapocalyptique,maisondartiste,artistshouses,actingperformance,sculpturemoderne,francmaconnerie,yokohigashi,ehrmannscrew,lessourcesoccultes,groupeserveur,lespritdelasalamandre,servergroup,laurantcourau,dansebuto,buthodance",Yoko Higashi - yoko2-22,17,16,29,1,2010,3,12,1,2,2010,,,
4321365085,40936370@N00,45.837448,4.826248,"fiction,portrait,sculpture,streetart,france,art,mystery,museum,architecture,dark,painting,movie,graffiti,ruins,rawart,outsiderart,chaos,symbol,contemporaryart,secret,911,apocalypse,taz,peinture,eros,container,freemasonry,artbrut,tournage,ddc,sanctuary,mystic,cyberpunk,landart,alchemy,modernsculpture,prophecy,999,vanitas,sanctuaire,dadaisme,artprice,salamanderspirit,organmuseum,saintromainaumontdor,demeureduchaos,thierryehrmann,alchimie,artsingulier,prophétie,abodeofchaos,facteurcheval,palaisideal,kurtehrmann,postapocalyptique,maisondartiste,artistshouses,actingperformance,sculpturemoderne,francmaconnerie,yokohigashi,ehrmannscrew,lessourcesoccultes,groupeserveur,lespritdelasalamandre,servergroup,laurantcourau,dansebuto,buthodance",Yoko Higashi - yoko2-21,16,16,29,1,2010,3,12,1,2,2010,,,
4322099446,40936370@N00,45.837448,4.826248,"fiction,portrait,sculpture,streetart,france,art,mystery,museum,architecture,dark,painting,movie,graffiti,ruins,rawart,outsiderart,chaos,symbol,contemporaryart,secret,911,apocalypse,taz,peinture,eros,container,freemasonry,artbrut,tournage,ddc,sanctuary,mystic,cyberpunk,landart,alchemy,modernsculpture,prophecy,999,vanitas,sanctuaire,dadaisme,artprice,salamanderspirit,organmuseum,saintromainaumontdor,demeureduchaos,thierryehrmann,alchimie,artsingulier,prophétie,abodeofchaos,facteurcheval,palaisideal,kurtehrmann,postapocalyptique,maisondartiste,artistshouses,actingperformance,sculpturemoderne,francmaconnerie,yokohigashi,ehrmannscrew,lessourcesoccultes,groupeserveur,lespritdelasalamandre,servergroup,laurantcourau,dansebuto,buthodance",Yoko Higashi - yoko2-20,15,16,29,1,2010,3,12,1,2,2010,,,
4321364935,40936370@N00,45.837448,4.826248,"fiction,portrait,sculpture,streetart,france,art,mystery,museum,architecture,dark,painting,movie,graffiti,ruins,rawart,outsiderart,chaos,symbol,contemporaryart,secret,911,apocalypse,taz,peinture,eros,container,freemasonry,artbrut,tournage,ddc,sanctuary,mystic,cyberpunk,landart,alchemy,modernsculpture,prophecy,999,vanitas,sanctuaire,dadaisme,artprice,salamanderspirit,organmuseum,saintromainaumontdor,demeureduchaos,thierryehrmann,alchimie,artsingulier,prophétie,abodeofchaos,facteurcheval,palaisideal,kurtehrmann,postapocalyptique,maisondartiste,artistshouses,actingperformance,sculpturemoderne,francmaconnerie,yokohigashi,ehrmannscrew,lessourcesoccultes,groupeserveur,lespritdelasalamandre,servergroup,laurantcourau,dansebuto,buthodance",Yoko Higashi - yoko2-19,15,16,29,1,2010,3,12,1,2,2010,,,
4321364885,40936370@N00,45.837448,4.826248,"fiction,portrait,sculpture,streetart,france,art,mystery,museum,architecture,dark,painting,movie,graffiti,ruins,rawart,outsiderart,chaos,symbol,contemporaryart,secret,911,apocalypse,taz,peinture,eros,container,freemasonry,artbrut,tournage,ddc,sanctuary,mystic,cyberpunk,landart,alchemy,modernsculpture,prophecy,999,vanitas,sanctuaire,dadaisme,artprice,salamanderspirit,organmuseum,saintromainaumontdor,demeureduchaos,thierryehrmann,alchimie,artsingulier,prophétie,abodeofchaos,facteurcheval,palaisideal,kurtehrmann,postapocalyptique,maisondartiste,artistshouses,actingperformance,sculpturemoderne,francmaconnerie,yokohigashi,ehrmannscrew,lessourcesoccultes,groupeserveur,lespritdelasalamandre,servergroup,laurantcourau,dansebuto,buthodance",Yoko Higashi - yoko2-18,13,16,29,1,2010,3,12,1,2,2010,,,
4321364829,40936370@N00,45.837448,4.826248,"fiction,portrait,sculpture,streetart,france,art,mystery,museum,architecture,dark,painting,movie,graffiti,ruins,rawart,outsiderart,chaos,symbol,contemporaryart,secret,911,apocalypse,taz,peinture,eros,container,freemasonry,artbrut,tournage,ddc,sanctuary,mystic,cyberpunk,landart,alchemy,modernsculpture,prophecy,999,vanitas,sanctuaire,dadaisme,artprice,salamanderspirit,organmuseum,saintromainaumontdor,demeureduchaos,thierryehrmann,alchimie,artsingulier,prophétie,abodeofchaos,facteurcheval,palaisideal,kurtehrmann,postapocalyptique,maisondartiste,artistshouses,actingperformance,sculpturemoderne,francmaconnerie,yokohigashi,ehrmannscrew,lessourcesoccultes,groupeserveur,lespritdelasalamandre,servergroup,laurantcourau,dansebuto,buthodance",Yoko Higashi - yoko2-17,13,16,29,1,2010,3,12,1,2,2010,,,
4322099246,40936370@N00,45.837448,4.826248,"fiction,portrait,sculpture,streetart,france,art,mystery,museum,architecture,dark,painting,movie,graffiti,ruins,rawart,outsiderart,chaos,symbol,contemporaryart,secret,911,apocalypse,taz,peinture,eros,container,freemasonry,artbrut,tournage,ddc,sanctuary,mystic,cyberpunk,landart,alchemy,modernsculpture,prophecy,999,vanitas,sanctuaire,dadaisme,artprice,salamanderspirit,organmuseum,saintromainaumontdor,demeureduchaos,thierryehrmann,alchimie,artsingulier,prophétie,abodeofchaos,facteurcheval,palaisideal,kurtehrmann,postapocalyptique,maisondartiste,artistshouses,actingperformance,sculpturemoderne,francmaconnerie,yokohigashi,ehrmannscrew,lessourcesoccultes,groupeserveur,lespritdelasalamandre,servergroup,laurantcourau,dansebuto,buthodance",Yoko Higashi - yoko2-16,12,16,29,1,2010,2,12,1,2,2010,,,
4321364677,40936370@N00,45.837448,4.826248,"fiction,portrait,sculpture,streetart,france,art,mystery,museum,architecture,dark,painting,movie,graffiti,ruins,rawart,outsiderart,chaos,symbol,contemporaryart,secret,911,apocalypse,taz,peinture,eros,container,freemasonry,artbrut,tournage,ddc,sanctuary,mystic,cyberpunk,landart,alchemy,modernsculpture,prophecy,999,vanitas,sanctuaire,dadaisme,artprice,salamanderspirit,organmuseum,saintromainaumontdor,demeureduchaos,thierryehrmann,alchimie,artsingulier,prophétie,abodeofchaos,facteurcheval,palaisideal,kurtehrmann,postapocalyptique,maisondartiste,artistshouses,actingperformance,sculpturemoderne,francmaconnerie,yokohigashi,ehrmannscrew,lessourcesoccultes,groupeserveur,lespritdelasalamandre,servergroup,laurantcourau,dansebuto,buthodance",Yoko Higashi - yoko2-15,11,16,29,1,2010,2,12,1,2,2010,,,
4321364655,40936370@N00,45.837448,4.826248,"fiction,portrait,sculpture,streetart,france,art,mystery,museum,architecture,dark,painting,movie,graffiti,ruins,rawart,outsiderart,chaos,symbol,contemporaryart,secret,911,apocalypse,taz,peinture,eros,container,freemasonry,artbrut,tournage,ddc,sanctuary,mystic,cyberpunk,landart,alchemy,modernsculpture,prophecy,999,vanitas,sanctuaire,dadaisme,artprice,salamanderspirit,organmuseum,saintromainaumontdor,demeureduchaos,thierryehrmann,alchimie,artsingulier,prophétie,abodeofchaos,facteurcheval,palaisideal,kurtehrmann,postapocalyptique,maisondartiste,artistshouses,actingperformance,sculpturemoderne,francmaconnerie,yokohigashi,ehrmannscrew,lessourcesoccultes,groupeserveur,lespritdelasalamandre,servergroup,laurantcourau,dansebuto,buthodance",Yoko Higashi - yoko2-14,10,16,29,1,2010,2,12,1,2,2010,,,
4321364599,40936370@N00,45.837448,4.826248,"fiction,portrait,sculpture,streetart,france,art,mystery,museum,architecture,dark,painting,movie,graffiti,ruins,rawart,outsiderart,chaos,symbol,contemporaryart,secret,911,apocalypse,taz,peinture,eros,container,freemasonry,artbrut,tournage,ddc,sanctuary,mystic,cyberpunk,landart,alchemy,modernsculpture,prophecy,999,vanitas,sanctuaire,dadaisme,artprice,salamanderspirit,organmuseum,saintromainaumontdor,demeureduchaos,thierryehrmann,alchimie,artsingulier,prophétie,abodeofchaos,facteurcheval,palaisideal,kurtehrmann,postapocalyptique,maisondartiste,artistshouses,actingperformance,sculpturemoderne,francmaconnerie,yokohigashi,ehrmannscrew,lessourcesoccultes,groupeserveur,lespritdelasalamandre,servergroup,laurantcourau,dansebuto,buthodance",Yoko Higashi - yoko2-13,10,16,29,1,2010,2,12,1,2,2010,,,
4321364559,40936370@N00,45.837448,4.826248,"fiction,portrait,sculpture,streetart,france,art,mystery,museum,architecture,dark,painting,movie,graffiti,ruins,rawart,outsiderart,chaos,symbol,contemporaryart,secret,911,apocalypse,taz,peinture,eros,container,freemasonry,artbrut,tournage,ddc,sanctuary,mystic,cyberpunk,landart,alchemy,modernsculpture,prophecy,999,vanitas,sanctuaire,dadaisme,artprice,salamanderspirit,organmuseum,saintromainaumontdor,demeureduchaos,thierryehrmann,alchimie,artsingulier,prophétie,abodeofchaos,facteurcheval,palaisideal,kurtehrmann,postapocalyptique,maisondartiste,artistshouses,actingperformance,sculpturemoderne,francmaconnerie,yokohigashi,ehrmannscrew,lessourcesoccultes,groupeserveur,lespritdelasalamandre,servergroup,laurantcourau,dansebuto,buthodance",Yoko Higashi - yoko2-12,9,16,29,1,2010,2,12,1,2,2010,,,
4322098948,40936370@N00,45.837448,4.826248,"fiction,portrait,sculpture,streetart,france,art,mystery,museum,architecture,dark,painting,movie,graffiti,ruins,rawart,outsiderart,chaos,symbol,contemporaryart,secret,911,apocalypse,taz,peinture,eros,container,freemasonry,artbrut,tournage,ddc,sanctuary,mystic,cyberpunk,landart,alchemy,modernsculpture,prophecy,999,vanitas,sanctuaire,dadaisme,artprice,salamanderspirit,organmuseum,saintromainaumontdor,demeureduchaos,thierryehrmann,alchimie,artsingulier,prophétie,abodeofchaos,facteurcheval,palaisideal,kurtehrmann,postapocalyptique,maisondartiste,artistshouses,actingperformance,sculpturemoderne,francmaconnerie,yokohigashi,ehrmannscrew,lessourcesoccultes,groupeserveur,lespritdelasalamandre,servergroup,laurantcourau,dansebuto,buthodance",Yoko Higashi - yoko2-11,8,16,29,1,2010,2,12,1,2,2010,,,
4321364435,40936370@N00,45.837448,4.826248,"fiction,portrait,sculpture,streetart,france,art,mystery,museum,architecture,dark,painting,movie,graffiti,ruins,rawart,outsiderart,chaos,symbol,contemporaryart,secret,911,apocalypse,taz,peinture,eros,container,freemasonry,artbrut,tournage,ddc,sanctuary,mystic,cyberpunk,landart,alchemy,modernsculpture,prophecy,999,vanitas,sanctuaire,dadaisme,artprice,salamanderspirit,organmuseum,saintromainaumontdor,demeureduchaos,thierryehrmann,alchimie,artsingulier,prophétie,abodeofchaos,facteurcheval,palaisideal,kurtehrmann,postapocalyptique,maisondartiste,artistshouses,actingperformance,sculpturemoderne,francmaconnerie,yokohigashi,ehrmannscrew,lessourcesoccultes,groupeserveur,lespritdelasalamandre,servergroup,laurantcourau,dansebuto,buthodance",Yoko Higashi - yoko2-10,8,16,29,1,2010,2,12,1,2,2010,,,
4322098856,40936370@N00,45.837448,4.826248,"fiction,portrait,sculpture,streetart,france,art,mystery,museum,architecture,dark,painting,movie,graffiti,ruins,rawart,outsiderart,chaos,symbol,contemporaryart,secret,911,apocalypse,taz,peinture,eros,container,freemasonry,artbrut,tournage,ddc,sanctuary,mystic,cyberpunk,landart,alchemy,modernsculpture,prophecy,999,vanitas,sanctuaire,dadaisme,artprice,salamanderspirit,organmuseum,saintromainaumontdor,demeureduchaos,thierryehrmann,alchimie,artsingulier,prophétie,abodeofchaos,facteurcheval,palaisideal,kurtehrmann,postapocalyptique,maisondartiste,artistshouses,actingperformance,sculpturemoderne,francmaconnerie,yokohigashi,ehrmannscrew,lessourcesoccultes,groupeserveur,lespritdelasalamandre,servergroup,laurantcourau,dansebuto,buthodance",Yoko Higashi - yoko2-09,7,16,29,1,2010,2,12,1,2,2010,,,
4321364333,40936370@N00,45.837448,4.826248,"fiction,portrait,sculpture,streetart,france,art,mystery,museum,architecture,dark,painting,movie,graffiti,ruins,rawart,outsiderart,chaos,symbol,contemporaryart,secret,911,apocalypse,taz,peinture,eros,container,freemasonry,artbrut,tournage,ddc,sanctuary,mystic,cyberpunk,landart,alchemy,modernsculpture,prophecy,999,vanitas,sanctuaire,dadaisme,artprice,salamanderspirit,organmuseum,saintromainaumontdor,demeureduchaos,thierryehrmann,alchimie,artsingulier,prophétie,abodeofchaos,facteurcheval,palaisideal,kurtehrmann,postapocalyptique,maisondartiste,artistshouses,actingperformance,sculpturemoderne,francmaconnerie,yokohigashi,ehrmannscrew,lessourcesoccultes,groupeserveur,lespritdelasalamandre,servergroup,laurantcourau,dansebuto,buthodance",Yoko Higashi - yoko2-08,7,16,29,1,2010,2,12,1,2,2010,,,
4321364289,40936370@N00,45.837448,4.826248,"fiction,portrait,sculpture,streetart,france,art,mystery,museum,architecture,dark,painting,movie,graffiti,ruins,rawart,outsiderart,chaos,symbol,contemporaryart,secret,911,apocalypse,taz,peinture,eros,container,freemasonry,artbrut,tournage,ddc,sanctuary,mystic,cyberpunk,landart,alchemy,modernsculpture,prophecy,999,vanitas,sanctuaire,dadaisme,artprice,salamanderspirit,organmuseum,saintromainaumontdor,demeureduchaos,thierryehrmann,alchimie,artsingulier,prophétie,abodeofchaos,facteurcheval,palaisideal,kurtehrmann,postapocalyptique,maisondartiste,artistshouses,actingperformance,sculpturemoderne,francmaconnerie,yokohigashi,ehrmannscrew,lessourcesoccultes,groupeserveur,lespritdelasalamandre,servergroup,laurantcourau,dansebuto,buthodance",Yoko Higashi - yoko2-07,6,16,29,1,2010,2,12,1,2,2010,,,
4321364219,40936370@N00,45.837448,4.826248,"fiction,portrait,sculpture,streetart,france,art,mystery,museum,architecture,dark,painting,movie,graffiti,ruins,rawart,outsiderart,chaos,symbol,contemporaryart,secret,911,apocalypse,taz,peinture,eros,container,freemasonry,artbrut,tournage,ddc,sanctuary,mystic,cyberpunk,landart,alchemy,modernsculpture,prophecy,999,vanitas,sanctuaire,dadaisme,artprice,salamanderspirit,organmuseum,saintromainaumontdor,demeureduchaos,thierryehrmann,alchimie,artsingulier,prophétie,abodeofchaos,facteurcheval,palaisideal,kurtehrmann,postapocalyptique,maisondartiste,artistshouses,actingperformance,sculpturemoderne,francmaconnerie,yokohigashi,ehrmannscrew,lessourcesoccultes,groupeserveur,lespritdelasalamandre,servergroup,laurantcourau,dansebuto,buthodance",Yoko Higashi - yoko2-06,5,16,29,1,2010,2,12,1,2,2010,,,
4322098662,40936370@N00,45.837448,4.826248,"fiction,portrait,sculpture,streetart,france,art,mystery,museum,architecture,dark,painting,movie,graffiti,ruins,rawart,outsiderart,chaos,symbol,contemporaryart,secret,911,apocalypse,taz,peinture,eros,container,freemasonry,artbrut,tournage,ddc,sanctuary,mystic,cyberpunk,landart,alchemy,modernsculpture,prophecy,999,vanitas,sanctuaire,dadaisme,artprice,salamanderspirit,organmuseum,saintromainaumontdor,demeureduchaos,thierryehrmann,alchimie,artsingulier,prophétie,abodeofchaos,facteurcheval,palaisideal,kurtehrmann,postapocalyptique,maisondartiste,artistshouses,actingperformance,sculpturemoderne,francmaconnerie,yokohigashi,ehrmannscrew,lessourcesoccultes,groupeserveur,lespritdelasalamandre,servergroup,laurantcourau,dansebuto,buthodance",Yoko Higashi - yoko2-05,5,16,29,1,2010,2,12,1,2,2010,,,
4322098612,40936370@N00,45.837448,4.826248,"fiction,portrait,sculpture,streetart,france,art,mystery,museum,architecture,dark,painting,movie,graffiti,ruins,rawart,outsiderart,chaos,symbol,contemporaryart,secret,911,apocalypse,taz,peinture,eros,container,freemasonry,artbrut,tournage,ddc,sanctuary,mystic,cyberpunk,landart,alchemy,modernsculpture,prophecy,999,vanitas,sanctuaire,dadaisme,artprice,salamanderspirit,organmuseum,saintromainaumontdor,demeureduchaos,thierryehrmann,alchimie,artsingulier,prophétie,abodeofchaos,facteurcheval,palaisideal,kurtehrmann,postapocalyptique,maisondartiste,artistshouses,actingperformance,sculpturemoderne,francmaconnerie,yokohigashi,ehrmannscrew,lessourcesoccultes,groupeserveur,lespritdelasalamandre,servergroup,laurantcourau,dansebuto,buthodance",Yoko Higashi - yoko2-00,4,16,29,1,2010,2,12,1,2,2010,,,
4322098566,40936370@N00,45.837448,4.826248,"fiction,portrait,sculpture,streetart,france,art,mystery,museum,architecture,dark,painting,movie,graffiti,ruins,rawart,outsiderart,chaos,symbol,contemporaryart,secret,911,apocalypse,taz,peinture,eros,container,freemasonry,artbrut,tournage,ddc,sanctuary,mystic,cyberpunk,landart,alchemy,modernsculpture,prophecy,999,vanitas,sanctuaire,dadaisme,artprice,salamanderspirit,organmuseum,saintromainaumontdor,demeureduchaos,thierryehrmann,alchimie,artsingulier,prophétie,abodeofchaos,facteurcheval,palaisideal,kurtehrmann,postapocalyptique,maisondartiste,artistshouses,actingperformance,sculpturemoderne,francmaconnerie,yokohigashi,ehrmannscrew,lessourcesoccultes,groupeserveur,lespritdelasalamandre,servergroup,laurantcourau,dansebuto,buthodance",Yoko Higashi - yoko2-04,3,16,29,1,2010,2,12,1,2,2010,,,
4321364019,40936370@N00,45.837448,4.826248,"fiction,portrait,sculpture,streetart,france,art,mystery,museum,architecture,dark,painting,movie,graffiti,ruins,rawart,outsiderart,chaos,symbol,contemporaryart,secret,911,apocalypse,taz,peinture,eros,container,freemasonry,artbrut,tournage,ddc,sanctuary,mystic,cyberpunk,landart,alchemy,modernsculpture,prophecy,999,vanitas,sanctuaire,dadaisme,artprice,salamanderspirit,organmuseum,saintromainaumontdor,demeureduchaos,thierryehrmann,alchimie,artsingulier,prophétie,abodeofchaos,facteurcheval,palaisideal,kurtehrmann,postapocalyptique,maisondartiste,artistshouses,actingperformance,sculpturemoderne,francmaconnerie,yokohigashi,ehrmannscrew,lessourcesoccultes,groupeserveur,lespritdelasalamandre,servergroup,laurantcourau,dansebuto,buthodance",Yoko Higashi - yoko2-03,3,16,29,1,2010,2,12,1,2,2010,,,
4321363967,40936370@N00,45.837448,4.826248,"fiction,portrait,sculpture,streetart,france,art,mystery,museum,architecture,dark,painting,movie,graffiti,ruins,rawart,outsiderart,chaos,symbol,contemporaryart,secret,911,apocalypse,taz,peinture,eros,container,freemasonry,artbrut,tournage,ddc,sanctuary,mystic,cyberpunk,landart,alchemy,modernsculpture,prophecy,999,vanitas,sanctuaire,dadaisme,artprice,salamanderspirit,organmuseum,saintromainaumontdor,demeureduchaos,thierryehrmann,alchimie,artsingulier,prophétie,abodeofchaos,facteurcheval,palaisideal,kurtehrmann,postapocalyptique,maisondartiste,artistshouses,actingperformance,sculpturemoderne,francmaconnerie,yokohigashi,ehrmannscrew,lessourcesoccultes,groupeserveur,lespritdelasalamandre,servergroup,laurantcourau,dansebuto,buthodance",Yoko Higashi - yoko2-02,2,16,29,1,2010,2,12,1,2,2010,,,
4321304201,40936370@N00,45.837448,4.826248,"portrait,sculpture,streetart,france,art,mystery,museum,architecture,painting,graffiti,ruins,artist,rawart,outsiderart,chaos,symbol,contemporaryart,secret,911,apocalypse,taz,peinture,container,writer,artbrut,ddc,sanctuary,cyberpunk,landart,alchemy,modernsculpture,prophecy,999,vanitas,artiste,photographe,sanctuaire,écrivain,dadaisme,artprice,salamanderspirit,organmuseum,saintromainaumontdor,demeureduchaos,thierryehrmann,alchimie,artsingulier,prophétie,abodeofchaos,facteurcheval,palaisideal,kurtehrmann,romainslocombe,postapocalyptique,maisondartiste,artistshouses,sculpturemoderne,alishahenry,ehrmannscrewk,groupeserveur,lespritdelasalamandre,servergroup",Romain Slocombe à la Demeure du Chaos _DDC1892,15,16,14,1,2010,23,11,1,2,2010,,,
4322038224,40936370@N00,45.837448,4.826248,"portrait,sculpture,streetart,france,art,mystery,museum,architecture,painting,graffiti,ruins,artist,rawart,outsiderart,chaos,symbol,contemporaryart,secret,911,apocalypse,taz,peinture,container,writer,artbrut,ddc,sanctuary,cyberpunk,landart,alchemy,modernsculpture,prophecy,999,vanitas,artiste,photographe,sanctuaire,écrivain,dadaisme,artprice,salamanderspirit,organmuseum,saintromainaumontdor,demeureduchaos,thierryehrmann,alchimie,artsingulier,prophétie,abodeofchaos,facteurcheval,palaisideal,kurtehrmann,romainslocombe,postapocalyptique,maisondartiste,artistshouses,sculpturemoderne,alishahenry,ehrmannscrewk,groupeserveur,lespritdelasalamandre,servergroup",Romain Slocombe à la Demeure du Chaos _DDC1871,12,16,14,1,2010,22,11,1,2,2010,,,
4321304085,40936370@N00,45.837448,4.826248,"portrait,sculpture,streetart,france,art,mystery,museum,architecture,painting,graffiti,ruins,artist,rawart,outsiderart,chaos,symbol,contemporaryart,secret,911,apocalypse,taz,peinture,container,writer,artbrut,ddc,sanctuary,cyberpunk,landart,alchemy,modernsculpture,prophecy,999,vanitas,artiste,photographe,sanctuaire,écrivain,dadaisme,artprice,salamanderspirit,organmuseum,saintromainaumontdor,demeureduchaos,thierryehrmann,alchimie,artsingulier,prophétie,abodeofchaos,facteurcheval,palaisideal,kurtehrmann,romainslocombe,postapocalyptique,maisondartiste,artistshouses,sculpturemoderne,alishahenry,ehrmannscrewk,groupeserveur,lespritdelasalamandre,servergroup",Romain Slocombe à la Demeure du Chaos _DDC1864,9,16,14,1,2010,22,11,1,2,2010,,,
4322038126,40936370@N00,45.837448,4.826248,"portrait,sculpture,streetart,france,art,mystery,museum,architecture,painting,graffiti,ruins,artist,rawart,outsiderart,chaos,symbol,contemporaryart,secret,911,apocalypse,taz,peinture,container,writer,artbrut,ddc,sanctuary,cyberpunk,landart,alchemy,modernsculpture,prophecy,999,vanitas,artiste,photographe,sanctuaire,écrivain,dadaisme,artprice,salamanderspirit,organmuseum,saintromainaumontdor,demeureduchaos,thierryehrmann,alchimie,artsingulier,prophétie,abodeofchaos,facteurcheval,palaisideal,kurtehrmann,romainslocombe,postapocalyptique,maisondartiste,artistshouses,sculpturemoderne,alishahenry,ehrmannscrewk,groupeserveur,lespritdelasalamandre,servergroup",Romain Slocombe à la Demeure du Chaos _DDC1858,8,16,14,1,2010,22,11,1,2,2010,,,
4322038072,40936370@N00,45.837448,4.826248,"portrait,sculpture,streetart,france,art,mystery,museum,architecture,painting,graffiti,ruins,artist,rawart,outsiderart,chaos,symbol,contemporaryart,secret,911,apocalypse,taz,peinture,container,writer,artbrut,ddc,sanctuary,cyberpunk,landart,alchemy,modernsculpture,prophecy,999,vanitas,artiste,photographe,sanctuaire,écrivain,dadaisme,artprice,salamanderspirit,organmuseum,saintromainaumontdor,demeureduchaos,thierryehrmann,alchimie,artsingulier,prophétie,abodeofchaos,facteurcheval,palaisideal,kurtehrmann,romainslocombe,postapocalyptique,maisondartiste,artistshouses,sculpturemoderne,alishahenry,ehrmannscrewk,groupeserveur,lespritdelasalamandre,servergroup",Romain Slocombe à la Demeure du Chaos _DDC1852,6,16,14,1,2010,22,11,1,2,2010,,,
4321303951,40936370@N00,45.837448,4.826248,"portrait,sculpture,streetart,france,art,mystery,museum,architecture,painting,graffiti,ruins,artist,rawart,outsiderart,chaos,symbol,contemporaryart,secret,911,apocalypse,taz,peinture,container,writer,artbrut,ddc,sanctuary,cyberpunk,landart,alchemy,modernsculpture,prophecy,999,vanitas,artiste,photographe,sanctuaire,écrivain,dadaisme,artprice,salamanderspirit,organmuseum,saintromainaumontdor,demeureduchaos,thierryehrmann,alchimie,artsingulier,prophétie,abodeofchaos,facteurcheval,palaisideal,kurtehrmann,romainslocombe,postapocalyptique,maisondartiste,artistshouses,sculpturemoderne,alishahenry,ehrmannscrewk,groupeserveur,lespritdelasalamandre,servergroup",Romain Slocombe à la Demeure du Chaos _DDC1851,5,16,14,1,2010,22,11,1,2,2010,,,
4321303901,40936370@N00,45.837448,4.826248,"portrait,sculpture,streetart,france,art,mystery,museum,architecture,painting,graffiti,ruins,artist,rawart,outsiderart,chaos,symbol,contemporaryart,secret,911,apocalypse,taz,peinture,container,writer,artbrut,ddc,sanctuary,cyberpunk,landart,alchemy,modernsculpture,prophecy,999,vanitas,artiste,photographe,sanctuaire,écrivain,dadaisme,artprice,salamanderspirit,organmuseum,saintromainaumontdor,demeureduchaos,thierryehrmann,alchimie,artsingulier,prophétie,abodeofchaos,facteurcheval,palaisideal,kurtehrmann,romainslocombe,postapocalyptique,maisondartiste,artistshouses,sculpturemoderne,alishahenry,ehrmannscrewk,groupeserveur,lespritdelasalamandre,servergroup",Romain Slocombe à la Demeure du Chaos _DDC1841,3,16,14,1,2010,22,11,1,2,2010,,,
4322037924,40936370@N00,45.837448,4.826248,"portrait,sculpture,streetart,france,art,mystery,museum,architecture,painting,graffiti,ruins,artist,rawart,outsiderart,chaos,symbol,contemporaryart,secret,911,apocalypse,taz,peinture,container,writer,artbrut,ddc,sanctuary,cyberpunk,landart,alchemy,modernsculpture,prophecy,999,vanitas,artiste,photographe,sanctuaire,écrivain,dadaisme,artprice,salamanderspirit,organmuseum,saintromainaumontdor,demeureduchaos,thierryehrmann,alchimie,artsingulier,prophétie,abodeofchaos,facteurcheval,palaisideal,kurtehrmann,romainslocombe,postapocalyptique,maisondartiste,artistshouses,sculpturemoderne,alishahenry,ehrmannscrewk,groupeserveur,lespritdelasalamandre,servergroup",Romain Slocombe à la Demeure du Chaos _DDC1835,2,16,14,1,2010,22,11,1,2,2010,,,
4321303797,40936370@N00,45.837448,4.826248,"portrait,sculpture,streetart,france,art,mystery,museum,architecture,painting,graffiti,ruins,artist,rawart,outsiderart,chaos,symbol,contemporaryart,secret,911,apocalypse,taz,peinture,container,writer,artbrut,ddc,sanctuary,cyberpunk,landart,alchemy,modernsculpture,prophecy,999,vanitas,artiste,photographe,sanctuaire,écrivain,dadaisme,artprice,salamanderspirit,organmuseum,saintromainaumontdor,demeureduchaos,thierryehrmann,alchimie,artsingulier,prophétie,abodeofchaos,facteurcheval,palaisideal,kurtehrmann,romainslocombe,postapocalyptique,maisondartiste,artistshouses,sculpturemoderne,alishahenry,ehrmannscrewk,groupeserveur,lespritdelasalamandre,servergroup",Romain Slocombe à la Demeure du Chaos _DDC1812,0,16,14,1,2010,22,11,1,2,2010,,,
4322037828,40936370@N00,45.837448,4.826248,"portrait,sculpture,streetart,france,art,mystery,museum,architecture,painting,graffiti,ruins,artist,rawart,outsiderart,chaos,symbol,contemporaryart,secret,911,apocalypse,taz,peinture,container,writer,artbrut,ddc,sanctuary,cyberpunk,landart,alchemy,modernsculpture,prophecy,999,vanitas,artiste,photographe,sanctuaire,écrivain,dadaisme,artprice,salamanderspirit,organmuseum,saintromainaumontdor,demeureduchaos,thierryehrmann,alchimie,artsingulier,prophétie,abodeofchaos,facteurcheval,palaisideal,kurtehrmann,romainslocombe,postapocalyptique,maisondartiste,artistshouses,sculpturemoderne,alishahenry,ehrmannscrewk,groupeserveur,lespritdelasalamandre,servergroup",Romain Slocombe à la Demeure du Chaos _DDC1806,59,15,14,1,2010,22,11,1,2,2010,,,
4325695836,52499764@N00,45.774647,4.828298,"street,film,35mm,word,graffiti,lomo,lca,xpro,lomography,lyon,slide,lomolca,carrefour,scan,tabac,200,analogue,135,crossroad,35,rue,ektachrome,loto,argentique,diapositive,ekta,diapo,presse,pellicule,positif,tabacpresse,lomographyslidexpro200","Crossroad - 13Nov09, Lyon (France)",0,15,13,11,2009,42,17,2,2,2010,,,
4322037750,40936370@N00,45.837448,4.826248,"portrait,sculpture,streetart,france,art,mystery,museum,architecture,painting,graffiti,ruins,artist,rawart,outsiderart,chaos,symbol,contemporaryart,secret,911,apocalypse,taz,peinture,container,writer,artbrut,ddc,sanctuary,cyberpunk,landart,alchemy,modernsculpture,prophecy,999,vanitas,artiste,photographe,sanctuaire,écrivain,dadaisme,artprice,salamanderspirit,organmuseum,saintromainaumontdor,demeureduchaos,thierryehrmann,alchimie,artsingulier,prophétie,abodeofchaos,facteurcheval,palaisideal,kurtehrmann,romainslocombe,postapocalyptique,maisondartiste,artistshouses,sculpturemoderne,alishahenry,ehrmannscrewk,groupeserveur,lespritdelasalamandre,servergroup",Visite de Romain Slocombe by Ehrmann's Crew K _DDC1800,57,15,14,1,2010,22,11,1,2,2010,,,
4322037708,40936370@N00,45.837448,4.826248,"portrait,sculpture,streetart,france,art,mystery,museum,architecture,painting,graffiti,ruins,artist,rawart,outsiderart,chaos,symbol,contemporaryart,secret,911,apocalypse,taz,peinture,container,writer,artbrut,ddc,sanctuary,cyberpunk,landart,alchemy,modernsculpture,prophecy,999,vanitas,artiste,photographe,sanctuaire,écrivain,dadaisme,artprice,salamanderspirit,organmuseum,saintromainaumontdor,demeureduchaos,thierryehrmann,alchimie,artsingulier,prophétie,abodeofchaos,facteurcheval,palaisideal,kurtehrmann,romainslocombe,postapocalyptique,maisondartiste,artistshouses,sculpturemoderne,alishahenry,ehrmannscrewk,groupeserveur,lespritdelasalamandre,servergroup",Visite de Romain Slocombe by Ehrmann's Crew K _DDC1798,55,15,14,1,2010,22,11,1,2,2010,,,
4322037658,40936370@N00,45.837448,4.826248,"portrait,sculpture,streetart,france,art,mystery,museum,architecture,painting,graffiti,ruins,artist,rawart,outsiderart,chaos,symbol,contemporaryart,secret,911,apocalypse,taz,peinture,container,writer,artbrut,ddc,sanctuary,cyberpunk,landart,alchemy,modernsculpture,prophecy,999,vanitas,artiste,photographe,sanctuaire,écrivain,dadaisme,artprice,salamanderspirit,organmuseum,saintromainaumontdor,demeureduchaos,thierryehrmann,alchimie,artsingulier,prophétie,abodeofchaos,facteurcheval,palaisideal,kurtehrmann,romainslocombe,postapocalyptique,maisondartiste,artistshouses,sculpturemoderne,alishahenry,ehrmannscrewk,groupeserveur,lespritdelasalamandre,servergroup",Visite de Romain Slocombe by Ehrmann's Crew K _DDC1797,53,15,14,1,2010,22,11,1,2,2010,,,
4321303543,40936370@N00,45.837448,4.826248,"portrait,sculpture,streetart,france,art,mystery,museum,architecture,painting,graffiti,ruins,artist,rawart,outsiderart,chaos,symbol,contemporaryart,secret,911,apocalypse,taz,peinture,container,writer,artbrut,ddc,sanctuary,cyberpunk,landart,alchemy,modernsculpture,prophecy,999,vanitas,artiste,photographe,sanctuaire,écrivain,dadaisme,artprice,salamanderspirit,organmuseum,saintromainaumontdor,demeureduchaos,thierryehrmann,alchimie,artsingulier,prophétie,abodeofchaos,facteurcheval,palaisideal,kurtehrmann,romainslocombe,postapocalyptique,maisondartiste,artistshouses,sculpturemoderne,alishahenry,ehrmannscrewk,groupeserveur,lespritdelasalamandre,servergroup",Visite de Romain Slocombe by Ehrmann's Crew K _DDC1792,53,15,14,1,2010,22,11,1,2,2010,,,
4321303507,40936370@N00,45.837448,4.826248,"portrait,sculpture,streetart,france,art,mystery,museum,architecture,painting,graffiti,ruins,artist,rawart,outsiderart,chaos,symbol,contemporaryart,secret,911,apocalypse,taz,peinture,container,writer,artbrut,ddc,sanctuary,cyberpunk,landart,alchemy,modernsculpture,prophecy,999,vanitas,artiste,photographe,sanctuaire,écrivain,dadaisme,artprice,salamanderspirit,organmuseum,saintromainaumontdor,demeureduchaos,thierryehrmann,alchimie,artsingulier,prophétie,abodeofchaos,facteurcheval,palaisideal,kurtehrmann,romainslocombe,postapocalyptique,maisondartiste,artistshouses,sculpturemoderne,alishahenry,ehrmannscrewk,groupeserveur,lespritdelasalamandre,servergroup",Visite de Romain Slocombe by Ehrmann's Crew K _DDC1778,51,15,14,1,2010,22,11,1,2,2010,,,
4322037474,40936370@N00,45.837448,4.826248,"portrait,sculpture,streetart,france,art,mystery,museum,architecture,painting,graffiti,ruins,artist,rawart,outsiderart,chaos,symbol,contemporaryart,secret,911,apocalypse,taz,peinture,container,writer,artbrut,ddc,sanctuary,cyberpunk,landart,alchemy,modernsculpture,prophecy,999,vanitas,artiste,photographe,sanctuaire,écrivain,dadaisme,artprice,salamanderspirit,organmuseum,saintromainaumontdor,demeureduchaos,thierryehrmann,alchimie,artsingulier,prophétie,abodeofchaos,facteurcheval,palaisideal,kurtehrmann,romainslocombe,postapocalyptique,maisondartiste,artistshouses,sculpturemoderne,alishahenry,ehrmannscrewk,groupeserveur,lespritdelasalamandre,servergroup",Visite de Romain Slocombe by Ehrmann's Crew K _DDC1771,50,15,14,1,2010,22,11,1,2,2010,,,
4321303401,40936370@N00,45.837448,4.826248,"portrait,sculpture,streetart,france,art,mystery,museum,architecture,painting,graffiti,ruins,artist,rawart,outsiderart,chaos,symbol,contemporaryart,secret,911,apocalypse,taz,peinture,container,writer,artbrut,ddc,sanctuary,cyberpunk,landart,alchemy,modernsculpture,prophecy,999,vanitas,artiste,photographe,sanctuaire,écrivain,dadaisme,artprice,salamanderspirit,organmuseum,saintromainaumontdor,demeureduchaos,thierryehrmann,alchimie,artsingulier,prophétie,abodeofchaos,facteurcheval,palaisideal,kurtehrmann,romainslocombe,postapocalyptique,maisondartiste,artistshouses,sculpturemoderne,alishahenry,ehrmannscrewk,groupeserveur,lespritdelasalamandre,servergroup",Visite de Romain Slocombe by Ehrmann's Crew K _DDC1759 1,44,15,14,1,2010,22,11,1,2,2010,,,
4321303359,40936370@N00,45.837448,4.826248,"portrait,sculpture,streetart,france,art,mystery,museum,architecture,painting,graffiti,ruins,artist,rawart,outsiderart,chaos,symbol,contemporaryart,secret,911,apocalypse,taz,peinture,container,writer,artbrut,ddc,sanctuary,cyberpunk,landart,alchemy,modernsculpture,prophecy,999,vanitas,artiste,photographe,sanctuaire,écrivain,dadaisme,artprice,salamanderspirit,organmuseum,saintromainaumontdor,demeureduchaos,thierryehrmann,alchimie,artsingulier,prophétie,abodeofchaos,facteurcheval,palaisideal,kurtehrmann,romainslocombe,postapocalyptique,maisondartiste,artistshouses,sculpturemoderne,alishahenry,ehrmannscrewk,groupeserveur,lespritdelasalamandre,servergroup",Visite de Romain Slocombe by Ehrmann's Crew K _DDC1757,44,15,14,1,2010,22,11,1,2,2010,,,
4321303313,40936370@N00,45.837448,4.826248,"portrait,sculpture,streetart,france,art,mystery,museum,architecture,painting,graffiti,ruins,artist,rawart,outsiderart,chaos,symbol,contemporaryart,secret,911,apocalypse,taz,peinture,container,writer,artbrut,ddc,sanctuary,cyberpunk,landart,alchemy,modernsculpture,prophecy,999,vanitas,artiste,photographe,sanctuaire,écrivain,dadaisme,artprice,salamanderspirit,organmuseum,saintromainaumontdor,demeureduchaos,thierryehrmann,alchimie,artsingulier,prophétie,abodeofchaos,facteurcheval,palaisideal,kurtehrmann,romainslocombe,postapocalyptique,maisondartiste,artistshouses,sculpturemoderne,alishahenry,ehrmannscrewk,groupeserveur,lespritdelasalamandre,servergroup",Visite de Romain Slocombe by Ehrmann's Crew K _DDC1756,44,15,14,1,2010,22,11,1,2,2010,,,
4322037304,40936370@N00,45.837448,4.826248,"portrait,sculpture,streetart,france,art,mystery,museum,architecture,painting,graffiti,ruins,artist,rawart,outsiderart,chaos,symbol,contemporaryart,secret,911,apocalypse,taz,peinture,container,writer,artbrut,ddc,sanctuary,cyberpunk,landart,alchemy,modernsculpture,prophecy,999,vanitas,artiste,photographe,sanctuaire,écrivain,dadaisme,artprice,salamanderspirit,organmuseum,saintromainaumontdor,demeureduchaos,thierryehrmann,alchimie,artsingulier,prophétie,abodeofchaos,facteurcheval,palaisideal,kurtehrmann,romainslocombe,postapocalyptique,maisondartiste,artistshouses,sculpturemoderne,alishahenry,ehrmannscrewk,groupeserveur,lespritdelasalamandre,servergroup",Visite de Romain Slocombe by Ehrmann's Crew K _DDC1745,41,15,14,1,2010,22,11,1,2,2010,,,
4321303207,40936370@N00,45.837448,4.826248,"portrait,sculpture,streetart,france,art,mystery,museum,architecture,painting,graffiti,ruins,artist,rawart,outsiderart,chaos,symbol,contemporaryart,secret,911,apocalypse,taz,peinture,container,writer,artbrut,ddc,sanctuary,cyberpunk,landart,alchemy,modernsculpture,prophecy,999,vanitas,artiste,photographe,sanctuaire,écrivain,dadaisme,artprice,salamanderspirit,organmuseum,saintromainaumontdor,demeureduchaos,thierryehrmann,alchimie,artsingulier,prophétie,abodeofchaos,facteurcheval,palaisideal,kurtehrmann,romainslocombe,postapocalyptique,maisondartiste,artistshouses,sculpturemoderne,alishahenry,ehrmannscrewk,groupeserveur,lespritdelasalamandre,servergroup",Visite de Romain Slocombe by Ehrmann's Crew K _DDC1741,40,15,14,1,2010,22,11,1,2,2010,,,
4321303153,40936370@N00,45.837448,4.826248,"portrait,sculpture,streetart,france,art,mystery,museum,architecture,painting,graffiti,ruins,artist,rawart,outsiderart,chaos,symbol,contemporaryart,secret,911,apocalypse,taz,peinture,container,writer,artbrut,ddc,sanctuary,cyberpunk,landart,alchemy,modernsculpture,prophecy,999,vanitas,artiste,photographe,sanctuaire,écrivain,dadaisme,artprice,salamanderspirit,organmuseum,saintromainaumontdor,demeureduchaos,thierryehrmann,alchimie,artsingulier,prophétie,abodeofchaos,facteurcheval,palaisideal,kurtehrmann,romainslocombe,postapocalyptique,maisondartiste,artistshouses,sculpturemoderne,alishahenry,ehrmannscrewk,groupeserveur,lespritdelasalamandre,servergroup",Visite de Romain Slocombe by Ehrmann's Crew K _DDC1736 1,39,15,14,1,2010,22,11,1,2,2010,,,
4322037160,40936370@N00,45.837448,4.826248,"portrait,sculpture,streetart,france,art,mystery,museum,architecture,painting,graffiti,ruins,artist,rawart,outsiderart,chaos,symbol,contemporaryart,secret,911,apocalypse,taz,peinture,container,writer,artbrut,ddc,sanctuary,cyberpunk,landart,alchemy,modernsculpture,prophecy,999,vanitas,artiste,photographe,sanctuaire,écrivain,dadaisme,artprice,salamanderspirit,organmuseum,saintromainaumontdor,demeureduchaos,thierryehrmann,alchimie,artsingulier,prophétie,abodeofchaos,facteurcheval,palaisideal,kurtehrmann,romainslocombe,postapocalyptique,maisondartiste,artistshouses,sculpturemoderne,alishahenry,ehrmannscrewk,groupeserveur,lespritdelasalamandre,servergroup",Visite de Romain Slocombe by Ehrmann's Crew K _DDC1735,39,15,14,1,2010,22,11,1,2,2010,,,
4321303053,40936370@N00,45.837448,4.826248,"portrait,sculpture,streetart,france,art,mystery,museum,architecture,painting,graffiti,ruins,artist,rawart,outsiderart,chaos,symbol,contemporaryart,secret,911,apocalypse,taz,peinture,container,writer,artbrut,ddc,sanctuary,cyberpunk,landart,alchemy,modernsculpture,prophecy,999,vanitas,artiste,photographe,sanctuaire,écrivain,dadaisme,artprice,salamanderspirit,organmuseum,saintromainaumontdor,demeureduchaos,thierryehrmann,alchimie,artsingulier,prophétie,abodeofchaos,facteurcheval,palaisideal,kurtehrmann,romainslocombe,postapocalyptique,maisondartiste,artistshouses,sculpturemoderne,alishahenry,ehrmannscrewk,groupeserveur,lespritdelasalamandre,servergroup",Visite de Romain Slocombe by Ehrmann's Crew K _DDC1734,39,15,14,1,2010,22,11,1,2,2010,,,
4322037094,40936370@N00,45.837448,4.826248,"portrait,sculpture,streetart,france,art,mystery,museum,architecture,painting,graffiti,ruins,artist,rawart,outsiderart,chaos,symbol,contemporaryart,secret,911,apocalypse,taz,peinture,container,writer,artbrut,ddc,sanctuary,cyberpunk,landart,alchemy,modernsculpture,prophecy,999,vanitas,artiste,photographe,sanctuaire,écrivain,dadaisme,artprice,salamanderspirit,organmuseum,saintromainaumontdor,demeureduchaos,thierryehrmann,alchimie,artsingulier,prophétie,abodeofchaos,facteurcheval,palaisideal,kurtehrmann,romainslocombe,postapocalyptique,maisondartiste,artistshouses,sculpturemoderne,alishahenry,ehrmannscrewk,groupeserveur,lespritdelasalamandre,servergroup",Visite de Romain Slocombe by Ehrmann's Crew K _DDC1727 1,38,15,14,1,2010,22,11,1,2,2010,,,
4322037052,40936370@N00,45.837448,4.826248,"portrait,sculpture,streetart,france,art,mystery,museum,architecture,painting,graffiti,ruins,artist,rawart,outsiderart,chaos,symbol,contemporaryart,secret,911,apocalypse,taz,peinture,container,writer,artbrut,ddc,sanctuary,cyberpunk,landart,alchemy,modernsculpture,prophecy,999,vanitas,artiste,photographe,sanctuaire,écrivain,dadaisme,artprice,salamanderspirit,organmuseum,saintromainaumontdor,demeureduchaos,thierryehrmann,alchimie,artsingulier,prophétie,abodeofchaos,facteurcheval,palaisideal,kurtehrmann,romainslocombe,postapocalyptique,maisondartiste,artistshouses,sculpturemoderne,alishahenry,ehrmannscrewk,groupeserveur,lespritdelasalamandre,servergroup",Visite de Romain Slocombe by Ehrmann's Crew K _DDC1724,38,15,14,1,2010,22,11,1,2,2010,,,
4321302927,40936370@N00,45.837448,4.826248,"portrait,sculpture,streetart,france,art,mystery,museum,architecture,painting,graffiti,ruins,artist,rawart,outsiderart,chaos,symbol,contemporaryart,secret,911,apocalypse,taz,peinture,container,writer,artbrut,ddc,sanctuary,cyberpunk,landart,alchemy,modernsculpture,prophecy,999,vanitas,artiste,photographe,sanctuaire,écrivain,dadaisme,artprice,salamanderspirit,organmuseum,saintromainaumontdor,demeureduchaos,thierryehrmann,alchimie,artsingulier,prophétie,abodeofchaos,facteurcheval,palaisideal,kurtehrmann,romainslocombe,postapocalyptique,maisondartiste,artistshouses,sculpturemoderne,alishahenry,ehrmannscrewk,groupeserveur,lespritdelasalamandre,servergroup",Visite de Romain Slocombe by Ehrmann's Crew K _DDC1701,31,15,14,1,2010,22,11,1,2,2010,,,
4321302885,40936370@N00,45.837448,4.826248,"portrait,sculpture,streetart,france,art,mystery,museum,architecture,painting,graffiti,ruins,artist,rawart,outsiderart,chaos,symbol,contemporaryart,secret,911,apocalypse,taz,peinture,container,writer,artbrut,ddc,sanctuary,cyberpunk,landart,alchemy,modernsculpture,prophecy,999,vanitas,artiste,photographe,sanctuaire,écrivain,dadaisme,artprice,salamanderspirit,organmuseum,saintromainaumontdor,demeureduchaos,thierryehrmann,alchimie,artsingulier,prophétie,abodeofchaos,facteurcheval,palaisideal,kurtehrmann,romainslocombe,postapocalyptique,maisondartiste,artistshouses,sculpturemoderne,alishahenry,ehrmannscrewk,groupeserveur,lespritdelasalamandre,servergroup",Visite de Romain Slocombe by Ehrmann's Crew K _DDC1878,14,16,14,1,2010,22,11,1,2,2010,,,
4321302835,40936370@N00,45.837448,4.826248,"portrait,sculpture,streetart,france,art,mystery,museum,architecture,painting,graffiti,ruins,artist,rawart,outsiderart,chaos,symbol,contemporaryart,secret,911,apocalypse,taz,peinture,container,writer,artbrut,ddc,sanctuary,cyberpunk,landart,alchemy,modernsculpture,prophecy,999,vanitas,artiste,photographe,sanctuaire,écrivain,dadaisme,artprice,salamanderspirit,organmuseum,saintromainaumontdor,demeureduchaos,thierryehrmann,alchimie,artsingulier,prophétie,abodeofchaos,facteurcheval,palaisideal,kurtehrmann,romainslocombe,postapocalyptique,maisondartiste,artistshouses,sculpturemoderne,alishahenry,ehrmannscrewk,groupeserveur,lespritdelasalamandre,servergroup",Visite de Romain Slocombe by Ehrmann's Crew K _DDC1828,2,16,14,1,2010,22,11,1,2,2010,,,
4321302803,40936370@N00,45.837448,4.826248,"portrait,sculpture,streetart,france,art,mystery,museum,architecture,painting,graffiti,ruins,artist,rawart,outsiderart,chaos,symbol,contemporaryart,secret,911,apocalypse,taz,peinture,container,writer,artbrut,ddc,sanctuary,cyberpunk,landart,alchemy,modernsculpture,prophecy,999,vanitas,artiste,photographe,sanctuaire,écrivain,dadaisme,artprice,salamanderspirit,organmuseum,saintromainaumontdor,demeureduchaos,thierryehrmann,alchimie,artsingulier,prophétie,abodeofchaos,facteurcheval,palaisideal,kurtehrmann,romainslocombe,postapocalyptique,maisondartiste,artistshouses,sculpturemoderne,alishahenry,ehrmannscrewk,groupeserveur,lespritdelasalamandre,servergroup",Visite de Romain Slocombe by Ehrmann's Crew K  _DDC1688,29,15,14,1,2010,22,11,1,2,2010,,,
4320494798,49627684@N00,45.774258,4.805703,"art,architecture,lyon,metro,valmy,timburton,d300s",Tim Burton at Valmy?,49,22,31,1,2010,47,23,31,1,2010,,,
4320224894,8325020@N07,45.797571,4.992899,"leica,wood,forest,lyon,arbres,vegetation,foret,bois,sépia,leicadigilux3,arpadflynn2010",Forêt du Piochet,19,22,31,1,2010,19,22,31,1,2010,,,
4320184434,45717618@N00,45.758872,4.867681,"bokeh,day30,senteurs,bokeh365",Bokeh - Day 30 : douces odeurs,54,21,31,1,2010,6,22,31,1,2010,,,
4319844158,44566442@N08,45.738604,4.825420,,"La ""neiche""",15,20,31,1,2010,15,20,31,1,2010,,,
4319840376,44566442@N08,45.738604,4.825420,,Mozart,14,20,31,1,2010,14,20,31,1,2010,,,
4319436154,36525065@N02,45.778819,4.878755,"show,music,concert,live,roots,sing,singer,reggae,musique,chant,saintetienne,chanteur,hallc,jahgaïa",Jah-Gaïa,56,8,31,1,2010,56,17,31,1,2010,,,
4318595308,26048905@N06,45.752250,4.836452,"lyon,piscine,rhone,poladroid",DSCN6425-pola,0,0,31,1,2010,25,11,31,1,2010,,,
4317861673,26048905@N06,45.763633,4.850664,"sushi,matsuri,poladroid",DSCN6400-pola01,59,23,30,1,2010,25,11,31,1,2010,,,
4318594794,26048905@N06,45.759462,4.828504,"lyon,scooter,poladroid",DSCN6217-pola,57,23,30,1,2010,25,11,31,1,2010,,,
4318594690,26048905@N06,45.764267,4.833608,"lyon,moto,roue",DSCN5790-pola01,57,23,30,1,2010,25,11,31,1,2010,,,
4317860903,26048905@N06,45.776713,4.851070,"play,lyon,tetedor,poladroid",DSCN4237-pola01,55,23,30,1,2010,25,11,31,1,2010,,,
4317860749,26048905@N06,45.766505,4.830041,"lyon,panneaux,poladroid",DSCN0558-pola,55,23,30,1,2010,25,11,31,1,2010,,,
4318594132,26048905@N06,45.751070,4.842551,"concert,poladroid,quatreheuresetdemieauxindes,boulangerieduprado,theobettenfeld",DSC_1259-pola01,54,23,30,1,2010,25,11,31,1,2010,,,
4317860531,26048905@N06,45.757254,4.842723,"vespa,lyon,scooter,poladroid",DSC_1138-pola,53,23,30,1,2010,24,11,31,1,2010,,,
4317860311,26048905@N06,45.759982,4.825294,"sushi,homemade,poladroid",DSC_0619-pola01,52,23,30,1,2010,24,11,31,1,2010,,,
4317859861,26048905@N06,45.759379,4.829169,"lyon,sunday,velo,poladroid",DSC_2358-pola,47,23,30,1,2010,24,11,31,1,2010,,,
4317605350,8164447@N07,45.755906,4.839692,"bridge,bw,film,bike,analog,bmx,lyon,nb,skate,ilfordhp5plus,holga135bc",Skate Park,36,0,30,1,2010,52,1,31,1,2010,,,
4316160285,45717618@N00,45.768746,4.837557,"bokeh,day29,jarringeffects,bokeh365",Bokeh - Day 29 : Jarring Effects,48,14,30,1,2010,37,20,30,1,2010,,,
4316156307,29161621@N03,45.742512,4.819833,"panorama,hockey,club,lyon,val,lhc,mattt,panoramique,iphone,autostich",LHC vs Val - panorama patinoire,36,20,30,1,2010,36,20,30,1,2010,,,
4316453080,10404945@N05,45.757148,4.839563,"blur,france,fire,movement,lyon,action,lione,bolas,movimento,juggler,francia,fuoco,feu,mosso,jongleur,azione,giocoliere,muvement",,45,21,30,5,2009,33,17,30,1,2010,,,
4316453082,10404945@N05,45.757148,4.839563,"blur,france,fire,movement,lyon,action,lione,bolas,movimento,juggler,francia,fuoco,feu,mosso,jongleur,azione,giocoliere,muvement",Zatoichi,45,21,30,5,2009,33,17,30,1,2010,,,
4316453060,10404945@N05,45.757148,4.839563,"blur,france,fire,movement,lyon,action,lione,bolas,movimento,juggler,francia,fuoco,feu,mosso,jongleur,azione,giocoliere,muvement",,45,21,30,5,2009,32,17,30,1,2010,,,
4316453058,10404945@N05,45.757148,4.839563,"blur,france,fire,movement,lyon,action,lione,bolas,movimento,juggler,francia,fuoco,feu,mosso,jongleur,azione,giocoliere,muvement",,45,21,30,5,2009,32,17,30,1,2010,,,
4315705501,10404945@N05,45.757148,4.839563,"blur,france,fire,movement,lyon,action,lione,bolas,movimento,juggler,francia,fuoco,feu,mosso,jongleur,azione,giocoliere,muvement",,43,21,30,5,2009,27,17,30,1,2010,,,
4315705475,10404945@N05,45.757148,4.839563,"blur,france,fire,movement,lyon,action,lione,bolas,movimento,juggler,francia,fuoco,feu,mosso,jongleur,azione,giocoliere,muvement",,47,21,30,5,2009,27,17,30,1,2010,,,
4315705453,10404945@N05,45.757148,4.839563,"blur,france,fire,movement,lyon,action,lione,bolas,movimento,juggler,francia,fuoco,feu,mosso,jongleur,azione,giocoliere,muvement",,48,21,30,5,2009,27,17,30,1,2010,,,
4315705465,10404945@N05,45.757148,4.839563,"blur,france,fire,movement,lyon,action,lione,bolas,movimento,juggler,francia,fuoco,feu,mosso,jongleur,azione,giocoliere,muvement",,47,21,30,5,2009,27,17,30,1,2010,,,
4315705481,10404945@N05,45.757148,4.839563,"blur,france,fire,movement,lyon,action,lione,bolas,movimento,juggler,francia,fuoco,feu,mosso,jongleur,azione,giocoliere,muvement",,47,21,30,5,2009,27,17,30,1,2010,,,
4316373792,36525065@N02,45.726472,4.831237,"foot,ol,football,education,lyon,maman,olympique,fils,lyonnais",Mother & son,58,7,30,1,2010,58,16,30,1,2010,,,
4315509863,11817998@N05,45.766931,4.944389,"365,iphone",30/365 - Superman est mort,54,15,30,1,2010,55,15,30,1,2010,,,
4315837894,8459237@N03,45.741213,4.814929,"france,buildings,construction,lyon,journal,confluence,travaux,chantier,fleuve,rhone,eaux,barrière,presquîle,progrès,confluance,drivesin",20122009105-Confluence,1,16,20,12,2009,21,11,30,1,2010,,,
4315061176,90493526@N00,45.764446,4.835218,"streetart,france,girl,stencil,europe,notes,lyon,fille,musique,pochoir,portée","Musical stencil [Lyon, France]",42,18,25,1,2010,46,1,30,1,2010,,,
4314277165,8808751@N04,45.774692,4.832546,"lines,writing,lyon,lione,scrivere,linee",Lyon - refurbished,35,8,12,9,2007,15,1,30,1,2010,,,
4313803303,13453036@N02,45.777543,4.857641,"animal,mammal,zoo,lyon,lion,beast,mammifère,têtedor,pantheraleo,parcdelatêtedor,bête,atlaslion,pantheraleoleo,liondelatlas,liondelyon,liondebarbarie",Lion couché,44,11,29,1,2010,44,20,29,1,2010,,,
4314536226,13453036@N02,45.777543,4.857641,"animal,square,mammal,zoo,lyon,lion,beast,carré,mammifère,têtedor,pantheraleo,parcdelatêtedor,bête,atlaslion,pantheraleoleo,liondelatlas,liondelyon,liondebarbarie",Lion de l'Atlas,42,11,29,1,2010,42,20,29,1,2010,,,
4314533458,13453036@N02,45.777808,4.857330,"animal,mammal,zoo,beast,serval,mammifère,félin,leptailurusserval,têtedor,parcdelatêtedor,bête,gérardleserval",Serval,41,11,29,1,2010,41,20,29,1,2010,,,
4314528476,13453036@N02,45.778134,4.857491,"animal,animals,mammal,zoo,noiretblanc,arbres,beast,animaux,mammifère,coati,nasuanasua,têtedor,coatis,parcdelatêtedor,nasua,bête,mammifères,coaticommun,coatiscommuns",Coatis en noir et blanc,38,11,29,1,2010,38,20,29,1,2010,,,
4314525258,13453036@N02,45.778138,4.857909,"animal,mammal,zoo,tiger,beast,tigre,mammifère,félin,fauve,bengaltiger,pantheratigris,têtedor,parcdelatêtedor,bête,pantheratigristigris,tigredubengale",Tigre,36,11,29,1,2010,36,20,29,1,2010,,,
4314524454,13453036@N02,45.778134,4.857469,"animal,mammal,zoo,lyon,beast,mammifère,coati,nasuanasua,têtedor,parcdelatêtedor,nasua,bête,coaticommun,pedrolecoati",Coati,50,13,24,1,2010,36,20,29,1,2010,,,
4314522626,13453036@N02,45.778134,4.857469,"animal,animals,mammal,zoo,beast,animaux,mammifère,coati,nasuanasua,têtedor,coatis,parcdelatêtedor,nasua,bête,mammifères,coaticommun,coatiscommuns",Coatis,35,11,29,1,2010,35,20,29,1,2010,,,
4313751784,40936370@N00,45.837448,4.826248,"portrait,sculpture,streetart,france,art,mystery,museum,architecture,painting,graffiti,ruins,war,rawart,outsiderart,chaos,symbol,contemporaryart,secret,911,apocalypse,taz,peinture,container,freemasonry,terrorism,artbrut,artmuseum,artcontemporain,ddc,sanctuary,mystic,cyberpunk,landart,devastation,alchemy,destroy,modernsculpture,prophecy,999,davincicode,vanitas,sanctuaire,dadaisme,artprice,salamanderspirit,organmuseum,saintromainaumontdor,2052,demeureduchaos,thierryehrmann,alchimie,artsingulier,prophétie,abodeofchaos,facteurcheval,palaisideal,postapocalyptique,visionaryarchitecture,maisondartiste,artistshouses,sculpturemoderne,francmaconnerie,gesamtkuntwerk,groupeserveur,lespritdelasalamandre,crashculture,servergroup,architecturevisionnaire",La porte dérobée ou le nouveau regard_DDC2701,9,13,29,1,2010,7,13,29,1,2010,,,
4313016051,40936370@N00,45.837448,4.826248,"portrait,sculpture,streetart,france,art,mystery,museum,architecture,painting,graffiti,ruins,war,rawart,outsiderart,chaos,symbol,contemporaryart,secret,911,apocalypse,taz,peinture,container,freemasonry,terrorism,artbrut,artmuseum,artcontemporain,ddc,sanctuary,mystic,cyberpunk,landart,devastation,alchemy,destroy,modernsculpture,prophecy,999,davincicode,vanitas,sanctuaire,dadaisme,artprice,salamanderspirit,organmuseum,saintromainaumontdor,2052,demeureduchaos,thierryehrmann,alchimie,artsingulier,prophétie,abodeofchaos,facteurcheval,palaisideal,postapocalyptique,visionaryarchitecture,maisondartiste,artistshouses,sculpturemoderne,francmaconnerie,gesamtkuntwerk,groupeserveur,lespritdelasalamandre,crashculture,servergroup,architecturevisionnaire",La porte dérobée ou le nouveau regard_DDC2695,8,13,29,1,2010,7,13,29,1,2010,,,
4313016017,40936370@N00,45.837448,4.826248,"portrait,sculpture,streetart,france,art,mystery,museum,architecture,painting,graffiti,ruins,war,rawart,outsiderart,chaos,symbol,contemporaryart,secret,911,apocalypse,taz,peinture,container,freemasonry,terrorism,artbrut,artmuseum,artcontemporain,ddc,sanctuary,mystic,cyberpunk,landart,devastation,alchemy,destroy,modernsculpture,prophecy,999,davincicode,vanitas,sanctuaire,dadaisme,artprice,salamanderspirit,organmuseum,saintromainaumontdor,2052,demeureduchaos,thierryehrmann,alchimie,artsingulier,prophétie,abodeofchaos,facteurcheval,palaisideal,postapocalyptique,visionaryarchitecture,maisondartiste,artistshouses,sculpturemoderne,francmaconnerie,gesamtkuntwerk,groupeserveur,lespritdelasalamandre,crashculture,servergroup,architecturevisionnaire",La porte dérobée ou le nouveau regard_DDC2689,7,13,29,1,2010,7,13,29,1,2010,,,
4313015979,40936370@N00,45.837448,4.826248,"portrait,sculpture,streetart,france,art,mystery,museum,architecture,painting,graffiti,ruins,war,rawart,outsiderart,chaos,symbol,contemporaryart,secret,911,apocalypse,taz,peinture,container,freemasonry,terrorism,artbrut,artmuseum,artcontemporain,ddc,sanctuary,mystic,cyberpunk,landart,devastation,alchemy,destroy,modernsculpture,prophecy,999,davincicode,vanitas,sanctuaire,dadaisme,artprice,salamanderspirit,organmuseum,saintromainaumontdor,2052,demeureduchaos,thierryehrmann,alchimie,artsingulier,prophétie,abodeofchaos,facteurcheval,palaisideal,postapocalyptique,visionaryarchitecture,maisondartiste,artistshouses,sculpturemoderne,francmaconnerie,gesamtkuntwerk,groupeserveur,lespritdelasalamandre,crashculture,servergroup,architecturevisionnaire",La porte dérobée ou le nouveau regard_DDC2688,7,13,29,1,2010,6,13,29,1,2010,,,
4313668900,40936370@N00,45.837448,4.826248,"portrait,sculpture,streetart,france,art,mystery,museum,architecture,painting,death,sadness,graffiti,haiti,earthquake,ruins,rawart,outsiderart,chaos,symbol,mort,contemporaryart,destruction,secret,911,apocalypse,taz,peinture,container,artbrut,sorrow,ddc,sanctuary,victims,cyberpunk,landart,devastation,tristesse,alchemy,souffrance,modernsculpture,prophecy,tabularasa,999,vanitas,sanctuaire,dadaisme,victimes,artprice,salamanderspirit,organmuseum,saintromainaumontdor,demeureduchaos,thierryehrmann,alchimie,seisme,ayiti,artsingulier,prophétie,abodeofchaos,facteurcheval,palaisideal,tremblementdeterre,catastrophenaturelle,postapocalyptique,maisondartiste,artistshouses,sculpturemoderne,groupeserveur,lespritdelasalamandre,servergroup","Ayiti, tabula rasa... _DDC2672",21,12,29,1,2010,48,11,29,1,2010,,,
4312932875,40936370@N00,45.837448,4.826248,"portrait,sculpture,streetart,france,art,mystery,museum,architecture,painting,death,sadness,graffiti,haiti,earthquake,ruins,rawart,outsiderart,chaos,symbol,mort,contemporaryart,destruction,secret,911,apocalypse,taz,peinture,container,artbrut,sorrow,ddc,sanctuary,victims,cyberpunk,landart,devastation,tristesse,alchemy,souffrance,modernsculpture,prophecy,tabularasa,999,vanitas,sanctuaire,dadaisme,victimes,artprice,salamanderspirit,organmuseum,saintromainaumontdor,demeureduchaos,thierryehrmann,alchimie,seisme,ayiti,artsingulier,prophétie,abodeofchaos,facteurcheval,palaisideal,tremblementdeterre,catastrophenaturelle,postapocalyptique,maisondartiste,artistshouses,sculpturemoderne,groupeserveur,lespritdelasalamandre,servergroup","Ayiti, tabula rasa... _DDC2666",19,12,29,1,2010,48,11,29,1,2010,,,
4313668812,40936370@N00,45.837448,4.826248,"portrait,sculpture,streetart,france,art,mystery,museum,architecture,painting,death,sadness,graffiti,haiti,earthquake,ruins,rawart,outsiderart,chaos,symbol,mort,contemporaryart,destruction,secret,911,apocalypse,taz,peinture,container,artbrut,sorrow,ddc,sanctuary,victims,cyberpunk,landart,devastation,tristesse,alchemy,souffrance,modernsculpture,prophecy,tabularasa,999,vanitas,sanctuaire,dadaisme,victimes,artprice,salamanderspirit,organmuseum,saintromainaumontdor,demeureduchaos,thierryehrmann,alchimie,seisme,ayiti,artsingulier,prophétie,abodeofchaos,facteurcheval,palaisideal,tremblementdeterre,catastrophenaturelle,postapocalyptique,maisondartiste,artistshouses,sculpturemoderne,groupeserveur,lespritdelasalamandre,servergroup","Ayiti, tabula rasa... _DDC2657",17,12,29,1,2010,48,11,29,1,2010,,,
4312932815,40936370@N00,45.837448,4.826248,"portrait,sculpture,streetart,france,art,mystery,museum,architecture,painting,death,sadness,graffiti,haiti,earthquake,ruins,rawart,outsiderart,chaos,symbol,mort,contemporaryart,destruction,secret,911,apocalypse,taz,peinture,container,artbrut,sorrow,ddc,sanctuary,victims,cyberpunk,landart,devastation,tristesse,alchemy,souffrance,modernsculpture,prophecy,tabularasa,999,vanitas,sanctuaire,dadaisme,victimes,artprice,salamanderspirit,organmuseum,saintromainaumontdor,demeureduchaos,thierryehrmann,alchimie,seisme,ayiti,artsingulier,prophétie,abodeofchaos,facteurcheval,palaisideal,tremblementdeterre,catastrophenaturelle,postapocalyptique,maisondartiste,artistshouses,sculpturemoderne,groupeserveur,lespritdelasalamandre,servergroup","Ayiti, tabula rasa... _DDC2656",17,12,29,1,2010,48,11,29,1,2010,,,
4312932777,40936370@N00,45.837448,4.826248,"portrait,sculpture,streetart,france,art,mystery,museum,architecture,painting,death,sadness,graffiti,haiti,earthquake,ruins,rawart,outsiderart,chaos,symbol,mort,contemporaryart,destruction,secret,911,apocalypse,taz,peinture,container,artbrut,sorrow,ddc,sanctuary,victims,cyberpunk,landart,devastation,tristesse,alchemy,souffrance,modernsculpture,prophecy,tabularasa,999,vanitas,sanctuaire,dadaisme,victimes,artprice,salamanderspirit,organmuseum,saintromainaumontdor,demeureduchaos,thierryehrmann,alchimie,seisme,ayiti,artsingulier,prophétie,abodeofchaos,facteurcheval,palaisideal,tremblementdeterre,catastrophenaturelle,postapocalyptique,maisondartiste,artistshouses,sculpturemoderne,groupeserveur,lespritdelasalamandre,servergroup","Ayiti, tabula rasa... _DDC2655",17,12,29,1,2010,48,11,29,1,2010,,,
4313668708,40936370@N00,45.837448,4.826248,"portrait,sculpture,streetart,france,art,mystery,museum,architecture,painting,death,sadness,graffiti,haiti,earthquake,ruins,rawart,outsiderart,chaos,symbol,mort,contemporaryart,destruction,secret,911,apocalypse,taz,peinture,container,artbrut,sorrow,ddc,sanctuary,victims,cyberpunk,landart,devastation,tristesse,alchemy,souffrance,modernsculpture,prophecy,tabularasa,999,vanitas,sanctuaire,dadaisme,victimes,artprice,salamanderspirit,organmuseum,saintromainaumontdor,demeureduchaos,thierryehrmann,alchimie,seisme,ayiti,artsingulier,prophétie,abodeofchaos,facteurcheval,palaisideal,tremblementdeterre,catastrophenaturelle,postapocalyptique,maisondartiste,artistshouses,sculpturemoderne,groupeserveur,lespritdelasalamandre,servergroup","Ayiti, tabula rasa... _DDC2653",16,12,29,1,2010,47,11,29,1,2010,,,
4312932721,40936370@N00,45.837448,4.826248,"portrait,sculpture,streetart,france,art,mystery,museum,architecture,painting,death,sadness,graffiti,haiti,earthquake,ruins,rawart,outsiderart,chaos,symbol,mort,contemporaryart,destruction,secret,911,apocalypse,taz,peinture,container,artbrut,sorrow,ddc,sanctuary,victims,cyberpunk,landart,devastation,tristesse,alchemy,souffrance,modernsculpture,prophecy,tabularasa,999,vanitas,sanctuaire,dadaisme,victimes,artprice,salamanderspirit,organmuseum,saintromainaumontdor,demeureduchaos,thierryehrmann,alchimie,seisme,ayiti,artsingulier,prophétie,abodeofchaos,facteurcheval,palaisideal,tremblementdeterre,catastrophenaturelle,postapocalyptique,maisondartiste,artistshouses,sculpturemoderne,groupeserveur,lespritdelasalamandre,servergroup","Ayiti, tabula rasa... _DDC2652",16,12,29,1,2010,47,11,29,1,2010,,,
4313565310,31081440@N00,45.757643,4.832181,"france,wheel,lyon,ferris,ferriswheel,francia,hdr,placebellecour,ruedadelafortuna,clocherdelacharité,placeperrache",Ferris Wheel & Clocher de la Charité,32,12,23,1,2010,11,10,29,1,2010,,,
4313404150,97211956@N00,45.759363,4.826988,dailypicture,Making of,14,23,21,11,2009,57,7,29,1,2010,,,
4311656667,77161041@N00,45.769842,4.851568,"loft,wine,lyon,bokeh,extremebokeh,vindenoix,canon5dmarkii,coursvitton,canonef50mf12lusm,evasionloft,20100128,vindenoixmaison,wwwevasionloftcom",Vin de noix maison,42,19,28,1,2010,51,21,28,1,2010,,,
4312392528,77161041@N00,45.769842,4.851568,"loft,wine,lyon,bokeh,homemade,extremebokeh,bokeh365,canon5dmarkii,coursvitton,canonef50mf12lusm,20100128,wwwevasionloftcom,vinaunoix",Day 28 : Cheers!,41,19,28,1,2010,50,21,28,1,2010,,,
4311655689,77161041@N00,45.769435,4.851483,"street,loft,night,lyon,nuit,trottoir,canon5dmarkii,coursvitton,canonef50mf12lusm,20100128,wwwevasionloftcom",Cours Vitton,30,19,28,1,2010,50,21,28,1,2010,,,
4312391390,77161041@N00,45.769435,4.851483,"loft,lyon,canon5dmarkii,coursvitton,canonef50mf12lusm,20100128,wwwevasionloftcom",Cours Vitton,29,19,28,1,2010,50,21,28,1,2010,,,
4311654777,77161041@N00,45.769435,4.851483,"loft,lyon,canon5dmarkii,coursvitton,canonef50mf12lusm,20100128,wwwevasionloftcom",I saw the sign,29,19,28,1,2010,50,21,28,1,2010,,,
4311654531,77161041@N00,45.782578,4.879678,"rain,lyon,bokeh,pluie,agenceweb,o2sources,webagency,wwwo2sourcescom,canon5dmarkii,canonef50mf12lusm,20100128,agencewebàlyon",Bokeh,7,19,28,1,2010,50,21,28,1,2010,,,
4311654243,77161041@N00,45.782578,4.879678,"lyon,agenceweb,o2sources,webagency,wwwo2sourcescom,canon5dmarkii,canonef50mf12lusm,20100128,agencewebàlyon",The office,3,18,28,1,2010,49,21,28,1,2010,,,
4311653959,77161041@N00,45.782578,4.879678,"lyon,agenceweb,o2sources,webagency,wwwo2sourcescom,canon5dmarkii,canonef50mf12lusm,20100128,agencewebàlyon",The office,41,17,28,1,2010,49,21,28,1,2010,,,
4311585989,45717618@N00,45.758872,4.867681,"bokeh,carton,day28,bokeh365",Bokeh - Day 28 : Feeding,57,19,28,1,2010,15,21,28,1,2010,,,
4312083288,71957979@N00,45.745006,4.870414,"france,window,lyon,lumière,kelley,karla,karlakelley,femmephotale",Lumière brothers,17,4,17,7,2009,12,19,28,1,2010,,,
4311345169,71957979@N00,45.767058,4.829623,"france,rain,chairs,lyon,kelley,karla,karlakelley,femmephotale",,7,3,17,7,2009,11,19,28,1,2010,,,
4312076976,71957979@N00,45.767058,4.829623,"france,cafe,lyon,kelley,karla,karlakelley,femmephotale",,30,2,17,7,2009,9,19,28,1,2010,,,
4312072352,71957979@N00,45.768630,4.833391,"france,graffiti,lyon,kelley,karla,karlakelley,femmephotale",,19,10,16,7,2009,6,19,28,1,2010,,,
4311327455,71957979@N00,45.768630,4.833391,"france,lyon,kelley,karla,karlakelley,femmephotale",,2,10,16,7,2009,2,19,28,1,2010,,,
4312057790,71957979@N00,45.768129,4.833370,"france,lyon,kelley,karla,scientologie,karlakelley,femmephotale",,51,9,16,7,2009,59,18,28,1,2010,,,
4311317753,71957979@N00,45.768129,4.833370,"france,lyon,kelley,karla,karlakelley,femmephotale",,40,9,16,7,2009,57,18,28,1,2010,,,
4311314651,71957979@N00,45.768630,4.833391,"france,lyon,kelley,karla,paulaner,karlakelley,femmephotale",,13,9,16,7,2009,55,18,28,1,2010,,,
4312045722,71957979@N00,45.768129,4.833370,"france,stairs,lyon,kelley,karla,karlakelley,femmephotale",,41,8,16,7,2009,52,18,28,1,2010,,,
4312039074,71957979@N00,45.767149,4.832179,"france,lyon,kelley,karla,karlakelley,femmephotale",,32,8,16,7,2009,49,18,28,1,2010,,,
4311274949,71957979@N00,45.767149,4.832179,"street,france,lyon,kelley,karla,femmephotale",,22,12,17,7,2009,34,18,28,1,2010,,,
4311270617,71957979@N00,45.762471,4.827394,"door,france,chairs,lyon,kelley,karla,karlakelley,femmephotale",,14,8,17,7,2009,31,18,28,1,2010,,,
4311223667,71957979@N00,45.762314,4.822413,"france,cathedral,lyon,kelley,karla,basilique,fourvière,karlakelley,femmephotale",,22,7,17,7,2009,6,18,28,1,2010,,,
4311220027,71957979@N00,45.762314,4.822413,"france,cathedral,lyon,kelley,karla,basilique,fourvière,karlakelley,femmephotale",,19,7,17,7,2009,4,18,28,1,2010,,,
4311917272,71957979@N00,45.762314,4.822413,"france,cathedral,lyon,kelley,karla,basilique,fourvière,karlakelley,femmephotale",,19,7,17,7,2009,43,17,28,1,2010,,,
4314541202,13453036@N02,45.777356,4.855935,"animal,animals,square,mammal,zoo,cow,lyon,beast,animaux,vache,vaches,carré,mammifère,watusi,têtedor,ankole,parcdelatêtedor,bête,bostaurus,mammifères,watusis",Watusis,45,11,29,1,2010,45,20,29,1,2010,,,
4313015959,40936370@N00,45.837448,4.826248,"portrait,sculpture,streetart,france,art,mystery,museum,architecture,painting,graffiti,ruins,war,rawart,outsiderart,chaos,symbol,contemporaryart,secret,911,apocalypse,taz,peinture,container,freemasonry,terrorism,artbrut,artmuseum,artcontemporain,ddc,sanctuary,mystic,cyberpunk,landart,devastation,alchemy,destroy,modernsculpture,prophecy,999,davincicode,vanitas,sanctuaire,dadaisme,artprice,salamanderspirit,organmuseum,saintromainaumontdor,2052,demeureduchaos,thierryehrmann,alchimie,artsingulier,prophétie,abodeofchaos,facteurcheval,palaisideal,postapocalyptique,visionaryarchitecture,maisondartiste,artistshouses,sculpturemoderne,francmaconnerie,gesamtkuntwerk,groupeserveur,lespritdelasalamandre,crashculture,servergroup,architecturevisionnaire",La porte dérobée ou le nouveau regard _DDC2683,5,13,29,1,2010,6,13,29,1,2010,,,
4313668866,40936370@N00,45.837448,4.826248,"portrait,sculpture,streetart,france,art,mystery,museum,architecture,painting,death,sadness,graffiti,haiti,earthquake,ruins,rawart,outsiderart,chaos,symbol,mort,contemporaryart,destruction,secret,911,apocalypse,taz,peinture,container,artbrut,sorrow,ddc,sanctuary,victims,cyberpunk,landart,devastation,tristesse,alchemy,souffrance,modernsculpture,prophecy,tabularasa,999,vanitas,sanctuaire,dadaisme,victimes,artprice,salamanderspirit,organmuseum,saintromainaumontdor,demeureduchaos,thierryehrmann,alchimie,seisme,ayiti,artsingulier,prophétie,abodeofchaos,facteurcheval,palaisideal,tremblementdeterre,catastrophenaturelle,postapocalyptique,maisondartiste,artistshouses,sculpturemoderne,groupeserveur,lespritdelasalamandre,servergroup","Ayiti, tabula rasa... _DDC2671",21,12,29,1,2010,48,11,29,1,2010,,,
4311178515,71957979@N00,45.762314,4.822413,"france,cathedral,lyon,kelley,karla,basilique,fourvière,karlakelley,femmephotale",,18,7,17,7,2009,42,17,28,1,2010,,,
4311826200,71957979@N00,45.762314,4.822413,"france,cathedral,lyon,kelley,karla,basilique,fourvière,karlakelley,femmephotale",,37,7,17,7,2009,56,16,28,1,2010,,,
4311824706,40936370@N00,45.837448,4.826248,"portrait,sculpture,france,mystery,museum,painting,ruins,jung,symbol,contemporaryart,secret,apocalypse,greatwork,freemasonry,ddc,sanctuary,alchemy,prophecy,999,vanitas,revelation,alchimia,alchemist,sanctuaire,paulocoelho,magnumopus,graal,gnosticism,dondedieu,materiaprima,nicolasflamel,artprice,salamanderspirit,organmuseum,saintromainaumontdor,andrébreton,demeureduchaos,thierryehrmann,alkimia,finis,alchemical,rubedo,prophétie,abodeofchaos,loeuvreaunoir,facteurcheval,palaisideal,grandoeuvre,alchemicalsymbol,francmaconnerie,citrinitas,fulcanelli,philosopherstone,albertlegrand,oswaldwirth,lespritdelasalamandre,nigredoalbedo,corpusjabirianum,alchimiespéculative,lemystèredescathédrales,lesdemeuresphilosophales,eugènecanseliet,latourbedesphilosophes,spagyrie,basilevalentin,rosariusphilosophorum,historyofalchemy,nucleartransmutation,khemeia,voiesèche,voiehumide,liberparagranum,artroyal,donumdei",Alchemy LXV - Alchimie P1020847,45,15,28,1,2010,55,16,28,1,2010,,,
4311824646,40936370@N00,45.837448,4.826248,"portrait,sculpture,france,mystery,museum,painting,ruins,jung,symbol,contemporaryart,secret,apocalypse,greatwork,freemasonry,ddc,sanctuary,alchemy,prophecy,999,vanitas,revelation,alchimia,alchemist,sanctuaire,paulocoelho,magnumopus,graal,gnosticism,dondedieu,materiaprima,nicolasflamel,artprice,salamanderspirit,organmuseum,saintromainaumontdor,andrébreton,demeureduchaos,thierryehrmann,alkimia,finis,alchemical,rubedo,prophétie,abodeofchaos,loeuvreaunoir,facteurcheval,palaisideal,grandoeuvre,alchemicalsymbol,francmaconnerie,citrinitas,fulcanelli,philosopherstone,albertlegrand,oswaldwirth,lespritdelasalamandre,nigredoalbedo,corpusjabirianum,alchimiespéculative,lemystèredescathédrales,lesdemeuresphilosophales,eugènecanseliet,latourbedesphilosophes,spagyrie,basilevalentin,rosariusphilosophorum,historyofalchemy,nucleartransmutation,khemeia,voiesèche,voiehumide,liberparagranum,artroyal,donumdei",Alchemy LXV - Alchimie P1020846,45,15,28,1,2010,55,16,28,1,2010,,,
4311088269,40936370@N00,45.837448,4.826248,"portrait,sculpture,france,mystery,museum,painting,ruins,jung,symbol,contemporaryart,secret,apocalypse,greatwork,freemasonry,ddc,sanctuary,alchemy,prophecy,999,vanitas,revelation,alchimia,alchemist,sanctuaire,paulocoelho,magnumopus,graal,gnosticism,dondedieu,materiaprima,nicolasflamel,artprice,salamanderspirit,organmuseum,saintromainaumontdor,andrébreton,demeureduchaos,thierryehrmann,alkimia,finis,alchemical,rubedo,prophétie,abodeofchaos,loeuvreaunoir,facteurcheval,palaisideal,grandoeuvre,alchemicalsymbol,francmaconnerie,citrinitas,fulcanelli,philosopherstone,albertlegrand,oswaldwirth,lespritdelasalamandre,nigredoalbedo,corpusjabirianum,alchimiespéculative,lemystèredescathédrales,lesdemeuresphilosophales,eugènecanseliet,latourbedesphilosophes,spagyrie,basilevalentin,rosariusphilosophorum,historyofalchemy,nucleartransmutation,khemeia,voiesèche,voiehumide,liberparagranum,artroyal,donumdei",Alchemy LXV - Alchimie P1020842,44,15,28,1,2010,55,16,28,1,2010,,,
4311821492,71957979@N00,45.762950,4.825151,"street,france,rooftop,lamp,lyon,kelley,karla,cathedralestjean,karlakelley,femmephotale",,55,6,17,7,2009,54,16,28,1,2010,,,
4311815846,71957979@N00,45.768398,4.833370,"street,france,window,cat,lyon,kelley,karla,femmephotale",,41,6,17,7,2009,51,16,28,1,2010,,,
4311809602,71957979@N00,45.762471,4.827394,"france,lyon,bookstore,kelley,livre,karla,karlakelley,femmephotale",,34,6,17,7,2009,47,16,28,1,2010,,,
4311804326,71957979@N00,45.767552,4.833367,"france,fountain,lyon,kelley,karla,bartholdi,placedesterreaux,karlakelley,femmephotale",,20,6,17,7,2009,45,16,28,1,2010,,,
4311799734,71957979@N00,45.767552,4.833367,"france,fountain,lyon,kelley,karla,bartholdi,placedesterreaux,karlakelley,femmephotale",,20,6,17,7,2009,42,16,28,1,2010,,,
4311760492,11817998@N05,45.760629,4.846442,"365,iphone",28/365,20,16,28,1,2010,21,16,28,1,2010,,,
4310856773,40936370@N00,45.837448,4.826248,"portrait,sculpture,streetart,france,art,mystery,museum,architecture,painting,graffiti,ruins,artist,rawart,outsiderart,chaos,symbol,contemporaryart,modernart,secret,911,apocalypse,taz,peinture,eros,container,artbrut,ddc,sanctuary,mystic,thekiss,sculptor,cyberpunk,landart,alchemy,modernsculpture,prophecy,999,davincicode,vanitas,sanctuaire,artmoderne,lebaiser,surréaliste,sculpteur,dadaisme,artprice,salamanderspirit,organmuseum,saintromainaumontdor,demeureduchaos,thierryehrmann,alchimie,artsingulier,constantinbrancusi,theendlesscolumn,surréalist,birdinspace,prophétie,abodeofchaos,facteurcheval,palaisideal,sleepingmuse,loiseaudanslespace,postapocalyptique,maisondartiste,artistshouses,sculpturemoderne,lamuseendormie,groupeserveur,lespritdelasalamandre,servergroup,atriste,pioneerofmodernism,colonnesansfin,thepatriarchofmodernsculpture",Constantin Brancusi painted portrait P1020835,42,15,28,1,2010,42,14,28,1,2010,,,
4310856731,40936370@N00,45.837448,4.826248,"portrait,sculpture,streetart,france,art,mystery,museum,architecture,painting,graffiti,ruins,artist,rawart,outsiderart,chaos,symbol,contemporaryart,modernart,secret,911,apocalypse,taz,peinture,eros,container,artbrut,ddc,sanctuary,mystic,thekiss,sculptor,cyberpunk,landart,alchemy,modernsculpture,prophecy,999,davincicode,vanitas,sanctuaire,artmoderne,lebaiser,surréaliste,sculpteur,dadaisme,artprice,salamanderspirit,organmuseum,saintromainaumontdor,demeureduchaos,thierryehrmann,alchimie,artsingulier,constantinbrancusi,theendlesscolumn,surréalist,birdinspace,prophétie,abodeofchaos,facteurcheval,palaisideal,sleepingmuse,loiseaudanslespace,postapocalyptique,maisondartiste,artistshouses,sculpturemoderne,lamuseendormie,groupeserveur,lespritdelasalamandre,servergroup,atriste,pioneerofmodernism,colonnesansfin,thepatriarchofmodernsculpture",Constantin Brancusi painted portrait P1020834,41,15,28,1,2010,42,14,28,1,2010,,,
4310856687,40936370@N00,45.837448,4.826248,"portrait,sculpture,streetart,france,art,mystery,museum,architecture,painting,graffiti,ruins,artist,rawart,outsiderart,chaos,symbol,contemporaryart,modernart,secret,911,apocalypse,taz,peinture,eros,container,artbrut,ddc,sanctuary,mystic,thekiss,sculptor,cyberpunk,landart,alchemy,modernsculpture,prophecy,999,davincicode,vanitas,sanctuaire,artmoderne,lebaiser,surréaliste,sculpteur,dadaisme,artprice,salamanderspirit,organmuseum,saintromainaumontdor,demeureduchaos,thierryehrmann,alchimie,artsingulier,constantinbrancusi,theendlesscolumn,surréalist,birdinspace,prophétie,abodeofchaos,facteurcheval,palaisideal,sleepingmuse,loiseaudanslespace,postapocalyptique,maisondartiste,artistshouses,sculpturemoderne,lamuseendormie,groupeserveur,lespritdelasalamandre,servergroup,atriste,pioneerofmodernism,colonnesansfin,thepatriarchofmodernsculpture",Constantin Brancusi painted portrait P1020832,40,15,28,1,2010,42,14,28,1,2010,,,
4308096027,44566442@N08,45.752018,4.903273,,Reine Élyse,0,10,27,1,2010,1,10,27,1,2010,,,
4308830986,44566442@N08,45.752018,4.903273,,La reine de la galette,56,9,27,1,2010,57,9,27,1,2010,,,
4307023587,45717618@N00,45.758872,4.867681,"notebook,hp,bokeh,day27,bokeh365",Bokeh - Day 27 : New notebook,16,23,26,1,2010,29,23,26,1,2010,,,
4305975369,30215930@N02,45.765135,4.826731,"st,jean,lyon,panoramique,presquile",Lyon de chez Marielle et Jeremy,47,21,27,6,2009,15,15,26,1,2010,,,
4306266888,16197488@N06,45.751965,4.836484,"street,people,lyon,streetphotography,rhône,rue,gens,quais",,28,16,17,1,2010,50,9,26,1,2010,,,
4306266194,16197488@N06,45.753241,4.846462,"street,people,lyon,streetphotography,rue,gens",,23,12,16,1,2010,50,9,26,1,2010,,,
4304937824,31081440@N00,45.757119,4.826238,"france,lyon,rhône,francia,saône,basiliquenotredamedefourvière,églisesaintgeorges",Église Saint-Georges,45,12,23,1,2010,48,22,25,1,2010,,,
4304764856,10404945@N05,45.773610,4.853017,"park,parco,snow,france,flower,ice,nature,fleur,branch,lyon,lione,natura,neve,fiore,ramo,francia,parc,glace,niege,ghiaccio,branche,têtedor",,26,15,10,1,2010,37,21,25,1,2010,,,
4304764846,10404945@N05,45.773610,4.853017,"park,parco,snow,france,flower,ice,nature,fleur,branch,lyon,lione,natura,neve,fiore,ramo,francia,parc,glace,niege,ghiaccio,branche,têtedor",,23,15,10,1,2010,37,21,25,1,2010,,,
4304764838,10404945@N05,45.773610,4.853017,"park,parco,snow,france,flower,ice,nature,fleur,branch,lyon,lione,natura,neve,fiore,ramo,francia,parc,glace,niege,ghiaccio,branche,têtedor",,22,15,10,1,2010,37,21,25,1,2010,,,
4304764828,10404945@N05,45.773610,4.853017,"park,parco,snow,france,flower,ice,nature,fleur,branch,lyon,lione,natura,neve,fiore,ramo,francia,parc,glace,niege,ghiaccio,branche,têtedor",,21,15,10,1,2010,37,21,25,1,2010,,,
4303466237,43130487@N08,45.760450,4.826452,,Lumieres Lyon 2008 - cathédrale St Jean,48,0,9,12,2008,38,17,25,1,2010,,,
4303436861,40936370@N00,45.837448,4.826248,"portrait,sculpture,streetart,france,art,mystery,museum,architecture,painting,graffiti,ruins,artist,rawart,outsiderart,chaos,symbol,contemporaryart,modernart,secret,911,apocalypse,taz,peinture,eros,container,artbrut,ddc,sanctuary,mystic,thekiss,sculptor,cyberpunk,landart,alchemy,modernsculpture,prophecy,999,davincicode,vanitas,sanctuaire,artmoderne,lebaiser,surréaliste,dadaisme,artprice,salamanderspirit,organmuseum,saintromainaumontdor,demeureduchaos,thierryehrmann,alchimie,artsingulier,theendlesscolumn,surréalist,birdinspace,prophétie,abodeofchaos,facteurcheval,palaisideal,sleepingmuse,loiseaudanslespace,postapocalyptique,maisondartiste,artistshouses,sculpturemoderne,lamuseendormie,groupeserveur,lespritdelasalamandre,servergroup,constantinbrancusisculpteur,atriste,pioneerofmodernism,colonnesansfin,thepatriarchofmodernsculpture",Constantin Brancusi painted portrait _DDC2326,32,17,25,1,2010,24,17,25,1,2010,,,
4303436739,40936370@N00,45.837448,4.826248,"portrait,sculpture,streetart,france,art,mystery,museum,architecture,painting,graffiti,ruins,artist,rawart,outsiderart,chaos,symbol,contemporaryart,modernart,secret,911,apocalypse,taz,peinture,eros,container,artbrut,ddc,sanctuary,mystic,thekiss,sculptor,cyberpunk,landart,alchemy,modernsculpture,prophecy,999,davincicode,vanitas,sanctuaire,artmoderne,lebaiser,surréaliste,dadaisme,artprice,salamanderspirit,organmuseum,saintromainaumontdor,demeureduchaos,thierryehrmann,alchimie,artsingulier,theendlesscolumn,surréalist,birdinspace,prophétie,abodeofchaos,facteurcheval,palaisideal,sleepingmuse,loiseaudanslespace,postapocalyptique,maisondartiste,artistshouses,sculpturemoderne,lamuseendormie,groupeserveur,lespritdelasalamandre,servergroup,constantinbrancusisculpteur,atriste,pioneerofmodernism,colonnesansfin,thepatriarchofmodernsculpture",Constantin Brancusi painted portrait _DDC2325,32,17,25,1,2010,24,17,25,1,2010,,,
4303923424,40936370@N00,45.837448,4.826248,"fiction,portrait,sculpture,streetart,france,art,mystery,museum,architecture,dark,painting,movie,graffiti,ruins,rawart,outsiderart,chaos,symbol,contemporaryart,secret,911,apocalypse,taz,peinture,eros,container,freemasonry,artbrut,tournage,ddc,sanctuary,mystic,cyberpunk,landart,alchemy,modernsculpture,prophecy,999,vanitas,sanctuaire,dadaisme,artprice,salamanderspirit,organmuseum,saintromainaumontdor,demeureduchaos,thierryehrmann,alchimie,artsingulier,prophétie,abodeofchaos,facteurcheval,palaisideal,kurtehrmann,postapocalyptique,maisondartiste,artistshouses,actingperformance,sculpturemoderne,francmaconnerie,yokohigashi,ehrmannscrew,lessourcesoccultes,groupeserveur,lespritdelasalamandre,servergroup,laurantcourau,dansebuto,buthodance",Yoko Higashi - yoko26,40,12,25,1,2010,25,15,25,1,2010,,,
4303177755,40936370@N00,45.837448,4.826248,"fiction,portrait,sculpture,streetart,france,art,mystery,museum,architecture,dark,painting,movie,graffiti,ruins,rawart,outsiderart,chaos,symbol,contemporaryart,secret,911,apocalypse,taz,peinture,eros,container,freemasonry,artbrut,tournage,ddc,sanctuary,mystic,cyberpunk,landart,alchemy,modernsculpture,prophecy,999,vanitas,sanctuaire,dadaisme,artprice,salamanderspirit,organmuseum,saintromainaumontdor,demeureduchaos,thierryehrmann,alchimie,artsingulier,prophétie,abodeofchaos,facteurcheval,palaisideal,kurtehrmann,postapocalyptique,maisondartiste,artistshouses,actingperformance,sculpturemoderne,francmaconnerie,yokohigashi,ehrmannscrew,lessourcesoccultes,groupeserveur,lespritdelasalamandre,servergroup,laurantcourau,dansebuto,buthodance",Yoko Higashi - yoko25,39,12,25,1,2010,25,15,25,1,2010,,,
4303923306,40936370@N00,45.837448,4.826248,"fiction,portrait,sculpture,streetart,france,art,mystery,museum,architecture,dark,painting,movie,graffiti,ruins,rawart,outsiderart,chaos,symbol,contemporaryart,secret,911,apocalypse,taz,peinture,eros,container,freemasonry,artbrut,tournage,ddc,sanctuary,mystic,cyberpunk,landart,alchemy,modernsculpture,prophecy,999,vanitas,sanctuaire,dadaisme,artprice,salamanderspirit,organmuseum,saintromainaumontdor,demeureduchaos,thierryehrmann,alchimie,artsingulier,prophétie,abodeofchaos,facteurcheval,palaisideal,kurtehrmann,postapocalyptique,maisondartiste,artistshouses,actingperformance,sculpturemoderne,francmaconnerie,yokohigashi,ehrmannscrew,lessourcesoccultes,groupeserveur,lespritdelasalamandre,servergroup,laurantcourau,dansebuto,buthodance",Yoko Higashi - yoko24,39,12,25,1,2010,25,15,25,1,2010,,,
4303177597,40936370@N00,45.837448,4.826248,"fiction,portrait,sculpture,streetart,france,art,mystery,museum,architecture,dark,painting,movie,graffiti,ruins,rawart,outsiderart,chaos,symbol,contemporaryart,secret,911,apocalypse,taz,peinture,eros,container,freemasonry,artbrut,tournage,ddc,sanctuary,mystic,cyberpunk,landart,alchemy,modernsculpture,prophecy,999,vanitas,sanctuaire,dadaisme,artprice,salamanderspirit,organmuseum,saintromainaumontdor,demeureduchaos,thierryehrmann,alchimie,artsingulier,prophétie,abodeofchaos,facteurcheval,palaisideal,kurtehrmann,postapocalyptique,maisondartiste,artistshouses,actingperformance,sculpturemoderne,francmaconnerie,yokohigashi,ehrmannscrew,lessourcesoccultes,groupeserveur,lespritdelasalamandre,servergroup,laurantcourau,dansebuto,buthodance",Yoko Higashi - yoko23,38,12,25,1,2010,25,15,25,1,2010,,,
4303177535,40936370@N00,45.837448,4.826248,"fiction,portrait,sculpture,streetart,france,art,mystery,museum,architecture,dark,painting,movie,graffiti,ruins,rawart,outsiderart,chaos,symbol,contemporaryart,secret,911,apocalypse,taz,peinture,eros,container,freemasonry,artbrut,tournage,ddc,sanctuary,mystic,cyberpunk,landart,alchemy,modernsculpture,prophecy,999,vanitas,sanctuaire,dadaisme,artprice,salamanderspirit,organmuseum,saintromainaumontdor,demeureduchaos,thierryehrmann,alchimie,artsingulier,prophétie,abodeofchaos,facteurcheval,palaisideal,kurtehrmann,postapocalyptique,maisondartiste,artistshouses,actingperformance,sculpturemoderne,francmaconnerie,yokohigashi,ehrmannscrew,lessourcesoccultes,groupeserveur,lespritdelasalamandre,servergroup,laurantcourau,dansebuto,buthodance",Yoko Higashi - yoko22,38,12,25,1,2010,25,15,25,1,2010,,,
4303177485,40936370@N00,45.837448,4.826248,"fiction,portrait,sculpture,streetart,france,art,mystery,museum,architecture,dark,painting,movie,graffiti,ruins,rawart,outsiderart,chaos,symbol,contemporaryart,secret,911,apocalypse,taz,peinture,eros,container,freemasonry,artbrut,tournage,ddc,sanctuary,mystic,cyberpunk,landart,alchemy,modernsculpture,prophecy,999,vanitas,sanctuaire,dadaisme,artprice,salamanderspirit,organmuseum,saintromainaumontdor,demeureduchaos,thierryehrmann,alchimie,artsingulier,prophétie,abodeofchaos,facteurcheval,palaisideal,kurtehrmann,postapocalyptique,maisondartiste,artistshouses,actingperformance,sculpturemoderne,francmaconnerie,yokohigashi,ehrmannscrew,lessourcesoccultes,groupeserveur,lespritdelasalamandre,servergroup,laurantcourau,dansebuto,buthodance",Yoko Higashi - yoko21,38,12,25,1,2010,25,15,25,1,2010,,,
4303177433,40936370@N00,45.837448,4.826248,"fiction,portrait,sculpture,streetart,france,art,mystery,museum,architecture,dark,painting,movie,graffiti,ruins,rawart,outsiderart,chaos,symbol,contemporaryart,secret,911,apocalypse,taz,peinture,eros,container,freemasonry,artbrut,tournage,ddc,sanctuary,mystic,cyberpunk,landart,alchemy,modernsculpture,prophecy,999,vanitas,sanctuaire,dadaisme,artprice,salamanderspirit,organmuseum,saintromainaumontdor,demeureduchaos,thierryehrmann,alchimie,artsingulier,prophétie,abodeofchaos,facteurcheval,palaisideal,kurtehrmann,postapocalyptique,maisondartiste,artistshouses,actingperformance,sculpturemoderne,francmaconnerie,yokohigashi,ehrmannscrew,lessourcesoccultes,groupeserveur,lespritdelasalamandre,servergroup,laurantcourau,dansebuto,buthodance",Yoko Higashi - yoko20,37,12,25,1,2010,25,15,25,1,2010,,,
4303923002,40936370@N00,45.837448,4.826248,"fiction,portrait,sculpture,streetart,france,art,mystery,museum,architecture,dark,painting,movie,graffiti,ruins,rawart,outsiderart,chaos,symbol,contemporaryart,secret,911,apocalypse,taz,peinture,eros,container,freemasonry,artbrut,tournage,ddc,sanctuary,mystic,cyberpunk,landart,alchemy,modernsculpture,prophecy,999,vanitas,sanctuaire,dadaisme,artprice,salamanderspirit,organmuseum,saintromainaumontdor,demeureduchaos,thierryehrmann,alchimie,artsingulier,prophétie,abodeofchaos,facteurcheval,palaisideal,kurtehrmann,postapocalyptique,maisondartiste,artistshouses,actingperformance,sculpturemoderne,francmaconnerie,yokohigashi,ehrmannscrew,lessourcesoccultes,groupeserveur,lespritdelasalamandre,servergroup,laurantcourau,dansebuto,buthodance",Yoko Higashi - yoko19,37,12,25,1,2010,25,15,25,1,2010,,,
4303922948,40936370@N00,45.837448,4.826248,"fiction,portrait,sculpture,streetart,france,art,mystery,museum,architecture,dark,painting,movie,graffiti,ruins,rawart,outsiderart,chaos,symbol,contemporaryart,secret,911,apocalypse,taz,peinture,eros,container,freemasonry,artbrut,tournage,ddc,sanctuary,mystic,cyberpunk,landart,alchemy,modernsculpture,prophecy,999,vanitas,sanctuaire,dadaisme,artprice,salamanderspirit,organmuseum,saintromainaumontdor,demeureduchaos,thierryehrmann,alchimie,artsingulier,prophétie,abodeofchaos,facteurcheval,palaisideal,kurtehrmann,postapocalyptique,maisondartiste,artistshouses,actingperformance,sculpturemoderne,francmaconnerie,yokohigashi,ehrmannscrew,lessourcesoccultes,groupeserveur,lespritdelasalamandre,servergroup,laurantcourau,dansebuto,buthodance",Yoko Higashi - yoko18,36,12,25,1,2010,25,15,25,1,2010,,,
4303922888,40936370@N00,45.837448,4.826248,"fiction,portrait,sculpture,streetart,france,art,mystery,museum,architecture,dark,painting,movie,graffiti,ruins,rawart,outsiderart,chaos,symbol,contemporaryart,secret,911,apocalypse,taz,peinture,eros,container,freemasonry,artbrut,tournage,ddc,sanctuary,mystic,cyberpunk,landart,alchemy,modernsculpture,prophecy,999,vanitas,sanctuaire,dadaisme,artprice,salamanderspirit,organmuseum,saintromainaumontdor,demeureduchaos,thierryehrmann,alchimie,artsingulier,prophétie,abodeofchaos,facteurcheval,palaisideal,kurtehrmann,postapocalyptique,maisondartiste,artistshouses,actingperformance,sculpturemoderne,francmaconnerie,yokohigashi,ehrmannscrew,lessourcesoccultes,groupeserveur,lespritdelasalamandre,servergroup,laurantcourau,dansebuto,buthodance",Yoko Higashi - yoko17,35,12,25,1,2010,25,15,25,1,2010,,,
4303177181,40936370@N00,45.837448,4.826248,"fiction,portrait,sculpture,streetart,france,art,mystery,museum,architecture,dark,painting,movie,graffiti,ruins,rawart,outsiderart,chaos,symbol,contemporaryart,secret,911,apocalypse,taz,peinture,eros,container,freemasonry,artbrut,tournage,ddc,sanctuary,mystic,cyberpunk,landart,alchemy,modernsculpture,prophecy,999,vanitas,sanctuaire,dadaisme,artprice,salamanderspirit,organmuseum,saintromainaumontdor,demeureduchaos,thierryehrmann,alchimie,artsingulier,prophétie,abodeofchaos,facteurcheval,palaisideal,kurtehrmann,postapocalyptique,maisondartiste,artistshouses,actingperformance,sculpturemoderne,francmaconnerie,yokohigashi,ehrmannscrew,lessourcesoccultes,groupeserveur,lespritdelasalamandre,servergroup,laurantcourau,dansebuto,buthodance",Yoko Higashi - yoko16,34,12,25,1,2010,25,15,25,1,2010,,,
4303922694,40936370@N00,45.837448,4.826248,"fiction,portrait,sculpture,streetart,france,art,mystery,museum,architecture,dark,painting,movie,graffiti,ruins,rawart,outsiderart,chaos,symbol,contemporaryart,secret,911,apocalypse,taz,peinture,eros,container,freemasonry,artbrut,tournage,ddc,sanctuary,mystic,cyberpunk,landart,alchemy,modernsculpture,prophecy,999,vanitas,sanctuaire,dadaisme,artprice,salamanderspirit,organmuseum,saintromainaumontdor,demeureduchaos,thierryehrmann,alchimie,artsingulier,prophétie,abodeofchaos,facteurcheval,palaisideal,kurtehrmann,postapocalyptique,maisondartiste,artistshouses,actingperformance,sculpturemoderne,francmaconnerie,yokohigashi,ehrmannscrew,lessourcesoccultes,groupeserveur,lespritdelasalamandre,servergroup,laurantcourau,dansebuto,buthodance",Yoko Higashi - yoko14,33,12,25,1,2010,25,15,25,1,2010,,,
4303176967,40936370@N00,45.837448,4.826248,"fiction,portrait,sculpture,streetart,france,art,mystery,museum,architecture,dark,painting,movie,graffiti,ruins,rawart,outsiderart,chaos,symbol,contemporaryart,secret,911,apocalypse,taz,peinture,eros,container,freemasonry,artbrut,tournage,ddc,sanctuary,mystic,cyberpunk,landart,alchemy,modernsculpture,prophecy,999,vanitas,sanctuaire,dadaisme,artprice,salamanderspirit,organmuseum,saintromainaumontdor,demeureduchaos,thierryehrmann,alchimie,artsingulier,prophétie,abodeofchaos,facteurcheval,palaisideal,kurtehrmann,postapocalyptique,maisondartiste,artistshouses,actingperformance,sculpturemoderne,francmaconnerie,yokohigashi,ehrmannscrew,lessourcesoccultes,groupeserveur,lespritdelasalamandre,servergroup,laurantcourau,dansebuto,buthodance",Yoko Higashi - yoko13,32,12,25,1,2010,25,15,25,1,2010,,,
4303176805,40936370@N00,45.837448,4.826248,"fiction,portrait,sculpture,streetart,france,art,mystery,museum,architecture,dark,painting,movie,graffiti,ruins,rawart,outsiderart,chaos,symbol,contemporaryart,secret,911,apocalypse,taz,peinture,eros,container,freemasonry,artbrut,tournage,ddc,sanctuary,mystic,cyberpunk,landart,alchemy,modernsculpture,prophecy,999,vanitas,sanctuaire,dadaisme,artprice,salamanderspirit,organmuseum,saintromainaumontdor,demeureduchaos,thierryehrmann,alchimie,artsingulier,prophétie,abodeofchaos,facteurcheval,palaisideal,kurtehrmann,postapocalyptique,maisondartiste,artistshouses,actingperformance,sculpturemoderne,francmaconnerie,yokohigashi,ehrmannscrew,lessourcesoccultes,groupeserveur,lespritdelasalamandre,servergroup,laurantcourau,dansebuto,buthodance",Yoko Higashi - yoko10,31,12,25,1,2010,24,15,25,1,2010,,,
4303922318,40936370@N00,45.837448,4.826248,"fiction,portrait,sculpture,streetart,france,art,mystery,museum,architecture,dark,painting,movie,graffiti,ruins,rawart,outsiderart,chaos,symbol,contemporaryart,secret,911,apocalypse,taz,peinture,eros,container,freemasonry,artbrut,tournage,ddc,sanctuary,mystic,cyberpunk,landart,alchemy,modernsculpture,prophecy,999,vanitas,sanctuaire,dadaisme,artprice,salamanderspirit,organmuseum,saintromainaumontdor,demeureduchaos,thierryehrmann,alchimie,artsingulier,prophétie,abodeofchaos,facteurcheval,palaisideal,kurtehrmann,postapocalyptique,maisondartiste,artistshouses,actingperformance,sculpturemoderne,francmaconnerie,yokohigashi,ehrmannscrew,lessourcesoccultes,groupeserveur,lespritdelasalamandre,servergroup,laurantcourau,dansebuto,buthodance",Yoko Higashi - yoko09,30,12,25,1,2010,24,15,25,1,2010,,,
4303176675,40936370@N00,45.837448,4.826248,"fiction,portrait,sculpture,streetart,france,art,mystery,museum,architecture,dark,painting,movie,graffiti,ruins,rawart,outsiderart,chaos,symbol,contemporaryart,secret,911,apocalypse,taz,peinture,eros,container,freemasonry,artbrut,tournage,ddc,sanctuary,mystic,cyberpunk,landart,alchemy,modernsculpture,prophecy,999,vanitas,sanctuaire,dadaisme,artprice,salamanderspirit,organmuseum,saintromainaumontdor,demeureduchaos,thierryehrmann,alchimie,artsingulier,prophétie,abodeofchaos,facteurcheval,palaisideal,kurtehrmann,postapocalyptique,maisondartiste,artistshouses,actingperformance,sculpturemoderne,francmaconnerie,yokohigashi,ehrmannscrew,lessourcesoccultes,groupeserveur,lespritdelasalamandre,servergroup,laurantcourau,dansebuto,buthodance",Yoko Higashi - yoko08,29,12,25,1,2010,24,15,25,1,2010,,,
4303176601,40936370@N00,45.837448,4.826248,"fiction,portrait,sculpture,streetart,france,art,mystery,museum,architecture,dark,painting,movie,graffiti,ruins,rawart,outsiderart,chaos,symbol,contemporaryart,secret,911,apocalypse,taz,peinture,eros,container,freemasonry,artbrut,tournage,ddc,sanctuary,mystic,cyberpunk,landart,alchemy,modernsculpture,prophecy,999,vanitas,sanctuaire,dadaisme,artprice,salamanderspirit,organmuseum,saintromainaumontdor,demeureduchaos,thierryehrmann,alchimie,artsingulier,prophétie,abodeofchaos,facteurcheval,palaisideal,kurtehrmann,postapocalyptique,maisondartiste,artistshouses,actingperformance,sculpturemoderne,francmaconnerie,yokohigashi,ehrmannscrew,lessourcesoccultes,groupeserveur,lespritdelasalamandre,servergroup,laurantcourau,dansebuto,buthodance",Yoko Higashi - yoko07,23,12,25,1,2010,24,15,25,1,2010,,,
4303176559,40936370@N00,45.837448,4.826248,"fiction,portrait,sculpture,streetart,france,art,mystery,museum,architecture,dark,painting,movie,graffiti,ruins,rawart,outsiderart,chaos,symbol,contemporaryart,secret,911,apocalypse,taz,peinture,eros,container,freemasonry,artbrut,tournage,ddc,sanctuary,mystic,cyberpunk,landart,alchemy,modernsculpture,prophecy,999,vanitas,sanctuaire,dadaisme,artprice,salamanderspirit,organmuseum,saintromainaumontdor,demeureduchaos,thierryehrmann,alchimie,artsingulier,prophétie,abodeofchaos,facteurcheval,palaisideal,kurtehrmann,postapocalyptique,maisondartiste,artistshouses,actingperformance,sculpturemoderne,francmaconnerie,yokohigashi,ehrmannscrew,lessourcesoccultes,groupeserveur,lespritdelasalamandre,servergroup,laurantcourau,dansebuto,buthodance",Yoko Higashi - yoko06,22,12,25,1,2010,24,15,25,1,2010,,,
4303922088,40936370@N00,45.837448,4.826248,"fiction,portrait,sculpture,streetart,france,art,mystery,museum,architecture,dark,painting,movie,graffiti,ruins,rawart,outsiderart,chaos,symbol,contemporaryart,secret,911,apocalypse,taz,peinture,eros,container,freemasonry,artbrut,tournage,ddc,sanctuary,mystic,cyberpunk,landart,alchemy,modernsculpture,prophecy,999,vanitas,sanctuaire,dadaisme,artprice,salamanderspirit,organmuseum,saintromainaumontdor,demeureduchaos,thierryehrmann,alchimie,artsingulier,prophétie,abodeofchaos,facteurcheval,palaisideal,kurtehrmann,postapocalyptique,maisondartiste,artistshouses,actingperformance,sculpturemoderne,francmaconnerie,yokohigashi,ehrmannscrew,lessourcesoccultes,groupeserveur,lespritdelasalamandre,servergroup,laurantcourau,dansebuto,buthodance",Yoko Higashi - yoko05,22,12,25,1,2010,24,15,25,1,2010,,,
4311824762,40936370@N00,45.837448,4.826248,"portrait,sculpture,france,mystery,museum,painting,ruins,jung,symbol,contemporaryart,secret,apocalypse,greatwork,freemasonry,ddc,sanctuary,alchemy,prophecy,999,vanitas,revelation,alchimia,alchemist,sanctuaire,paulocoelho,magnumopus,graal,gnosticism,dondedieu,materiaprima,nicolasflamel,artprice,salamanderspirit,organmuseum,saintromainaumontdor,andrébreton,demeureduchaos,thierryehrmann,alkimia,finis,alchemical,rubedo,prophétie,abodeofchaos,loeuvreaunoir,facteurcheval,palaisideal,grandoeuvre,alchemicalsymbol,francmaconnerie,citrinitas,fulcanelli,philosopherstone,albertlegrand,oswaldwirth,lespritdelasalamandre,nigredoalbedo,corpusjabirianum,alchimiespéculative,lemystèredescathédrales,lesdemeuresphilosophales,eugènecanseliet,latourbedesphilosophes,spagyrie,basilevalentin,rosariusphilosophorum,historyofalchemy,nucleartransmutation,khemeia,voiesèche,voiehumide,liberparagranum,artroyal,donumdei",Alchemy LXV - Alchimie P1020849,46,15,28,1,2010,55,16,28,1,2010,,,
4304180846,40936370@N00,45.837448,4.826248,"constantinbrancusisculpteur,atriste,surréaliste,artmoderne,modernart,sculptor,pioneerofmodernism,surréalist,artist,lebaiser,thekiss,loiseaudanslespace,birdinspace,theendlesscolumn,colonnesansfin,lamuseendormie,sleepingmuse,thepatriarchofmodernsculpture,abodeofchaos,chaos,lespritdelasalamandre,salamanderspirit,demeureduchaos,thierryehrmann,ddc,999,groupeserveur,taz,organmuseum,servergroup,facteurcheval,palaisideal,sanctuaire,sanctuary,artprice,portrait,painting,peinture,france,museum,sculpture,architecture,maisondartiste,art,artistshouses,streetart,sculpturemoderne,modernsculpture,secret,alchimie,alchemy,landart,artbrut,artsingulier,rawart,symbol,911,contemporaryart,apocalypse,postapocalyptique,cyberpunk,graffiti,vanitas,ruins,prophecy,prophétie,container,dadaisme,outsiderart,mystery,eros,mystic,davincicode,saintromainaumontdor",Constantin Brancusi painted portrait _DDC2328,32,17,25,1,2010,24,17,25,1,2010,,,
4303176865,40936370@N00,45.837448,4.826248,"fiction,portrait,sculpture,streetart,france,art,mystery,museum,architecture,dark,painting,movie,graffiti,ruins,rawart,outsiderart,chaos,symbol,contemporaryart,secret,911,apocalypse,taz,peinture,eros,container,freemasonry,artbrut,tournage,ddc,sanctuary,mystic,cyberpunk,landart,alchemy,modernsculpture,prophecy,999,vanitas,sanctuaire,dadaisme,artprice,salamanderspirit,organmuseum,saintromainaumontdor,demeureduchaos,thierryehrmann,alchimie,artsingulier,prophétie,abodeofchaos,facteurcheval,palaisideal,kurtehrmann,postapocalyptique,maisondartiste,artistshouses,actingperformance,sculpturemoderne,francmaconnerie,yokohigashi,ehrmannscrew,lessourcesoccultes,groupeserveur,lespritdelasalamandre,servergroup,laurantcourau,dansebuto,buthodance",Yoko Higashi - yoko11,31,12,25,1,2010,24,15,25,1,2010,,,
4303176429,40936370@N00,45.837448,4.826248,"fiction,portrait,sculpture,streetart,france,art,mystery,museum,architecture,dark,painting,movie,graffiti,ruins,rawart,outsiderart,chaos,symbol,contemporaryart,secret,911,apocalypse,taz,peinture,eros,container,freemasonry,artbrut,tournage,ddc,sanctuary,mystic,cyberpunk,landart,alchemy,modernsculpture,prophecy,999,vanitas,sanctuaire,dadaisme,artprice,salamanderspirit,organmuseum,saintromainaumontdor,demeureduchaos,thierryehrmann,alchimie,artsingulier,prophétie,abodeofchaos,facteurcheval,palaisideal,kurtehrmann,postapocalyptique,maisondartiste,artistshouses,actingperformance,sculpturemoderne,francmaconnerie,yokohigashi,ehrmannscrew,lessourcesoccultes,groupeserveur,lespritdelasalamandre,servergroup,laurantcourau,dansebuto,buthodance",Yoko Higashi - yoko04,21,12,25,1,2010,24,15,25,1,2010,,,
4303921994,40936370@N00,45.837448,4.826248,"fiction,portrait,sculpture,streetart,france,art,mystery,museum,architecture,dark,painting,movie,graffiti,ruins,rawart,outsiderart,chaos,symbol,contemporaryart,secret,911,apocalypse,taz,peinture,eros,container,freemasonry,artbrut,tournage,ddc,sanctuary,mystic,cyberpunk,landart,alchemy,modernsculpture,prophecy,999,vanitas,sanctuaire,dadaisme,artprice,salamanderspirit,organmuseum,saintromainaumontdor,demeureduchaos,thierryehrmann,alchimie,artsingulier,prophétie,abodeofchaos,facteurcheval,palaisideal,kurtehrmann,postapocalyptique,maisondartiste,artistshouses,actingperformance,sculpturemoderne,francmaconnerie,yokohigashi,ehrmannscrew,lessourcesoccultes,groupeserveur,lespritdelasalamandre,servergroup,laurantcourau,dansebuto,buthodance",Yoko Higashi - yoko03,20,12,25,1,2010,24,15,25,1,2010,,,
4303176311,40936370@N00,45.837448,4.826248,"fiction,portrait,sculpture,streetart,france,art,mystery,museum,architecture,dark,painting,movie,graffiti,ruins,rawart,outsiderart,chaos,symbol,contemporaryart,secret,911,apocalypse,taz,peinture,eros,container,freemasonry,artbrut,tournage,ddc,sanctuary,mystic,cyberpunk,landart,alchemy,modernsculpture,prophecy,999,vanitas,sanctuaire,dadaisme,artprice,salamanderspirit,organmuseum,saintromainaumontdor,demeureduchaos,thierryehrmann,alchimie,artsingulier,prophétie,abodeofchaos,facteurcheval,palaisideal,kurtehrmann,postapocalyptique,maisondartiste,artistshouses,actingperformance,sculpturemoderne,francmaconnerie,yokohigashi,ehrmannscrew,lessourcesoccultes,groupeserveur,lespritdelasalamandre,servergroup,laurantcourau,dansebuto,buthodance",Yoko Higashi - yoko02,20,12,25,1,2010,24,15,25,1,2010,,,
4303921868,40936370@N00,45.837448,4.826248,"fiction,portrait,sculpture,streetart,france,art,mystery,museum,architecture,dark,painting,movie,graffiti,ruins,rawart,outsiderart,chaos,symbol,contemporaryart,secret,911,apocalypse,taz,peinture,eros,container,freemasonry,artbrut,tournage,ddc,sanctuary,mystic,cyberpunk,landart,alchemy,modernsculpture,prophecy,999,vanitas,sanctuaire,dadaisme,artprice,salamanderspirit,organmuseum,saintromainaumontdor,demeureduchaos,thierryehrmann,alchimie,artsingulier,prophétie,abodeofchaos,facteurcheval,palaisideal,kurtehrmann,postapocalyptique,maisondartiste,artistshouses,actingperformance,sculpturemoderne,francmaconnerie,yokohigashi,ehrmannscrew,lessourcesoccultes,groupeserveur,lespritdelasalamandre,servergroup,laurantcourau,dansebuto,buthodance",Yoko Higashi - yoko01,19,12,25,1,2010,24,15,25,1,2010,,,
4303473998,62051585@N00,45.704216,4.806338,"ennui,attente,hôpital,lyonsud,chls,interventionchirurgicale,hôpitauxpublics",,27,10,25,1,2010,28,10,25,1,2010,,,
4302120824,9534213@N07,45.765427,4.831194,"office,gallery,lyon,bf15",White,58,15,17,1,2010,21,0,25,1,2010,,,
4301724026,62051585@N00,45.699883,4.813950,"ennui,juno,attente,hôpital,macbookpro,lyonsud,chls,interventionchirurgicale,hôpitauxpublics",Tatie Danielle m'a viree de ma chambre,6,22,24,1,2010,6,22,24,1,2010,,,
4300814769,77161041@N00,45.764757,4.833512,"church,lyon,sunday,église,dimanche,canonef50mmf12lusm,canon5dmarkii,20100124",Église Saint Nizier,41,15,24,1,2010,8,21,24,1,2010,,,
4301560782,77161041@N00,45.764757,4.833512,"church,lyon,sunday,église,dimanche,canonef50mmf12lusm,canon5dmarkii,20100124",Église Saint Nizier,41,15,24,1,2010,7,21,24,1,2010,,,
4301560010,77161041@N00,45.764757,4.833512,"church,lyon,sunday,église,dimanche,canonef50mmf12lusm,canon5dmarkii,20100124",Église Saint Nizier,37,15,24,1,2010,7,21,24,1,2010,,,
4301558390,77161041@N00,45.766093,4.832825,"lyon,sunday,dimanche,canonef50mmf12lusm,canon5dmarkii,20100124",Closed on sunday,33,15,24,1,2010,6,21,24,1,2010,,,
4301557838,77161041@N00,45.766093,4.832825,"dof,lyon,bokeh,sunday,day24,dimanche,canonef50mmf12lusm,bokeh365,canon5dmarkii,20100124",Day 24 : Closed on sunday,32,15,24,1,2010,6,21,24,1,2010,,,
4300810257,77161041@N00,45.766849,4.833533,"lyon,sunday,dimanche,muséedesbeauxarts,canonef50mmf12lusm,placeterreaux,muséedesbeauxartsdelyon,canon5dmarkii,20100124",,27,15,24,1,2010,6,21,24,1,2010,,,
4301556800,77161041@N00,45.766849,4.833533,"blackandwhite,bw,lyon,noiretblanc,sunday,nb,dimanche,muséedesbeauxarts,canonef50mmf12lusm,placeterreaux,muséedesbeauxartsdelyon,canon5dmarkii,20100124",Diagonal,26,15,24,1,2010,6,21,24,1,2010,,,
4300808973,77161041@N00,45.766849,4.833533,"lyon,sunday,dimanche,muséedesbeauxarts,canonef50mmf12lusm,placeterreaux,muséedesbeauxartsdelyon,canon5dmarkii,20100124",,24,15,24,1,2010,5,21,24,1,2010,,,
4300807819,77161041@N00,45.766849,4.833533,"blackandwhite,bw,lyon,noiretblanc,sunday,nb,dimanche,muséedesbeauxarts,canonef50mmf12lusm,placeterreaux,muséedesbeauxartsdelyon,canon5dmarkii,20100124",,20,15,24,1,2010,5,21,24,1,2010,,,
4300807141,77161041@N00,45.766849,4.833533,"blackandwhite,bw,lyon,noiretblanc,sunday,nb,dimanche,muséedesbeauxarts,canonef50mmf12lusm,placeterreaux,muséedesbeauxartsdelyon,canon5dmarkii,20100124",,19,15,24,1,2010,5,21,24,1,2010,,,
4300806233,77161041@N00,45.766849,4.833533,"blackandwhite,bw,lyon,noiretblanc,sunday,nb,dimanche,muséedesbeauxarts,canonef50mmf12lusm,placeterreaux,muséedesbeauxartsdelyon,canon5dmarkii,20100124",,19,15,24,1,2010,4,21,24,1,2010,,,
4300805119,77161041@N00,45.766849,4.833533,"lyon,sunday,dimanche,muséedesbeauxarts,canonef50mmf12lusm,placeterreaux,muséedesbeauxartsdelyon,canon5dmarkii,20100124",,18,15,24,1,2010,4,21,24,1,2010,,,
4300804505,77161041@N00,45.766849,4.833533,"dof,lyon,bokeh,sunday,dimanche,pdc,muséedesbeauxarts,canonef50mmf12lusm,placeterreaux,muséedesbeauxartsdelyon,canon5dmarkii,20100124",You're talking to me?,17,15,24,1,2010,4,21,24,1,2010,,,
4301550754,77161041@N00,45.766849,4.833533,"lyon,sunday,dimanche,muséedesbeauxarts,canonef50mmf12lusm,placeterreaux,muséedesbeauxartsdelyon,canon5dmarkii,20100124",,14,15,24,1,2010,3,21,24,1,2010,,,
4301550034,77161041@N00,45.766849,4.833533,"lyon,sunday,dimanche,muséedesbeauxarts,canonef50mmf12lusm,placeterreaux,muséedesbeauxartsdelyon,canon5dmarkii,20100124",Tatsumaki SenPu Kyaku,14,15,24,1,2010,3,21,24,1,2010,,,
4301549280,77161041@N00,45.766849,4.833533,"lyon,sunday,dimanche,muséedesbeauxarts,canonef50mmf12lusm,placeterreaux,muséedesbeauxartsdelyon,canon5dmarkii,20100124",,12,15,24,1,2010,3,21,24,1,2010,,,
4301548434,77161041@N00,45.766849,4.833533,"lyon,sunday,dimanche,muséedesbeauxarts,canonef50mmf12lusm,placeterreaux,muséedesbeauxartsdelyon,canon5dmarkii,20100124",,12,15,24,1,2010,3,21,24,1,2010,,,
4300800327,77161041@N00,45.766849,4.833533,"lyon,sunday,dimanche,muséedesbeauxarts,canonef50mmf12lusm,placeterreaux,muséedesbeauxartsdelyon,canon5dmarkii,20100124",,11,15,24,1,2010,2,21,24,1,2010,,,
4301546854,77161041@N00,45.766849,4.833533,"blackandwhite,bw,lyon,noiretblanc,sunday,nb,dimanche,muséedesbeauxarts,canonef50mmf12lusm,placeterreaux,muséedesbeauxartsdelyon,canon5dmarkii,20100124",,10,15,24,1,2010,2,21,24,1,2010,,,
4301545884,77161041@N00,45.766849,4.833533,"lyon,sunday,dimanche,muséedesbeauxarts,canonef50mmf12lusm,placeterreaux,muséedesbeauxartsdelyon,canon5dmarkii,20100124",,10,15,24,1,2010,2,21,24,1,2010,,,
4300796689,77161041@N00,45.766849,4.833533,"lyon,sunday,dimanche,muséedesbeauxarts,canonef50mmf12lusm,placeterreaux,muséedesbeauxartsdelyon,canon5dmarkii,20100124",,9,15,24,1,2010,1,21,24,1,2010,,,
4301543290,77161041@N00,45.766849,4.833533,"lyon,sunday,dimanche,muséedesbeauxarts,canonef50mmf12lusm,placeterreaux,muséedesbeauxartsdelyon,canon5dmarkii,20100124",,8,15,24,1,2010,1,21,24,1,2010,,,
4301150404,14838845@N08,45.782953,4.869727,,"Villeurbanne, janvier 2010",16,14,21,1,2010,45,18,24,1,2010,,,
4300315307,62051585@N00,45.704171,4.806136,"corse,ennui,attente,hôpital,borgne,lyonsud,chls,interventionchirurgicale,hôpitauxpublics",La mama corse qui dort un oeil ouvert et me tyrannise,13,18,24,1,2010,14,18,24,1,2010,,,
4301050322,13453036@N02,45.779915,4.865806,"france,campus,graffiti,university,université,science,soul,mur,consciousness,conscience,rabelais,demagogy,âme,doua,ladoua,démagogie,universitylyon1",Ruine de l'âme ?,10,9,24,1,2010,10,18,24,1,2010,,,
4300290977,62051585@N00,45.699883,4.813950,"ennui,attente,hôpital,infirmière,lyonsud,chls,interventionchirurgicale,officeinfirmier,hôpitauxpublics",,4,18,24,1,2010,5,18,24,1,2010,,,
4300246549,90493526@N00,45.770501,4.834606,"streetart,france,europe,lyon,graff,croixrousse,nelio,burdeau","Graff by Nelio [Lyon, France]",36,12,21,1,2010,49,17,24,1,2010,,,
4300211491,90493526@N00,45.771601,4.834477,"streetart,elephant,france,pasteup,collage,paper,europe,lyon,wheatpaste,pasted,ludwig,croixrousse,imbert,graphik,wheatpaper,colomès","Pasted paper by Ludwig graphik [Lyon, France]",31,12,21,1,2010,37,17,24,1,2010,,,
4300896588,75445510@N00,45.752867,4.826871,"urban,lyon,ville,urbain,iphone",PAYANT,30,14,18,1,2010,14,17,24,1,2010,,,
4300873600,90493526@N00,45.771698,4.831591,"house,streetart,france,wall,words,europe,lyon,empty,phrase,graff,maison,rien,mur,useless,mots,vide,croixrousse,sert","Graff [Lyon, France]",41,12,21,1,2010,6,17,24,1,2010,,,
4300036581,45717618@N00,45.758872,4.867681,"cookies,bokeh,day26,bokeh365",Bokeh - Day 26 : Miam !,42,15,24,1,2010,30,16,24,1,2010,,,
4299691541,10404945@N05,45.778082,4.851472,"park,parco,snow,france,ice,lyon,lione,neve,francia,parc,glace,niege,ghiaccio,têtedor",,47,14,10,1,2010,38,13,24,1,2010,,,
4299691539,10404945@N05,45.778082,4.851472,"park,parco,snow,france,ice,lyon,lione,neve,francia,parc,glace,niege,ghiaccio,têtedor",,46,14,10,1,2010,38,13,24,1,2010,,,
4299691553,10404945@N05,45.778082,4.851472,"park,parco,snow,france,ice,lyon,lione,neve,francia,parc,glace,niege,ghiaccio,têtedor",,49,14,10,1,2010,38,13,24,1,2010,,,
4299691537,10404945@N05,45.778082,4.851472,"park,parco,snow,france,ice,lyon,lione,neve,francia,parc,glace,niege,ghiaccio,têtedor",,48,14,10,1,2010,38,13,24,1,2010,,,
4298247229,52499764@N00,45.745219,4.871417,"park,light,white,house,tree,silhouette,night,dark,louis,lyon,lumière,sombre,maison,nuit,arbre,parc,blanc,institut,institutlouislumière","Institut Louis Lumière (05) - 13Nov09, Lyon (France)",43,18,13,11,2009,2,0,24,1,2010,,,
4298238933,52499764@N00,45.745219,4.871417,"autumn,tree,fall,window,automne,louis,leaf,dof,lyon,lumière,inside,arbre,fenêtre,institut,feuille,institutlouislumière","Institut Louis Lumière (04) - 13Nov09, Lyon (France)",17,18,13,11,2009,58,23,23,1,2010,,,
4298973686,52499764@N00,45.745219,4.871417,"light,blackandwhite,bw,dark,louis,darkness,lyon,noiretblanc,lumière,nb,staircase,inside,institut,escalier,couloir,obscurité,ténèbres,corrridor,institutlouislumière","Institut Louis Lumière (03) - 13Nov09, Lyon (France)",13,18,13,11,2009,53,23,23,1,2010,,,
4298222291,52499764@N00,45.745219,4.871417,"wood,light,shadow,texture,dark,louis,darkness,lyon,lumière,ombre,staircase,shade,inside,institut,escalier,bois,obscurité,ténèbres,institutlouislumière","Institut Louis Lumière (02) - 13Nov09, Lyon (France)",39,17,13,11,2009,51,23,23,1,2010,,,
4298961670,52499764@N00,45.745219,4.871417,"wood,ball,square,louis,dof,lyon,lumière,staircase,round,inside,marble,institut,escalier,slope,bois,boule,carré,marbre,rond,rampe,institutlouislumière","Institut Louis Lumière (01) - 13Nov09, Lyon (France)",20,18,13,11,2009,48,23,23,1,2010,,,
4298059481,62051585@N00,45.705027,4.807550,"apple,mac,geek,ennui,cicatrice,pomme,iphone,attente,hôpital,lyonsud,chls,interventionchirurgicale,hôpitauxpublics,lunettesjeanlempereur",,41,22,23,1,2010,41,22,23,1,2010,,,
4297984435,10404945@N05,45.768207,4.835432,"snow,france,ice,fountain,lyon,lione,neve,neige,fontana,francia,garonne,glace,ghiaccio,fountaine,terreaux,placedeterraux,fontainedebartholdi",,39,13,9,1,2010,11,22,23,1,2010,,,
4297984431,10404945@N05,45.768207,4.835432,"snow,france,ice,fountain,lyon,lione,neve,neige,fontana,francia,garonne,glace,ghiaccio,fountaine,terreaux,placedeterraux,fontainedebartholdi",,43,13,9,1,2010,11,22,23,1,2010,,,
4297984443,10404945@N05,45.768207,4.835432,"snow,france,ice,fountain,lyon,lione,neve,neige,fontana,francia,garonne,glace,ghiaccio,fountaine,terreaux,placedeterraux,fontainedebartholdi",Frozen,44,13,9,1,2010,11,22,23,1,2010,,,
4297984419,10404945@N05,45.768207,4.835432,"snow,france,ice,fountain,lyon,lione,neve,neige,fontana,francia,garonne,glace,ghiaccio,fountaine,terreaux,placedeterraux,fontainedebartholdi",,39,13,9,1,2010,11,22,23,1,2010,,,
4297984409,10404945@N05,45.768207,4.835432,"snow,france,ice,fountain,lyon,lione,neve,neige,fontana,francia,garonne,glace,ghiaccio,fountaine,terreaux,placedeterraux,fontainedebartholdi",,39,13,9,1,2010,11,22,23,1,2010,,,
4297984423,10404945@N05,45.768207,4.835432,"snow,france,ice,fountain,lyon,lione,neve,neige,fontana,francia,garonne,glace,ghiaccio,fountaine,terreaux,placedeterraux,fontainedebartholdi",,44,13,9,1,2010,11,22,23,1,2010,,,
4298426962,45717618@N00,45.758872,4.867681,"cat,chat,bokeh,billy,day25,bokeh365",Bokeh - Day 25 : Staring cat,48,19,23,1,2010,4,20,23,1,2010,,,
4297349017,38806112@N05,45.784000,4.860666,"concert,lyon,m,villeurbanne,transbordeur,congopunq,cyrilatef,matthieuchédid","CongopunQ : Transbordeur, Villeurbanne, 06.11.2009",30,20,6,11,2009,42,17,23,1,2010,,,
4297202107,41432172@N05,45.762208,4.822847,"sculpture,france,monument,architecture,église,ville,région,frpix",Lyon. La Basilique de Fourvière,12,15,21,7,2008,29,16,23,1,2010,,,
4295695561,45717618@N00,45.758872,4.867681,"pull,bokeh,fille,day24,bokeh365",Bokeh - Day 24 : Je fais la gueule,33,22,22,1,2010,14,23,22,1,2010,,,
4295336959,35652987@N02,45.760472,4.835518,"france,lyon,illumination,rhône,fontaine,nuit,ville,urbain",Fontaine de la republique,28,21,7,12,2009,13,20,22,1,2010,,,
4295326151,35652987@N02,45.761018,4.826613,"france,architecture,lyon,rhône,cathédrale,église,hdr,ville,urbain,médieval",Cathédrale St Jean,2,20,7,12,2009,7,20,22,1,2010,,,
4296071882,35652987@N02,45.761018,4.826613,"architecture,illumination,cathédrale,nuit,église,hdr,ville,urbain,médieval",Cathédrale St Jean,0,20,7,12,2009,7,20,22,1,2010,,,
4296070448,35652987@N02,45.761018,4.826613,"france,architecture,lyon,illumination,rhône,nuit,église,hdr,ville,urbain,médieval",Fete des lumière 2009,59,19,7,12,2009,7,20,22,1,2010,,,
4296061282,35652987@N02,45.761018,4.826613,"france,architecture,lyon,illumination,rhône,cathédrale,nuit,hdr,ville,urbain,médieval",Cathédrale St Jean,56,19,7,12,2009,2,20,22,1,2010,,,
4295292561,40294198@N04,45.758301,4.821817,"france,lyon,amphitheatre,romanempire,lugdunum,empireromain,imperiumromanum,isabelfagg",Lugdunum (Lyon),52,17,18,1,2010,50,19,22,1,2010,,,
4295292347,40294198@N04,45.758301,4.821817,"france,lyon,amphitheatre,romanempire,lugdunum,empireromain,imperiumromanum,isabelfagg",Explanation,50,17,18,1,2010,50,19,22,1,2010,,,
4295292201,40294198@N04,45.758301,4.821817,"france,lyon,amphitheatre,romanempire,lugdunum,empireromain,imperiumromanum,isabelfagg",L'Odéon at Lugdunum,50,17,18,1,2010,50,19,22,1,2010,,,
4296037474,40294198@N04,45.758301,4.821817,"france,lyon,amphitheatre,romanempire,lugdunum,empireromain,imperiumromanum,isabelfagg",Lugdunum (Lyon),48,17,18,1,2010,50,19,22,1,2010,,,
4296037312,40294198@N04,45.758301,4.821817,"france,lyon,amphitheatre,romanempire,lugdunum,empireromain,imperiumromanum,isabelfagg",Lugdunum (Lyon),47,17,18,1,2010,50,19,22,1,2010,,,
4295291601,40294198@N04,45.758301,4.821817,"france,lyon,amphitheatre,romanempire,lugdunum,empireromain,imperiumromanum,isabelfagg",Lugdunum (Lyon),45,17,18,1,2010,50,19,22,1,2010,,,
4296036940,40294198@N04,45.758301,4.821817,"france,lyon,amphitheatre,romanempire,lugdunum,empireromain,imperiumromanum,isabelfagg",Lugdunum (Lyon),45,17,18,1,2010,50,19,22,1,2010,,,
4296036748,40294198@N04,45.758301,4.821817,"france,lyon,amphitheatre,romanempire,lugdunum,empireromain,imperiumromanum,isabelfagg",Lugdunum (Lyon),44,17,18,1,2010,50,19,22,1,2010,,,
4295290989,40294198@N04,45.758301,4.821817,"france,lyon,amphitheatre,romanempire,lugdunum,empireromain,imperiumromanum,isabelfagg",Lugdunum (Lyon),42,17,18,1,2010,50,19,22,1,2010,,,
4295290763,40294198@N04,45.758301,4.821817,"france,lyon,amphitheatre,romanempire,lugdunum,empireromain,imperiumromanum,isabelfagg",Explanation,40,17,18,1,2010,50,19,22,1,2010,,,
4295290583,40294198@N04,45.758301,4.821817,"france,lyon,amphitheatre,romanempire,lugdunum,empireromain,imperiumromanum,isabelfagg",Lugdunum (Lyon),39,17,18,1,2010,49,19,22,1,2010,,,
4296035960,40294198@N04,45.758301,4.821817,"france,lyon,amphitheatre,romanempire,lugdunum,empireromain,imperiumromanum,isabelfagg",Explanation,37,17,18,1,2010,49,19,22,1,2010,,,
4294961001,52499764@N00,45.784860,4.853307,"park,sculpture,art,truck,fun,weird,funny,lyon,humour,camion,vehicle,parked,drôle,étrange,véhicule,garé","Truck - 13Nov09, Lyon (France)",20,19,13,11,2009,58,16,22,1,2010,,,
4294960903,52499764@N00,45.759289,4.826023,"urban,detail,yellow,metal,proud,jaune,word,screw,sticker,lyon,united,creative,free,jeunesse,fist,engaged,offensive,campagne,vis,libre,métal,alternative,alternatif,autocollant,rooted,urbain,détail,poing,engagé,extremist,fier,ethic,droite,autre,solidaire,extrême,palissade,enraciné,identitaire,créatif,urbandetail,éthique,extrêmedroite,offensif,détailurbain,autrejeunesse,campagneidentitaire","Sticker (04) - 13Nov09, Lyon (France)",39,13,13,11,2009,58,16,22,1,2010,,,
4294960923,52499764@N00,45.763743,4.826924,"urban,detail,texture,stone,wall,word,sticker,lyon,pierre,revenge,rap,mur,autocollant,urbain,détail,urbandetail,détailurbain,rapandrevenge","Sticker (05) - 13Nov09, Lyon (France)",29,13,13,11,2009,58,16,22,1,2010,,,
4294960883,52499764@N00,45.759289,4.826023,"urban,detail,yellow,metal,jaune,word,screw,sticker,lyon,coke,jeunesse,shit,drug,campagne,vis,métal,autocollant,merde,urbain,détail,extremist,droite,autre,extrême,palissade,drogue,identitaire,cocaïne,urbandetail,extrêmedroite,détailurbain,netouchepasàcettemerde,autrejeunesse,campagneidentitaire","Sticker (03) - 13Nov09, Lyon (France)",38,13,13,11,2009,58,16,22,1,2010,,,
4295654782,40936370@N00,45.837448,4.826248,"portrait,sculpture,streetart,france,art,mystery,museum,architecture,painting,graffiti,ruins,artist,rawart,outsiderart,chaos,symbol,contemporaryart,modernart,secret,911,apocalypse,taz,peinture,eros,container,artbrut,ddc,sanctuary,mystic,thekiss,sculptor,cyberpunk,landart,alchemy,modernsculpture,prophecy,999,davincicode,vanitas,sanctuaire,artmoderne,lebaiser,surréaliste,sculpteur,dadaisme,artprice,salamanderspirit,organmuseum,saintromainaumontdor,demeureduchaos,thierryehrmann,alchimie,artsingulier,constantinbrancusi,theendlesscolumn,surréalist,birdinspace,prophétie,abodeofchaos,facteurcheval,palaisideal,sleepingmuse,loiseaudanslespace,postapocalyptique,maisondartiste,artistshouses,sculpturemoderne,lamuseendormie,groupeserveur,lespritdelasalamandre,servergroup,atriste,pioneerofmodernism,colonnesansfin,thepatriarchofmodernsculpture",Constantin Brancusi painted portrait _DDC2323,14,17,22,1,2010,31,16,22,1,2010,,,
4294908829,40936370@N00,45.837448,4.826248,"portrait,sculpture,streetart,france,art,mystery,museum,architecture,painting,graffiti,ruins,artist,rawart,outsiderart,chaos,symbol,contemporaryart,modernart,secret,911,apocalypse,taz,peinture,eros,container,artbrut,ddc,sanctuary,mystic,thekiss,sculptor,cyberpunk,landart,alchemy,modernsculpture,prophecy,999,davincicode,vanitas,sanctuaire,artmoderne,lebaiser,surréaliste,sculpteur,dadaisme,artprice,salamanderspirit,organmuseum,saintromainaumontdor,demeureduchaos,thierryehrmann,alchimie,artsingulier,constantinbrancusi,theendlesscolumn,surréalist,birdinspace,prophétie,abodeofchaos,facteurcheval,palaisideal,sleepingmuse,loiseaudanslespace,postapocalyptique,maisondartiste,artistshouses,sculpturemoderne,lamuseendormie,groupeserveur,lespritdelasalamandre,servergroup,atriste,pioneerofmodernism,colonnesansfin,thepatriarchofmodernsculpture",Constantin Brancusi painted portrait _DDC2317,12,17,22,1,2010,31,16,22,1,2010,,,
4294908787,40936370@N00,45.837448,4.826248,"portrait,sculpture,streetart,france,art,mystery,museum,architecture,painting,graffiti,ruins,artist,rawart,outsiderart,chaos,symbol,contemporaryart,modernart,secret,911,apocalypse,taz,peinture,eros,container,artbrut,ddc,sanctuary,mystic,thekiss,sculptor,cyberpunk,landart,alchemy,modernsculpture,prophecy,999,davincicode,vanitas,sanctuaire,artmoderne,lebaiser,surréaliste,sculpteur,dadaisme,artprice,salamanderspirit,organmuseum,saintromainaumontdor,demeureduchaos,thierryehrmann,alchimie,artsingulier,constantinbrancusi,theendlesscolumn,surréalist,birdinspace,prophétie,abodeofchaos,facteurcheval,palaisideal,sleepingmuse,loiseaudanslespace,postapocalyptique,maisondartiste,artistshouses,sculpturemoderne,lamuseendormie,groupeserveur,lespritdelasalamandre,servergroup,atriste,pioneerofmodernism,colonnesansfin,thepatriarchofmodernsculpture",Constantin Brancusi painted portrait _DDC2316,11,17,22,1,2010,31,16,22,1,2010,,,
4295654640,40936370@N00,45.837448,4.826248,"portrait,sculpture,streetart,france,art,mystery,museum,architecture,painting,graffiti,ruins,artist,rawart,outsiderart,chaos,symbol,contemporaryart,modernart,secret,911,apocalypse,taz,peinture,eros,container,artbrut,ddc,sanctuary,mystic,thekiss,sculptor,cyberpunk,landart,alchemy,modernsculpture,prophecy,999,davincicode,vanitas,sanctuaire,artmoderne,lebaiser,surréaliste,sculpteur,dadaisme,artprice,salamanderspirit,organmuseum,saintromainaumontdor,demeureduchaos,thierryehrmann,alchimie,artsingulier,constantinbrancusi,theendlesscolumn,surréalist,birdinspace,prophétie,abodeofchaos,facteurcheval,palaisideal,sleepingmuse,loiseaudanslespace,postapocalyptique,maisondartiste,artistshouses,sculpturemoderne,lamuseendormie,groupeserveur,lespritdelasalamandre,servergroup,atriste,pioneerofmodernism,colonnesansfin,thepatriarchofmodernsculpture",Constantin Brancusi painted portrait _DDC2311,7,17,22,1,2010,31,16,22,1,2010,,,
4295551118,90493526@N00,45.775971,4.836645,"streetart,france,europe,lyon,graff,croixrousse,nelio","Graff by Nelio [Lyon, France]",14,12,21,1,2010,33,15,22,1,2010,,,
4294495655,40936370@N00,45.837448,4.826248,"portrait,sculpture,streetart,france,art,mystery,museum,architecture,painting,graffiti,ruins,artist,rawart,outsiderart,chaos,symbol,contemporaryart,modernart,secret,911,apocalypse,taz,peinture,eros,container,artbrut,ddc,sanctuary,mystic,thekiss,sculptor,cyberpunk,landart,alchemy,modernsculpture,prophecy,999,davincicode,vanitas,sanctuaire,artmoderne,lebaiser,surréaliste,sculpteur,dadaisme,artprice,salamanderspirit,organmuseum,saintromainaumontdor,demeureduchaos,thierryehrmann,alchimie,artsingulier,constantinbrancusi,theendlesscolumn,surréalist,birdinspace,prophétie,abodeofchaos,facteurcheval,palaisideal,sleepingmuse,loiseaudanslespace,postapocalyptique,maisondartiste,artistshouses,sculpturemoderne,lamuseendormie,groupeserveur,lespritdelasalamandre,servergroup,atriste,pioneerofmodernism,colonnesansfin,thepatriarchofmodernsculpture",Constantin Brancusi painted portrait P1020828,4,12,22,1,2010,23,11,22,1,2010,,,
4294495535,40936370@N00,45.837448,4.826248,"portrait,sculpture,streetart,france,art,mystery,museum,architecture,painting,graffiti,ruins,artist,rawart,outsiderart,chaos,symbol,contemporaryart,modernart,secret,911,apocalypse,taz,peinture,eros,container,artbrut,ddc,sanctuary,mystic,thekiss,sculptor,cyberpunk,landart,alchemy,modernsculpture,prophecy,999,davincicode,vanitas,sanctuaire,artmoderne,lebaiser,surréaliste,sculpteur,dadaisme,artprice,salamanderspirit,organmuseum,saintromainaumontdor,demeureduchaos,thierryehrmann,alchimie,artsingulier,constantinbrancusi,theendlesscolumn,surréalist,birdinspace,prophétie,abodeofchaos,facteurcheval,palaisideal,sleepingmuse,loiseaudanslespace,postapocalyptique,maisondartiste,artistshouses,sculpturemoderne,lamuseendormie,groupeserveur,lespritdelasalamandre,servergroup,atriste,pioneerofmodernism,colonnesansfin,thepatriarchofmodernsculpture",Constantin Brancusi painted portrait P1020819,2,12,22,1,2010,22,11,22,1,2010,,,
4295039500,40292313@N08,45.759364,4.827085,,Le batteur souriant de la Slurp BB à l'AKroche,47,18,13,12,2009,27,8,22,1,2010,,,
4293344759,45717618@N00,45.758872,4.867681,"light,paper,lampe,bokeh,lumiere,papier,day23,bokeh365",Bokeh - Day 23 : Nonsense,26,22,21,1,2010,58,22,21,1,2010,,,
4293048949,32934992@N07,45.765337,4.827075,"blue,sky,up,50mm,nikon,lyon,traboule,d80",Traboule,30,20,21,1,2010,30,20,21,1,2010,,,
4292374895,29795204@N05,45.783925,4.860978,"arnal,arnalphotography,arnalle,arnallephotography,arnaud,arnaudbouvard,band,baseproductions,bouvard,concert,concertphotography,gig,k20d,lastfm:event=1137159,live,lyon,metal,music,pentax,pics,rock,show,sigma105mmf28,stratovarius,transbordeur,capturedalive",Stratovarius - Crowd,49,21,19,1,2010,39,14,21,1,2010,,,
4293022384,40936370@N00,45.837448,4.826248,"portrait,sculpture,france,mystery,museum,painting,ruins,jung,symbol,contemporaryart,secret,apocalypse,greatwork,freemasonry,ddc,sanctuary,alchemy,prophecy,999,vanitas,revelation,alchimia,alchemist,sanctuaire,paulocoelho,magnumopus,graal,gnosticism,dondedieu,materiaprima,nicolasflamel,artprice,salamanderspirit,organmuseum,saintromainaumontdor,andrébreton,demeureduchaos,thierryehrmann,alkimia,finis,alchemical,rubedo,prophétie,abodeofchaos,loeuvreaunoir,facteurcheval,palaisideal,grandoeuvre,alchemicalsymbol,francmaconnerie,citrinitas,fulcanelli,philosopherstone,albertlegrand,oswaldwirth,lespritdelasalamandre,nigredoalbedo,corpusjabirianum,alchimiespéculative,lemystèredescathédrales,lesdemeuresphilosophales,eugènecanseliet,latourbedesphilosophes,spagyrie,basilevalentin,rosariusphilosophorum,historyofalchemy,nucleartransmutation,khemeia,voiesèche,voiehumide,liberparagranum,artroyal,donumdei",Alchemy LXIV - Alchimie _DDC2213,3,14,21,1,2010,29,13,21,1,2010,,,
4293022348,40936370@N00,45.837448,4.826248,"portrait,sculpture,france,mystery,museum,painting,ruins,jung,symbol,contemporaryart,secret,apocalypse,greatwork,freemasonry,ddc,sanctuary,alchemy,prophecy,999,vanitas,revelation,alchimia,alchemist,sanctuaire,paulocoelho,magnumopus,graal,gnosticism,dondedieu,materiaprima,nicolasflamel,artprice,salamanderspirit,organmuseum,saintromainaumontdor,andrébreton,demeureduchaos,thierryehrmann,alkimia,finis,alchemical,rubedo,prophétie,abodeofchaos,loeuvreaunoir,facteurcheval,palaisideal,grandoeuvre,alchemicalsymbol,francmaconnerie,citrinitas,fulcanelli,philosopherstone,albertlegrand,oswaldwirth,lespritdelasalamandre,nigredoalbedo,corpusjabirianum,alchimiespéculative,lemystèredescathédrales,lesdemeuresphilosophales,eugènecanseliet,latourbedesphilosophes,spagyrie,basilevalentin,rosariusphilosophorum,historyofalchemy,nucleartransmutation,khemeia,voiesèche,voiehumide,liberparagranum,artroyal,donumdei",Alchemy LXIV - Alchimie _DDC2204,1,14,21,1,2010,29,13,21,1,2010,,,
4292279945,40936370@N00,45.837448,4.826248,"portrait,sculpture,france,mystery,museum,painting,ruins,jung,symbol,contemporaryart,secret,apocalypse,greatwork,freemasonry,ddc,sanctuary,alchemy,prophecy,999,vanitas,revelation,alchimia,alchemist,sanctuaire,paulocoelho,magnumopus,graal,gnosticism,dondedieu,materiaprima,nicolasflamel,artprice,salamanderspirit,organmuseum,saintromainaumontdor,andrébreton,demeureduchaos,thierryehrmann,alkimia,finis,alchemical,rubedo,prophétie,abodeofchaos,loeuvreaunoir,facteurcheval,palaisideal,grandoeuvre,alchemicalsymbol,francmaconnerie,citrinitas,fulcanelli,philosopherstone,albertlegrand,oswaldwirth,lespritdelasalamandre,nigredoalbedo,corpusjabirianum,alchimiespéculative,lemystèredescathédrales,lesdemeuresphilosophales,eugènecanseliet,latourbedesphilosophes,spagyrie,basilevalentin,rosariusphilosophorum,historyofalchemy,nucleartransmutation,khemeia,voiesèche,voiehumide,liberparagranum,artroyal,donumdei",Alchemy LXIV - Alchimie _DDC2208,2,14,21,1,2010,29,13,21,1,2010,,,
4292279885,40936370@N00,45.837448,4.826248,"portrait,sculpture,france,mystery,museum,painting,ruins,jung,symbol,contemporaryart,secret,apocalypse,greatwork,freemasonry,ddc,sanctuary,alchemy,prophecy,999,vanitas,revelation,alchimia,alchemist,sanctuaire,paulocoelho,magnumopus,graal,gnosticism,dondedieu,materiaprima,nicolasflamel,artprice,salamanderspirit,organmuseum,saintromainaumontdor,andrébreton,demeureduchaos,thierryehrmann,alkimia,finis,alchemical,rubedo,prophétie,abodeofchaos,loeuvreaunoir,facteurcheval,palaisideal,grandoeuvre,alchemicalsymbol,francmaconnerie,citrinitas,fulcanelli,philosopherstone,albertlegrand,oswaldwirth,lespritdelasalamandre,nigredoalbedo,corpusjabirianum,alchimiespéculative,lemystèredescathédrales,lesdemeuresphilosophales,eugènecanseliet,latourbedesphilosophes,spagyrie,basilevalentin,rosariusphilosophorum,historyofalchemy,nucleartransmutation,khemeia,voiesèche,voiehumide,liberparagranum,artroyal,donumdei",Alchemy LXIV - Alchimie _DDC2205,1,14,21,1,2010,29,13,21,1,2010,,,
4292162197,44767434@N04,45.772421,4.829242,"stairs,lyon,tags",Stairs in Croix-Rousse,47,16,10,8,2006,46,11,21,1,2010,,,
4292870502,52499764@N00,45.745410,4.871631,"woman,man,sport,lyon,femme,ad,player,nike,publicité,lancer,throw,petanque,boules,homme,boule,joueur,pétanque,bouliste,boulesplayer","Nike Ad - 13Nov09, Lyon (France)",48,16,13,11,2009,14,11,21,1,2010,,,
4292870462,52499764@N00,45.745410,4.871631,"lyon,urban,detail,urbandetail,détail,urbain,détailurbain,cat,chat,kitty,felix,bw,blackandwhite,nb,noiretblanc","Graffiti (05) - 13Nov09, Lyon (France)",47,18,13,11,2009,14,11,21,1,2010,,,
4292870474,52499764@N00,45.768754,4.828147,"urban,man,detail,texture,smile,face,wall,poster,graffiti,paint,lyon,decay,tag,peinture,mur,sourire,homme,affiche,urbain,détail,décrépitude,décrépit,urbandetail,détailurbain","Poster - 13Nov09, Lyon (France)",46,14,13,11,2009,14,11,21,1,2010,,,
4292870448,52499764@N00,45.759289,4.826023,"urban,detail,yellow,metal,jaune,screw,sticker,lyon,jeunesse,boulot,campagne,vis,métal,autocollant,urbain,détail,pyscho,extremist,droite,autre,extrême,palissade,identitaire,conso,urbandetail,extrêmedroite,détailurbain,autrejeunesse,campagneidentitaire","Sticker (02) - 13Nov09, Lyon (France)",39,13,13,11,2009,14,11,21,1,2010,,,
4292279995,40936370@N00,45.837448,4.826248,"alchemist,alchemy,alchimia,alkimia,khemeia,philosopherstone,alchemical,magnumopus,greatwork,nigredoalbedo,citrinitas,rubedo,corpusjabirianum,nicolasflamel,alchimiespéculative,oswaldwirth,lemystèredescathédrales,lesdemeuresphilosophales,fulcanelli,eugènecanseliet,latourbedesphilosophes,spagyrie,andrébreton,grandoeuvre,dondedieu,materiaprima,voiesèche,voiehumide,liberparagranum,albertlegrand,basilevalentin,rosariusphilosophorum,jung,graal,loeuvreaunoir,paulocoelho,alchemicalsymbol,gnosticism,historyofalchemy,nucleartransmutation,abodeofchaos,lespritdelasalamandre,salamanderspirit,demeureduchaos,thierryehrmann,ddc,999,organmuseum,facteurcheval,palaisideal,sanctuaire,sanctuary,artprice,portrait,painting,france,museum,artroyal,sculpture,secret,symbol,francmaconnerie,contemporaryart,apocalypse,vanitas,ruins,prophecy,prophétie,mystery,donumdei,finis,revelation,freemasonry,saintromainaumontdor",Alchemy LXIV - Alchimie _DDC2211,2,14,21,1,2010,29,13,21,1,2010,,,
4292126663,44767434@N04,45.772110,4.828813,"door,lyon,tag,tagged",Tagged door in Lyon,50,16,10,8,2006,12,11,21,1,2010,,,
4292860832,44767434@N04,45.774086,4.830851,"lyon,tunnel,terme",Tunnel de la rue Terme,37,16,10,8,2006,5,11,21,1,2010,,,
4290992179,45717618@N00,45.758872,4.867681,"bear,bokeh,winnie,day22,ours,bokeh365",Bokeh - Day 22 : Happiness,16,23,20,1,2010,36,23,20,1,2010,,,
4290967211,62051585@N00,45.704013,4.805732,"ennui,attente,hôpital,lyonsud,chls,interventionchirurgicale,hôpitauxpublics",,23,23,20,1,2010,24,23,20,1,2010,,,
4290960845,62051585@N00,45.704013,4.805732,"ennui,attente,hôpital,lyonsud,chls,interventionchirurgicale,hôpitauxpublics",5*,20,23,20,1,2010,21,23,20,1,2010,,,
4290660051,29795204@N05,45.783925,4.860978,"arnal,arnalphotography,arnalle,arnallephotography,arnaud,arnaudbouvard,band,baseproductions,bouvard,concert,concertphotography,gig,k20d,lastfm:event=1137159,lauriporra,live,lyon,metal,music,pentax,pics,rock,show,sigma105mmf28,stratovarius,transbordeur,capturedalive","Stratovarius, Lyon, Lauri Porra",32,22,19,1,2010,3,21,20,1,2010,,,
4290659753,29795204@N05,45.783925,4.860978,"arnal,arnalphotography,arnalle,arnallephotography,arnaud,arnaudbouvard,band,baseproductions,bouvard,concert,concertphotography,gig,k20d,lastfm:event=1137159,lauriporra,live,lyon,metal,music,pentax,pics,rock,show,sigma1770mmf2845,stratovarius,transbordeur,capturedalive","Stratovarius, Lyon, Lauri Porra",0,22,19,1,2010,3,21,20,1,2010,,,
4291399136,29795204@N05,45.783925,4.860978,"arnal,arnalphotography,arnalle,arnallephotography,arnaud,arnaudbouvard,band,baseproductions,bouvard,concert,concertphotography,gig,k20d,lastfm:event=1137159,live,lyon,metal,music,pentax,pics,rock,show,sigma1770mmf2845,stratovarius,timokotipelto,transbordeur,capturedalive","Stratovarius, Lyon, Timo Kotipelto",0,22,19,1,2010,2,21,20,1,2010,,,
4290659027,29795204@N05,45.783925,4.860978,"arnal,arnalphotography,arnalle,arnallephotography,arnaud,arnaudbouvard,band,baseproductions,bouvard,concert,concertphotography,gig,jörgmichael,k100d,lastfm:event=1137159,live,lyon,metal,music,pentax,pics,rock,show,sigma105mmf28,stratovarius,transbordeur,capturedalive","Stratovarius, Lyon, Jörg Michael",0,22,19,1,2010,2,21,20,1,2010,,,
4291398388,29795204@N05,45.783925,4.860978,"arnal,arnalphotography,arnalle,arnallephotography,arnaud,arnaudbouvard,band,baseproductions,bouvard,concert,concertphotography,gig,k100d,lastfm:event=1137159,live,lyon,metal,music,pentax,pics,rock,show,sigma105mmf28,stratovarius,timokotipelto,transbordeur,capturedalive","Stratovarius, Lyon, Timo Kotipelto",0,22,19,1,2010,2,21,20,1,2010,,,
4291398022,29795204@N05,45.783925,4.860978,"arnal,arnalphotography,arnalle,arnallephotography,arnaud,arnaudbouvard,band,baseproductions,bouvard,concert,concertphotography,gig,k100d,lastfm:event=1137159,live,lyon,metal,music,pentax,pics,rock,show,sigma105mmf28,stratovarius,timokotipelto,transbordeur,capturedalive","Stratovarius, Lyon, Timo Kotipelto",59,21,19,1,2010,2,21,20,1,2010,,,
4291397618,29795204@N05,45.783925,4.860978,"arnal,arnalphotography,arnalle,arnallephotography,arnaud,arnaudbouvard,band,baseproductions,bouvard,concert,concertphotography,gig,k20d,lastfm:event=1137159,live,lyon,matiaskupiainen,metal,music,pentax,pics,rock,show,sigma1770mmf2845,stratovarius,transbordeur,capturedalive","Stratovarius, Lyon, Matias Kupiainen",58,21,19,1,2010,2,21,20,1,2010,,,
4290657635,29795204@N05,45.783925,4.860978,"arnal,arnalphotography,arnalle,arnallephotography,arnaud,arnaudbouvard,band,baseproductions,bouvard,concert,concertphotography,gig,k20d,lastfm:event=1137159,live,lyon,metal,music,pentax,pics,rock,show,sigma1770mmf2845,stratovarius,timokotipelto,transbordeur,capturedalive","Stratovarius, Lyon, Timo Kotipelto",56,21,19,1,2010,2,21,20,1,2010,,,
4291396846,29795204@N05,45.783925,4.860978,"arnal,arnalphotography,arnalle,arnallephotography,arnaud,arnaudbouvard,band,baseproductions,bouvard,concert,concertphotography,gig,jörgmichael,k20d,lastfm:event=1137159,live,lyon,metal,music,pentax,pics,rock,show,sigma1770mmf2845,transbordeur,capturedalive","Stratovarius, Lyon, Jörg Michael",56,21,19,1,2010,1,21,20,1,2010,,,
4291396442,29795204@N05,45.783925,4.860978,"k100d,pentax,lyon,transbordeur,metal,mysticprophecy,lastfm:event=1137159,baseproductions,live,sigma105mmf28,concert,rock,concertphotography,pics,music,gig,show,band,arnaud,bouvard,arnal,arnalle,arnalphotography,arnallephotography,arnaudbouvard,capturedalive",Mystic Prophecy,36,20,19,1,2010,1,21,20,1,2010,,,
4290656455,29795204@N05,45.783925,4.860978,"arnal,arnalphotography,arnalle,arnallephotography,arnaud,arnaudbouvard,band,baseproductions,bouvard,concert,concertphotography,gig,k20d,lastfm:event=1137159,live,lyon,metal,music,mysticprophecy,pentax,pics,rock,show,sigma1770mmf2845,transbordeur,capturedalive",Mystic Prophecy,32,20,19,1,2010,1,21,20,1,2010,,,
4291395812,29795204@N05,45.783925,4.860978,"arnal,arnalphotography,arnalle,arnallephotography,arnaud,arnaudbouvard,band,baseproductions,bouvard,concert,concertphotography,gig,k20d,lastfm:event=1137159,live,lyon,metal,music,mysticprophecy,pentax,pics,rock,show,sigma1770mmf2845,transbordeur,capturedalive",Mystic Prophecy,30,20,19,1,2010,1,21,20,1,2010,,,
4291395366,29795204@N05,45.783925,4.860978,"arnal,arnalphotography,arnalle,arnallephotography,arnaud,arnaudbouvard,band,baseproductions,bouvard,concert,concertphotography,gig,k20d,lastfm:event=1137159,live,lyon,metal,music,mysticprophecy,pentax,pics,rock,show,sigma1770mmf2845,transbordeur,capturedalive",Mystic Prophecy,30,20,19,1,2010,1,21,20,1,2010,,,
4291395006,29795204@N05,45.783925,4.860978,"arnal,arnalphotography,arnalle,arnallephotography,arnaud,arnaudbouvard,band,baseproductions,bouvard,concert,concertphotography,gig,k20d,lastfm:event=1137159,live,lyon,metal,music,mysticprophecy,pentax,pics,rock,show,sigma105mmf28,transbordeur,capturedalive",Mystic Prophecy,28,20,19,1,2010,0,21,20,1,2010,,,
4291394690,29795204@N05,45.783925,4.860978,"arnal,arnalphotography,arnalle,arnallephotography,arnaud,arnaudbouvard,band,baseproductions,bouvard,concert,concertphotography,gig,k100d,lastfm:event=1137159,live,lyon,metal,music,mysticprophecy,pentax,pics,rock,show,sigma105mmf28,transbordeur,capturedalive",Mystic Prophecy,28,20,19,1,2010,0,21,20,1,2010,,,
4291394348,29795204@N05,45.783925,4.860978,"arnal,arnalphotography,arnalle,arnallephotography,arnaud,arnaudbouvard,band,baseproductions,bouvard,concert,concertphotography,gig,k100d,lastfm:event=1137159,live,lyon,metal,music,mysticprophecy,pentax,pics,rock,show,sigma105mmf28,transbordeur,capturedalive",Mystic Prophecy,28,20,19,1,2010,0,21,20,1,2010,,,
4291394024,29795204@N05,45.783925,4.860978,"arnal,arnalphotography,arnalle,arnallephotography,arnaud,arnaudbouvard,band,baseproductions,bouvard,concert,concertphotography,gig,k20d,lastfm:event=1137159,live,lyon,metal,music,mysticprophecy,pentax,pics,rock,show,sigma1770mmf2845,transbordeur,capturedalive",Mystic Prophecy,28,20,19,1,2010,0,21,20,1,2010,,,
4290653909,29795204@N05,45.783925,4.860978,"pentax,k20d,lyon,transbordeur,metal,mysticprophecy,lastfm:event=1137159,baseproductions,live,sigma1770mmf2845,concert,rock,concertphotography,pics,music,gig,show,band,arnaud,bouvard,arnal,arnalle,arnalphotography,arnallephotography,arnaudbouvard,capturedalive",Mystic Prophecy,27,20,19,1,2010,0,21,20,1,2010,,,
4291392688,29795204@N05,45.783925,4.860978,"arnal,arnalphotography,arnalle,arnallephotography,arnaud,arnaudbouvard,band,baseproductions,bouvard,concert,concertphotography,gig,k20d,lastfm:event=1137159,live,lyon,metal,music,mysticprophecy,pentax,pics,rock,show,sigma1770mmf2845,transbordeur,capturedalive",Mystic Prophecy,27,20,19,1,2010,59,20,20,1,2010,,,
4290652599,29795204@N05,45.783925,4.860978,"arnal,arnalphotography,arnalle,arnallephotography,arnaud,arnaudbouvard,band,baseproductions,bouvard,concert,concertphotography,gig,lastfm:event=1137159,live,lyon,metal,music,mysticprophecy,pentax,pics,rock,show,sigma105mmf28,transbordeur,capturedalive",Mystic Prophecy,26,20,19,1,2010,59,20,20,1,2010,,,
4290652269,29795204@N05,45.783925,4.860978,"arnal,arnalphotography,arnalle,arnallephotography,arnaud,arnaudbouvard,band,baseproductions,bouvard,concert,concertphotography,gig,k20d,lastfm:event=1137159,live,lyon,metal,music,mysticprophecy,pentax,pics,rock,show,sigma1770mmf2845,transbordeur,capturedalive",Mystic Prophecy,25,20,19,1,2010,59,20,20,1,2010,,,
4290652019,29795204@N05,45.783925,4.860978,"arnal,arnalphotography,arnalle,arnallephotography,arnaud,arnaudbouvard,band,baseproductions,bouvard,concert,concertphotography,gig,k20d,lastfm:event=1137159,live,lyon,metal,music,pentax,pics,rock,show,sigma1770mmf2845,tracedawn,transbordeur,capturedalive",Tracedawn,40,19,19,1,2010,59,20,20,1,2010,,,
4290651715,29795204@N05,45.783925,4.860978,"arnal,arnalphotography,arnalle,arnallephotography,arnaud,arnaudbouvard,band,baseproductions,bouvard,concert,concertphotography,gig,k100d,lastfm:event=1137159,live,lyon,metal,music,pentax,pics,rock,show,sigma105mmf28,tracedawn,transbordeur,capturedalive",Tracedawn,39,19,19,1,2010,59,20,20,1,2010,,,
4290651387,29795204@N05,45.783925,4.860978,"arnal,arnalphotography,arnalle,arnallephotography,arnaud,arnaudbouvard,band,baseproductions,bouvard,concert,concertphotography,gig,k100d,lastfm:event=1137159,live,lyon,metal,music,pentax,pics,rock,show,sigma105mmf28,tracedawn,transbordeur,capturedalive",Tracedawn,39,19,19,1,2010,58,20,20,1,2010,,,
4291390788,29795204@N05,45.783925,4.860978,"arnal,arnalphotography,arnalle,arnallephotography,arnaud,arnaudbouvard,band,baseproductions,bouvard,concert,concertphotography,gig,k20d,lastfm:event=1137159,live,lyon,metal,music,pentax,pics,rock,show,sigma1770mmf2845,tracedawn,transbordeur,capturedalive",Tracedawn,37,19,19,1,2010,58,20,20,1,2010,,,
4291390444,29795204@N05,45.783925,4.860978,"pentax,k20d,lyon,transbordeur,metal,tracedawn,lastfm:event=1137159,baseproductions,live,sigma1770mmf2845,concert,rock,concertphotography,pics,music,gig,show,band,arnaud,bouvard,arnal,arnalle,arnalphotography,arnallephotography,arnaudbouvard,capturedalive",Tracedawn,36,19,19,1,2010,58,20,20,1,2010,,,
4291390198,29795204@N05,45.783925,4.860978,"pentax,k20d,lyon,transbordeur,metal,tracedawn,lastfm:event=1137159,baseproductions,live,sigma1770mmf2845,concert,rock,concertphotography,pics,music,gig,show,band,arnaud,bouvard,arnal,arnalle,arnalphotography,arnallephotography,arnaudbouvard,capturedalive",Tracedawn,35,19,19,1,2010,58,20,20,1,2010,,,
4291389904,29795204@N05,45.783925,4.860978,"arnal,arnalphotography,arnalle,arnallephotography,arnaud,arnaudbouvard,band,baseproductions,bouvard,concert,concertphotography,gig,k20d,lastfm:event=1137159,live,lyon,metal,music,pentax,pics,rock,show,sigma1770mmf2845,tracedawn,transbordeur,capturedalive",Tracedawn,35,19,19,1,2010,58,20,20,1,2010,,,
4291389546,29795204@N05,45.783925,4.860978,"arnal,arnalphotography,arnalle,arnallephotography,arnaud,arnaudbouvard,band,baseproductions,bouvard,concert,concertphotography,gig,k20d,lastfm:event=1137159,live,lyon,metal,music,pentax,pics,rock,show,tracedawn,transbordeur,capturedalive",Tracedawn,33,19,19,1,2010,58,20,20,1,2010,,,
4290649511,29795204@N05,45.783925,4.860978,"arnal,arnalphotography,arnalle,arnallephotography,arnaud,arnaudbouvard,band,baseproductions,bouvard,concert,concertphotography,gig,k20d,lastfm:event=1137159,live,lyon,metal,music,pentax,pics,rock,show,sigma1770mmf2845,tracedawn,transbordeur,capturedalive",Tracedawn,33,19,19,1,2010,57,20,20,1,2010,,,
4291388864,29795204@N05,45.783925,4.860978,"pentax,k20d,lyon,transbordeur,metal,tracedawn,lastfm:event=1137159,baseproductions,live,sigma1770mmf2845,concert,rock,concertphotography,pics,music,gig,show,band,arnaud,bouvard,arnal,arnalle,arnalphotography,arnallephotography,arnaudbouvard,capturedalive",Tracedawn,32,19,19,1,2010,57,20,20,1,2010,,,
4291388566,29795204@N05,45.783925,4.860978,"arnal,arnalphotography,arnalle,arnallephotography,arnaud,arnaudbouvard,band,baseproductions,bouvard,concert,concertphotography,gig,k20d,lastfm:event=1137159,live,lyon,metal,music,pentax,pics,rock,show,sigma1770mmf2845,tracedawn,transbordeur,capturedalive",Tracedawn,31,19,19,1,2010,57,20,20,1,2010,,,
4290953506,52499764@N00,45.765876,4.827482,"red,urban,detail,texture,yellow,wall,jaune,word,rouge,lyon,decay,number,nombre,16,mur,urbain,détail,décrépitude,décrépit,urbandetail,détailurbain","16 - 13Nov09, Lyon (France)",53,13,13,11,2009,25,17,20,1,2010,,,
4290953482,52499764@N00,45.765876,4.827482,"urban,detail,texture,metal,word,iron,day,lyon,parking,curtain,jour,number,nombre,17,métal,ironcurtain,urbain,détail,volet,urbandetail,détailurbain","Parking - 13Nov09, Lyon (France)",53,13,13,11,2009,25,17,20,1,2010,,,
4290953494,52499764@N00,45.765876,4.827482,"urban,white,black,detail,texture,word,graffiti,lyon,urbain,détail,urbandetail,détailurbain","Graffiti (04) - 13Nov09, Lyon (France)",54,13,13,11,2009,25,17,20,1,2010,,,
4290953454,52499764@N00,45.772926,4.832267,"red,urban,detail,texture,word,rouge,graffiti,rust,lyon,pipe,rouille,tuyau,urbain,détail,urbandetail,détailurbain","Graffiti (03) - 13Nov09, Lyon (France)",6,15,13,11,2009,25,17,20,1,2010,,,
4290953430,52499764@N00,45.765397,4.827268,"red,urban,detail,love,word,rouge,graffiti,heart,lyon,god,coeur,amour,dieu,urbain,détail,urbandetail,détailurbain","Graffiti (02) - 13Nov09, Lyon (France)",44,13,13,11,2009,25,17,20,1,2010,,,
4290818010,62051585@N00,45.704002,4.805544,"ennui,attente,hôpital,lyonsud,chls,interventionchirurgicale,hôpitauxpublics",Wait and see. Boring.,15,16,20,1,2010,16,16,20,1,2010,,,
4289262820,77161041@N00,45.768623,4.841880,"fountain,night,lyon,fontaine,nuit,canonef50mmf12lusm,canon5dmarkii,20100119",Fountain,32,18,19,1,2010,4,0,20,1,2010,,,
4288869570,45717618@N00,45.758872,4.867681,"mystery,bokeh,day21,bokeh365",Bokey - Day 21 : Take a look over your shoulder,46,20,19,1,2010,3,21,19,1,2010,,,
4286753995,40292313@N08,45.757384,4.831618,"statue,noir,lyon,nb,neige,arbre,blanc,façade,bellecour",Bellecour sous la neige,50,14,19,12,2009,43,7,19,1,2010,,,
4287459306,97211956@N00,45.749183,4.866213,dailypicture,Toast,24,20,24,12,2009,21,7,19,1,2010,,,
4286196345,46557029@N04,45.769287,4.836110,"street,urban,blackandwhite,streetart,wall,night,poster,photography,mural,lyon,free,exhibition,mur,streetexhibition,freeexhibition,alicedodgson",Rue du Griffon/ 69 001,45,2,19,1,2010,28,3,19,1,2010,,,
4286196033,46557029@N04,45.769287,4.836110,"street,urban,streetart,wall,night,poster,photography,mural,lyon,exhibition,mur,terreaux,streetexhibition,freeexhibition,ruedugriffon,alicedodgson",Rue du Griffon/ 69 001,44,2,19,1,2010,28,3,19,1,2010,,,
4289739469,33875586@N00,45.771165,4.841580,"wedding,saint,engagement,kiss,lyon,bretagne,session,mariage,malo,baiser,photographe",Mariage : Delphine & Adrien,37,3,20,1,2010,37,12,20,1,2010,,,
4286936450,46557029@N04,45.763408,4.827905,"street,pink,portrait,urban,blackandwhite,bw,woman,streetart,girl,wall,poster,photography,mural,lyon,exhibition,mur,streetexhibition,alicedodgson",Petite Rue Ramassac/ 69 005,5,2,19,1,2010,27,3,19,1,2010,,,
4286467280,45717618@N00,45.758872,4.867681,"mystery,bokeh,day20,bokeh365",Bokeh - Day 20 : Guess who ...,37,23,18,1,2010,16,0,19,1,2010,,,
4286401770,25473605@N00,45.736238,4.838190,,B Party (Lyon Edition),52,14,18,1,2010,52,23,18,1,2010,,,
4284708508,22973995@N06,45.761325,4.830121,"lyon,saône",Quais de Saône au couchant depuis le Pont du Maréchal Juin,55,17,2,1,2010,11,11,18,1,2010,,,
4284644404,16197488@N06,45.750056,4.834917,"street,people,lyon,streetphotography,rue,gens",,13,17,17,1,2010,24,10,18,1,2010,,,
4283899111,16197488@N06,45.756063,4.839767,"street,people,lyon,streetphotography,skatepark,skater,rue,gens,quais,guillotière",,56,16,17,1,2010,24,10,18,1,2010,,,
4284643588,16197488@N06,45.756063,4.839767,"street,people,lyon,streetphotography,skatepark,skater,rue,gens,quais,guillotière",,45,16,17,1,2010,24,10,18,1,2010,,,
4283898119,16197488@N06,45.756063,4.839767,"street,people,lyon,streetphotography,skatepark,skater,rue,gens,quais,guillotière",,42,16,17,1,2010,23,10,18,1,2010,,,
4284642482,16197488@N06,45.750056,4.834917,"street,people,lyon,streetphotography,rhône,rue,gens,quais",,16,16,17,1,2010,23,10,18,1,2010,,,
4283684397,24380554@N05,45.762288,4.821644,,Ombra,53,11,11,12,2009,1,8,18,1,2010,,,
4283681745,24380554@N05,45.762288,4.821644,,Fourvière 5,52,11,11,12,2009,0,8,18,1,2010,,,
4284424668,24380554@N05,45.762288,4.821644,,Fourvière 4,51,11,11,12,2009,59,7,18,1,2010,,,
4283678055,24380554@N05,45.762288,4.821644,,Fourvière 3,46,11,11,12,2009,58,7,18,1,2010,,,
4284419754,24380554@N05,45.762288,4.821644,,Fourvière 2,46,11,11,12,2009,56,7,18,1,2010,,,
4284417292,24380554@N05,45.762288,4.821644,,Fourvière 1,45,11,11,12,2009,55,7,18,1,2010,,,
4283615365,40292313@N08,45.759364,4.827085,trombone,Tromboniste,49,22,8,12,2009,22,7,18,1,2010,,,
4283082786,90493526@N00,45.772215,4.831709,"streetart,france,wall,grande,words,europe,lyon,côte,mur,montée,mots,croixrousse,frontières,capitalisme,exploités","Words on wall [Lyon, France]",21,15,15,1,2010,47,22,17,1,2010,,,
4282304557,45717618@N00,45.758872,4.867681,"cat,chat,candle,bokeh,day19,bougie,bokeh365",Bokeh - Day 19 : Jouer avec le feu,20,22,17,1,2010,35,22,17,1,2010,,,
4282341090,90493526@N00,45.771474,4.832954,"streetart,france,europe,lyon,graff,croixrousse,nelio","Graff by Nelio [Lyon, France]",23,15,15,1,2010,35,18,17,1,2010,,,
4281740272,13453036@N02,45.778343,4.877940,"white,snow,france,neige,blanc,villeurbanne,paysageurbain",Neige,41,14,9,1,2010,40,14,17,1,2010,,,
4280989621,13453036@N02,45.782249,4.875054,"france,graffiti,insa,bicyclette,researcher,chercheurs,villeurbanne,doua,chercheur,insadelyon,benêts,vélocipédisteenpochoir,resarchers","Sont-ils bêtes, ces savants (1)",37,14,16,1,2010,36,14,17,1,2010,,,
4280981891,13453036@N02,45.781842,4.875268,"france,university,université,insa,tramway,chercheurs,villeurbanne,doua,paysageurbain,ladoua,insadelyon,benêts",Contexte de la bêtise,38,14,16,1,2010,32,14,17,1,2010,,,
4280975887,13453036@N02,45.781972,4.871567,"france,wall,campus,graffiti,insa,nano,mur,villeurbanne,nonano,doua,ladoua,insadelyon",No nano,42,14,16,1,2010,28,14,17,1,2010,,,
4280969221,13453036@N02,45.781969,4.870784,"france,university,université,parking,insa,nano,bu,villeurbanne,doua,paysageurbain,ladoua,doublemixte,bibliothèqueuniversitaire,insadelyon,universitélyon1",Contexte du no nano (1),25,5,17,1,2010,25,14,17,1,2010,,,
4281704634,13453036@N02,45.781969,4.870784,"france,university,université,parking,insa,tramway,bu,villeurbanne,doua,paysageurbain,ladoua,doublemixte,bibliothèqueuniversitaire,insadelyon,universitélyon1",Contexte du no nano (2),44,14,16,1,2010,21,14,17,1,2010,,,
4281697798,13453036@N02,45.781890,4.874925,"france,campus,university,lyon,université,ugly,insa,powerplant,tramway,moche,villeurbanne,doua,paysageurbain,thermalpowerplant,centralethermique,insadelyon,universitélyon1","Que c'est moche, la Doua",17,5,17,1,2010,17,14,17,1,2010,,,
4281689312,13453036@N02,45.782320,4.874893,"france,campus,university,université,insa,bicyclette,chercheurs,villeurbanne,doua,insadelyon,benêts","Sont-ils bêtes, ces savants (2)",12,5,17,1,2010,12,14,17,1,2010,,,
4281565700,44127488@N00,45.773267,4.879029,"cameraphone,france,geotagged,villeurbanne,teamlife,waltergoix,geo:source=cgi,people:fn=waltergoix,address:country=france,address:city=villeurbanne,geo:lat=45773267,geo:lon=4879029,address:street=rueraspail3",Luci soffuse...,57,12,17,1,2010,57,12,17,1,2010,,,
4280770947,10404945@N05,45.771055,4.849637,"france,lyon,market,empty,lione,francia,vide,supermercato,supermarché,vuoto,arrêtepréfectural",Arrête préfectural,26,14,9,1,2010,25,12,17,1,2010,,,
4280768023,10404945@N05,45.771055,4.849637,"france,lyon,market,empty,lione,francia,vide,supermercato,supermarché,vuoto,arrêtepréfectural",,30,14,9,1,2010,23,12,17,1,2010,,,
4280768001,10404945@N05,45.771055,4.849637,"france,lyon,market,empty,lione,francia,vide,supermercato,supermarché,vuoto,arrêtepréfectural",,35,14,9,1,2010,23,12,17,1,2010,,,
4280767993,10404945@N05,45.771055,4.849637,"france,lyon,market,empty,lione,francia,vide,supermercato,supermarché,vuoto,arrêtepréfectural",,39,14,9,1,2010,23,12,17,1,2010,,,
4280767999,10404945@N05,45.771055,4.849637,"france,lyon,market,empty,lione,francia,vide,supermercato,supermarché,vuoto,arrêtepréfectural",,36,14,9,1,2010,23,12,17,1,2010,,,
4280768017,10404945@N05,45.771055,4.849637,"france,lyon,market,empty,lione,francia,vide,supermercato,supermarché,vuoto,arrêtepréfectural",,32,14,9,1,2010,23,12,17,1,2010,,,
4280768011,10404945@N05,45.771055,4.849637,"france,lyon,market,empty,lione,francia,vide,supermercato,supermarché,vuoto,arrêtepréfectural",,35,14,9,1,2010,23,12,17,1,2010,,,
4281505788,44127488@N00,45.777780,4.826944,"cameraphone,france,geotagged,lyon,teamlife,waltergoix,geo:source=cgi,people:fn=waltergoix,address:country=france,address:city=lyon,105208,image:upload=live,geo:lat=4577778,geo:lon=48269444,address:street=ruedenfertrochereau51,image:creation=20100117",La Rolls-Royce des vins!,52,10,17,1,2010,18,12,17,1,2010,,,
4280641435,44127488@N00,45.777780,4.826944,"cameraphone,france,geotagged,lyon,teamlife,waltergoix,geo:source=cgi,people:fn=waltergoix,address:country=france,address:city=lyon,geo:lat=4577778,geo:lon=48269444,address:street=ruedenfertrochereau51",mosaico d'epoca,57,10,17,1,2010,57,10,17,1,2010,,,
4280136614,91029339@N00,45.762695,4.826999,"france,cow,lyon,beef,moo,bouef,beefroad,ruedubouef","Rue du Boeuf, Lyon, September 2002",0,0,1,9,2002,38,23,16,1,2010,,,
4279303751,41746313@N04,45.771560,4.834252,"pub,lyon,theatre,monde,croixrousse,nombril,comédie,pentes",Nombril,38,15,25,1,2009,57,22,16,1,2010,,,
4279943416,45717618@N00,45.758872,4.867681,"duck,bokeh,day18,canard,peluche,saturnin,bokeh365",Bokeh - Day 18 : Saturnin is back !,47,21,16,1,2010,12,22,16,1,2010,,,
4278953981,44127488@N00,45.777780,4.826944,"cameraphone,france,geotagged,lyon,teamlife,waltergoix,geo:source=cgi,people:fn=waltergoix,address:country=france,address:city=lyon,geo:lat=4577778,geo:lon=48269444,address:street=ruedenfertrochereau51",immancables huîtres!,18,20,16,1,2010,18,20,16,1,2010,,,
4278142045,7759978@N04,45.767526,4.833308,"winter,panorama,snow,ice,lyon,icicles,hdr,highdynamicrange,placedesterreaux,hugin,presquile,iforgottheperfectpanoramastag,terreauxsquare",Frozen Place des Terreaux,53,16,10,1,2010,40,13,16,1,2010,,,
4277864640,46548580@N05,45.756490,4.840142,"nightphotography,light,france,reflection,tree,primavera,water,yellow,água,alberi,night,jaune,river,concrete,gold,noche,spring,nightimages,nightlights,lyon,nacht,fiume,cement,citylife,rivière,ombre,persone,gelb,reflect,giallo,vida,luci,nightlife,cemento,paysage,nebbia,acqua,riflessi,nuit,reflets,printemps,notte,glares,ville,photographing,tiers,2007,oro,personen,fleuve,rhone,goud,fotografando,peopleportraits,villedelyon,vapore,paesaggiourbano,nocturnalphotography,gradoni,photodenuit,rodano,yellowocher,fotodinotte,paisajedelaciudad,peopleoftheearth,ocrejaune,nachtfotographie,pontdelaguillotière,fotografíadelanoche,mygearandme,ab360gradi,vitadinotte,annibalebarone,baroneannibale",le Rhone a Lyon le 19 mai 2007,13,21,19,5,2007,24,1,16,1,2010,,,
4276706991,8846862@N03,45.763414,4.835786,"people,lyon,safarifnac",Walking anonymous crowd,52,16,17,10,2009,47,21,15,1,2010,,,
4276706771,8846862@N03,45.761359,4.830121,"cloud,lyon,saone,safarifnac",Threatening weather in Lyon,47,10,17,10,2009,47,21,15,1,2010,,,
4277452356,8846862@N03,45.764604,4.831334,"lyon,safarifnac",Spider web,38,10,17,10,2009,47,21,15,1,2010,,,
4276963422,36714682@N08,45.767537,4.850854,"street,travel,verde,photography,photo,foto,shot,lyon,sony,nieve,picture,invierno,fotografia,amateur,frio,davidcordova,deividcordova",keep walking,15,18,9,1,2010,41,17,15,1,2010,,,
4276960446,36714682@N08,45.767814,4.853854,"street,travel,night,photography,photo,foto,shot,lyon,cloudy,sony,nieve,picture,invierno,chimeneas,fotografia,amateur,frio,tejados,techos,cruzadas,davidcordova,deividcordova",Los Techos de Lyon,25,18,10,1,2010,40,17,15,1,2010,,,
4276211823,36714682@N08,45.767814,4.853854,"street,travel,bw,trash,photography,photo,blackwhite,foto,shot,lyon,sony,nieve,picture,basura,invierno,fotografia,amateur,frio,davidcordova,deividcordova",snow trash,19,18,9,1,2010,38,17,15,1,2010,,,
4276448780,45237587@N04,45.760098,4.835346,"street,city,france,building,water,fountain,town,photo,frankreich,aqua,eau,wasser,flickr,foto,lyon,strasse,brunnen,ciudad,carousel,rhône,via,stadt,neige,69,rue,francia,fontaine,manège,bâtiment,gebäude,ville,citta,フランス,neva,21stcentury,snee,sonw,ruedelarépublique,placedelarépublique,法国,rhônealpes,francja,франция,فرنسا,frankrech,xxiesiècle,rotdenken,julesrigobert",Place de la République sous la neige,33,18,9,1,2010,24,12,15,1,2010,,,
4276357426,39474732@N05,45.777827,4.857952,"lyon,lion,dor,parc,tête",020U1040,20,12,20,9,2008,7,11,15,1,2010,,,
4274644463,46557029@N04,45.762194,4.835786,"urban,mural",Rue Ferrandière/ 69002,49,18,14,1,2010,17,0,15,1,2010,,,
4274503045,45717618@N00,45.758872,4.867681,"bokeh,disney,php,day17,bourriquet,bokeh365","Bokey - Day 17 : Dis, t'étais dans quel Disney, toi ?",59,22,14,1,2010,11,23,14,1,2010,,,
4274772074,44127488@N00,45.777780,4.826944,"cameraphone,france,geotagged,lyon,teamlife,waltergoix,geo:source=cgi,people:fn=waltergoix,address:country=france,address:city=lyon,geo:lat=4577778,geo:lon=48269444,address:street=ruedenfertrochereau51","grand restaurant?non,dîner maison!",21,19,14,1,2010,21,19,14,1,2010,,,
4272144231,45717618@N00,45.758872,4.867681,"bokeh,disney,day16,livre,mélange,lachapelle,bokeh365",Bokeh - Day 16 : Duo antinomique,2,0,14,1,2010,18,0,14,1,2010,,,
4272651662,32934992@N07,45.771930,4.824907,,Lyon,28,22,13,1,2010,28,22,13,1,2010,,,
4272580888,15444502@N03,45.729479,4.815455,"de,aquarium,la,nikon,lyon,homard,nain,d300,mulatiere",Homard nain,12,17,10,1,2010,54,21,13,1,2010,,,
4272576346,15444502@N03,45.729479,4.815455,"jaune,de,aquarium,la,nikon,lyon,poisson,d300,gobiodon,mulatiere",Gobiodon jaune,4,17,10,1,2010,51,21,13,1,2010,,,
4272290578,40936370@N00,45.837448,4.826248,"portrait,sculpture,snow,streetart,france,art,mystery,museum,architecture,night,painting,graffiti,ruins,rawart,outsiderart,chaos,symbol,contemporaryart,secret,911,apocalypse,taz,peinture,container,freemasonry,anarchy,neige,artbrut,nuit,ddc,sanctuary,worldwar,bombing,mystic,cyberpunk,landart,devastation,alchemy,destroy,modernsculpture,prophecy,999,vanitas,endoftheworld,sanctuaire,postapocalyptic,dadaisme,artprice,salamanderspirit,organmuseum,saintromainaumontdor,demeureduchaos,thierryehrmann,alchimie,artsingulier,prophétie,abodeofchaos,facteurcheval,palaisideal,kurtehrmann,postapocalyptique,maisondartiste,artistshouses,actingperformance,sculpturemoderne,francmaconnerie,ehrmannscrew,groupeserveur,lespritdelasalamandre,crashculture,servergroup,andreïroublev",Andreï R. by Ehrmann Crew K 100_3100,57,18,8,1,2010,37,19,13,1,2010,,,
4272290520,40936370@N00,45.837448,4.826248,"portrait,sculpture,snow,streetart,france,art,mystery,museum,architecture,night,painting,graffiti,ruins,rawart,outsiderart,chaos,symbol,contemporaryart,secret,911,apocalypse,taz,peinture,container,freemasonry,anarchy,neige,artbrut,nuit,ddc,sanctuary,worldwar,bombing,mystic,cyberpunk,landart,devastation,alchemy,destroy,modernsculpture,prophecy,999,vanitas,endoftheworld,sanctuaire,postapocalyptic,dadaisme,artprice,salamanderspirit,organmuseum,saintromainaumontdor,demeureduchaos,thierryehrmann,alchimie,artsingulier,prophétie,abodeofchaos,facteurcheval,palaisideal,kurtehrmann,postapocalyptique,maisondartiste,artistshouses,actingperformance,sculpturemoderne,francmaconnerie,ehrmannscrew,groupeserveur,lespritdelasalamandre,crashculture,servergroup,andreïroublev",Andreï R. by Ehrmann Crew K 100_3103,58,18,8,1,2010,37,19,13,1,2010,,,
4272290460,40936370@N00,45.837448,4.826248,"portrait,sculpture,snow,streetart,france,art,mystery,museum,architecture,night,painting,graffiti,ruins,rawart,outsiderart,chaos,symbol,contemporaryart,secret,911,apocalypse,taz,peinture,container,freemasonry,anarchy,neige,artbrut,nuit,ddc,sanctuary,worldwar,bombing,mystic,cyberpunk,landart,devastation,alchemy,destroy,modernsculpture,prophecy,999,vanitas,endoftheworld,sanctuaire,postapocalyptic,dadaisme,artprice,salamanderspirit,organmuseum,saintromainaumontdor,demeureduchaos,thierryehrmann,alchimie,artsingulier,prophétie,abodeofchaos,facteurcheval,palaisideal,kurtehrmann,postapocalyptique,maisondartiste,artistshouses,actingperformance,sculpturemoderne,francmaconnerie,ehrmannscrew,groupeserveur,lespritdelasalamandre,crashculture,servergroup,andreïroublev",Andreï R. by Ehrmann Crew K 100_3107,58,18,8,1,2010,37,19,13,1,2010,,,
4272290396,40936370@N00,45.837448,4.826248,"portrait,sculpture,snow,streetart,france,art,mystery,museum,architecture,night,painting,graffiti,ruins,rawart,outsiderart,chaos,symbol,contemporaryart,secret,911,apocalypse,taz,peinture,container,freemasonry,anarchy,neige,artbrut,nuit,ddc,sanctuary,worldwar,bombing,mystic,cyberpunk,landart,devastation,alchemy,destroy,modernsculpture,prophecy,999,vanitas,endoftheworld,sanctuaire,postapocalyptic,dadaisme,artprice,salamanderspirit,organmuseum,saintromainaumontdor,demeureduchaos,thierryehrmann,alchimie,artsingulier,prophétie,abodeofchaos,facteurcheval,palaisideal,kurtehrmann,postapocalyptique,maisondartiste,artistshouses,actingperformance,sculpturemoderne,francmaconnerie,ehrmannscrew,groupeserveur,lespritdelasalamandre,crashculture,servergroup,andreïroublev",Andreï R. by Ehrmann Crew K 100_3114,0,19,8,1,2010,37,19,13,1,2010,,,
4271545725,40936370@N00,45.837448,4.826248,"portrait,sculpture,snow,streetart,france,art,mystery,museum,architecture,night,painting,graffiti,ruins,rawart,outsiderart,chaos,symbol,contemporaryart,secret,911,apocalypse,taz,peinture,container,freemasonry,anarchy,neige,artbrut,nuit,ddc,sanctuary,worldwar,bombing,mystic,cyberpunk,landart,devastation,alchemy,destroy,modernsculpture,prophecy,999,vanitas,endoftheworld,sanctuaire,postapocalyptic,dadaisme,artprice,salamanderspirit,organmuseum,saintromainaumontdor,demeureduchaos,thierryehrmann,alchimie,artsingulier,prophétie,abodeofchaos,facteurcheval,palaisideal,kurtehrmann,postapocalyptique,maisondartiste,artistshouses,actingperformance,sculpturemoderne,francmaconnerie,ehrmannscrew,groupeserveur,lespritdelasalamandre,crashculture,servergroup,andreïroublev",Andreï R. by Ehrmann Crew K 100_3128,4,19,8,1,2010,37,19,13,1,2010,,,
4272290292,40936370@N00,45.837448,4.826248,"portrait,sculpture,snow,streetart,france,art,mystery,museum,architecture,night,painting,graffiti,ruins,rawart,outsiderart,chaos,symbol,contemporaryart,secret,911,apocalypse,taz,peinture,container,freemasonry,anarchy,neige,artbrut,nuit,ddc,sanctuary,worldwar,bombing,mystic,cyberpunk,landart,devastation,alchemy,destroy,modernsculpture,prophecy,999,vanitas,endoftheworld,sanctuaire,postapocalyptic,dadaisme,artprice,salamanderspirit,organmuseum,saintromainaumontdor,demeureduchaos,thierryehrmann,alchimie,artsingulier,prophétie,abodeofchaos,facteurcheval,palaisideal,kurtehrmann,postapocalyptique,maisondartiste,artistshouses,actingperformance,sculpturemoderne,francmaconnerie,ehrmannscrew,groupeserveur,lespritdelasalamandre,crashculture,servergroup,andreïroublev",Andreï R. by Ehrmann Crew K 100_3134,5,19,8,1,2010,37,19,13,1,2010,,,
4272290226,40936370@N00,45.837448,4.826248,"portrait,sculpture,snow,streetart,france,art,mystery,museum,architecture,night,painting,graffiti,ruins,rawart,outsiderart,chaos,symbol,contemporaryart,secret,911,apocalypse,taz,peinture,container,freemasonry,anarchy,neige,artbrut,nuit,ddc,sanctuary,worldwar,bombing,mystic,cyberpunk,landart,devastation,alchemy,destroy,modernsculpture,prophecy,999,vanitas,endoftheworld,sanctuaire,postapocalyptic,dadaisme,artprice,salamanderspirit,organmuseum,saintromainaumontdor,demeureduchaos,thierryehrmann,alchimie,artsingulier,prophétie,abodeofchaos,facteurcheval,palaisideal,kurtehrmann,postapocalyptique,maisondartiste,artistshouses,actingperformance,sculpturemoderne,francmaconnerie,ehrmannscrew,groupeserveur,lespritdelasalamandre,crashculture,servergroup,andreïroublev",Andreï R. by Ehrmann Crew K 100_3135,5,19,8,1,2010,37,19,13,1,2010,,,
4272290174,40936370@N00,45.837448,4.826248,"portrait,sculpture,snow,streetart,france,art,mystery,museum,architecture,night,painting,graffiti,ruins,rawart,outsiderart,chaos,symbol,contemporaryart,secret,911,apocalypse,taz,peinture,container,freemasonry,anarchy,neige,artbrut,nuit,ddc,sanctuary,worldwar,bombing,mystic,cyberpunk,landart,devastation,alchemy,destroy,modernsculpture,prophecy,999,vanitas,endoftheworld,sanctuaire,postapocalyptic,dadaisme,artprice,salamanderspirit,organmuseum,saintromainaumontdor,demeureduchaos,thierryehrmann,alchimie,artsingulier,prophétie,abodeofchaos,facteurcheval,palaisideal,kurtehrmann,postapocalyptique,maisondartiste,artistshouses,actingperformance,sculpturemoderne,francmaconnerie,ehrmannscrew,groupeserveur,lespritdelasalamandre,crashculture,servergroup,andreïroublev",Andreï R. by Ehrmann Crew K 100_3136,6,19,8,1,2010,37,19,13,1,2010,,,
4272290092,40936370@N00,45.837448,4.826248,"portrait,sculpture,snow,streetart,france,art,mystery,museum,architecture,night,painting,graffiti,ruins,rawart,outsiderart,chaos,symbol,contemporaryart,secret,911,apocalypse,taz,peinture,container,freemasonry,anarchy,neige,artbrut,nuit,ddc,sanctuary,worldwar,bombing,mystic,cyberpunk,landart,devastation,alchemy,destroy,modernsculpture,prophecy,999,vanitas,endoftheworld,sanctuaire,postapocalyptic,dadaisme,artprice,salamanderspirit,organmuseum,saintromainaumontdor,demeureduchaos,thierryehrmann,alchimie,artsingulier,prophétie,abodeofchaos,facteurcheval,palaisideal,kurtehrmann,postapocalyptique,maisondartiste,artistshouses,actingperformance,sculpturemoderne,francmaconnerie,ehrmannscrew,groupeserveur,lespritdelasalamandre,crashculture,servergroup,andreïroublev",Andreï R. by Ehrmann Crew K 100_3141,10,19,8,1,2010,37,19,13,1,2010,,,
4271545473,40936370@N00,45.837448,4.826248,"portrait,sculpture,snow,streetart,france,art,mystery,museum,architecture,night,painting,graffiti,ruins,rawart,outsiderart,chaos,symbol,contemporaryart,secret,911,apocalypse,taz,peinture,container,freemasonry,anarchy,neige,artbrut,nuit,ddc,sanctuary,worldwar,bombing,mystic,cyberpunk,landart,devastation,alchemy,destroy,modernsculpture,prophecy,999,vanitas,endoftheworld,sanctuaire,postapocalyptic,dadaisme,artprice,salamanderspirit,organmuseum,saintromainaumontdor,demeureduchaos,thierryehrmann,alchimie,artsingulier,prophétie,abodeofchaos,facteurcheval,palaisideal,kurtehrmann,postapocalyptique,maisondartiste,artistshouses,actingperformance,sculpturemoderne,francmaconnerie,ehrmannscrew,groupeserveur,lespritdelasalamandre,crashculture,servergroup,andreïroublev",Andreï R. by Ehrmann Crew K 100_3144,11,19,8,1,2010,37,19,13,1,2010,,,
4271545367,40936370@N00,45.837448,4.826248,"portrait,sculpture,snow,streetart,france,art,mystery,museum,architecture,night,painting,graffiti,ruins,rawart,outsiderart,chaos,symbol,contemporaryart,secret,911,apocalypse,taz,peinture,container,freemasonry,anarchy,neige,artbrut,nuit,ddc,sanctuary,worldwar,bombing,mystic,cyberpunk,landart,devastation,alchemy,destroy,modernsculpture,prophecy,999,vanitas,endoftheworld,sanctuaire,postapocalyptic,dadaisme,artprice,salamanderspirit,organmuseum,saintromainaumontdor,demeureduchaos,thierryehrmann,alchimie,artsingulier,prophétie,abodeofchaos,facteurcheval,palaisideal,kurtehrmann,postapocalyptique,maisondartiste,artistshouses,actingperformance,sculpturemoderne,francmaconnerie,ehrmannscrew,groupeserveur,lespritdelasalamandre,crashculture,servergroup,andreïroublev",Andreï R. by Ehrmann Crew K 100_3151,14,19,8,1,2010,37,19,13,1,2010,,,
4272289888,40936370@N00,45.837448,4.826248,"portrait,sculpture,snow,streetart,france,art,mystery,museum,architecture,night,painting,graffiti,ruins,rawart,outsiderart,chaos,symbol,contemporaryart,secret,911,apocalypse,taz,peinture,container,freemasonry,anarchy,neige,artbrut,nuit,ddc,sanctuary,worldwar,bombing,mystic,cyberpunk,landart,devastation,alchemy,destroy,modernsculpture,prophecy,999,vanitas,endoftheworld,sanctuaire,postapocalyptic,dadaisme,artprice,salamanderspirit,organmuseum,saintromainaumontdor,demeureduchaos,thierryehrmann,alchimie,artsingulier,prophétie,abodeofchaos,facteurcheval,palaisideal,kurtehrmann,postapocalyptique,maisondartiste,artistshouses,actingperformance,sculpturemoderne,francmaconnerie,ehrmannscrew,groupeserveur,lespritdelasalamandre,crashculture,servergroup,andreïroublev",Andreï R. by Ehrmann Crew K 100_3157,17,19,8,1,2010,37,19,13,1,2010,,,
4272289806,40936370@N00,45.837448,4.826248,"portrait,sculpture,snow,streetart,france,art,mystery,museum,architecture,night,painting,graffiti,ruins,rawart,outsiderart,chaos,symbol,contemporaryart,secret,911,apocalypse,taz,peinture,container,freemasonry,anarchy,neige,artbrut,nuit,ddc,sanctuary,worldwar,bombing,mystic,cyberpunk,landart,devastation,alchemy,destroy,modernsculpture,prophecy,999,vanitas,endoftheworld,sanctuaire,postapocalyptic,dadaisme,artprice,salamanderspirit,organmuseum,saintromainaumontdor,demeureduchaos,thierryehrmann,alchimie,artsingulier,prophétie,abodeofchaos,facteurcheval,palaisideal,kurtehrmann,postapocalyptique,maisondartiste,artistshouses,actingperformance,sculpturemoderne,francmaconnerie,ehrmannscrew,groupeserveur,lespritdelasalamandre,crashculture,servergroup,andreïroublev",Andreï R. by Ehrmann Crew K 100_3164,20,19,8,1,2010,37,19,13,1,2010,,,
4272289756,40936370@N00,45.837448,4.826248,"portrait,sculpture,snow,streetart,france,art,mystery,museum,architecture,night,painting,graffiti,ruins,rawart,outsiderart,chaos,symbol,contemporaryart,secret,911,apocalypse,taz,peinture,container,freemasonry,anarchy,neige,artbrut,nuit,ddc,sanctuary,worldwar,bombing,mystic,cyberpunk,landart,devastation,alchemy,destroy,modernsculpture,prophecy,999,vanitas,endoftheworld,sanctuaire,postapocalyptic,dadaisme,artprice,salamanderspirit,organmuseum,saintromainaumontdor,demeureduchaos,thierryehrmann,alchimie,artsingulier,prophétie,abodeofchaos,facteurcheval,palaisideal,kurtehrmann,postapocalyptique,maisondartiste,artistshouses,actingperformance,sculpturemoderne,francmaconnerie,ehrmannscrew,groupeserveur,lespritdelasalamandre,crashculture,servergroup,andreïroublev",Andreï R. by Ehrmann Crew K 100_3175,23,19,8,1,2010,37,19,13,1,2010,,,
4271545117,40936370@N00,45.837448,4.826248,"portrait,sculpture,snow,streetart,france,art,mystery,museum,architecture,night,painting,graffiti,ruins,rawart,outsiderart,chaos,symbol,contemporaryart,secret,911,apocalypse,taz,peinture,container,freemasonry,anarchy,neige,artbrut,nuit,ddc,sanctuary,worldwar,bombing,mystic,cyberpunk,landart,devastation,alchemy,destroy,modernsculpture,prophecy,999,vanitas,endoftheworld,sanctuaire,postapocalyptic,dadaisme,artprice,salamanderspirit,organmuseum,saintromainaumontdor,demeureduchaos,thierryehrmann,alchimie,artsingulier,prophétie,abodeofchaos,facteurcheval,palaisideal,kurtehrmann,postapocalyptique,maisondartiste,artistshouses,actingperformance,sculpturemoderne,francmaconnerie,ehrmannscrew,groupeserveur,lespritdelasalamandre,crashculture,servergroup,andreïroublev",Andreï R. by Ehrmann Crew K _DDC0596,55,18,8,1,2010,37,19,13,1,2010,,,
4272289632,40936370@N00,45.837448,4.826248,"portrait,sculpture,snow,streetart,france,art,mystery,museum,architecture,night,painting,graffiti,ruins,rawart,outsiderart,chaos,symbol,contemporaryart,secret,911,apocalypse,taz,peinture,container,freemasonry,anarchy,neige,artbrut,nuit,ddc,sanctuary,worldwar,bombing,mystic,cyberpunk,landart,devastation,alchemy,destroy,modernsculpture,prophecy,999,vanitas,endoftheworld,sanctuaire,postapocalyptic,dadaisme,artprice,salamanderspirit,organmuseum,saintromainaumontdor,demeureduchaos,thierryehrmann,alchimie,artsingulier,prophétie,abodeofchaos,facteurcheval,palaisideal,kurtehrmann,postapocalyptique,maisondartiste,artistshouses,actingperformance,sculpturemoderne,francmaconnerie,ehrmannscrew,groupeserveur,lespritdelasalamandre,crashculture,servergroup,andreïroublev",Andreï R. by Ehrmann Crew K _DDC0598,0,19,8,1,2010,37,19,13,1,2010,,,
4272274064,40936370@N00,45.837448,4.826248,"portrait,sculpture,streetart,france,art,mystery,museum,architecture,painting,graffiti,ruins,rawart,outsiderart,chaos,symbol,contemporaryart,secret,911,apocalypse,taz,peinture,container,freemasonry,anarchy,neige,artbrut,ddc,sanctuary,worldwar,bombing,mystic,cyberpunk,landart,devastation,alchemy,destroy,modernsculpture,prophecy,999,vanitas,endoftheworld,sanctuaire,postapocalyptic,dadaisme,artprice,salamanderspirit,organmuseum,saintromainaumontdor,demeureduchaos,thierryehrmann,alchimie,artsingulier,ephemeralart,cart1,prophétie,abodeofchaos,facteurcheval,palaisideal,kurtehrmann,artéphémère,postapocalyptique,maisondartiste,artistshouses,actingperformance,sculpturemoderne,francmaconnerie,ehrmannscrew,groupeserveur,lespritdelasalamandre,crashculture,snowgraff,servergroup",Snow graff' by Ehrmann's Crew K _DDC0585,22,18,6,1,2010,29,19,13,1,2010,,,
4272274012,40936370@N00,45.837448,4.826248,"portrait,sculpture,streetart,france,art,mystery,museum,architecture,painting,graffiti,ruins,rawart,outsiderart,chaos,symbol,contemporaryart,secret,911,apocalypse,taz,peinture,container,freemasonry,anarchy,neige,artbrut,ddc,sanctuary,worldwar,bombing,mystic,cyberpunk,landart,devastation,alchemy,destroy,modernsculpture,prophecy,999,vanitas,endoftheworld,sanctuaire,postapocalyptic,dadaisme,artprice,salamanderspirit,organmuseum,saintromainaumontdor,demeureduchaos,thierryehrmann,alchimie,artsingulier,ephemeralart,cart1,prophétie,abodeofchaos,facteurcheval,palaisideal,kurtehrmann,artéphémère,postapocalyptique,maisondartiste,artistshouses,actingperformance,sculpturemoderne,francmaconnerie,ehrmannscrew,groupeserveur,lespritdelasalamandre,crashculture,snowgraff,servergroup",Snow graff' by Ehrmann's Crew K _DDC0573,17,18,6,1,2010,28,19,13,1,2010,,,
4272273972,40936370@N00,45.837448,4.826248,"portrait,sculpture,streetart,france,art,mystery,museum,architecture,painting,graffiti,ruins,rawart,outsiderart,chaos,symbol,contemporaryart,secret,911,apocalypse,taz,peinture,container,freemasonry,anarchy,neige,artbrut,ddc,sanctuary,worldwar,bombing,mystic,cyberpunk,landart,devastation,alchemy,destroy,modernsculpture,prophecy,999,vanitas,endoftheworld,sanctuaire,postapocalyptic,dadaisme,artprice,salamanderspirit,organmuseum,saintromainaumontdor,demeureduchaos,thierryehrmann,alchimie,artsingulier,ephemeralart,cart1,prophétie,abodeofchaos,facteurcheval,palaisideal,kurtehrmann,artéphémère,postapocalyptique,maisondartiste,artistshouses,actingperformance,sculpturemoderne,francmaconnerie,ehrmannscrew,groupeserveur,lespritdelasalamandre,crashculture,snowgraff,servergroup",Snow graff' by Ehrmann's Crew K _DDC0569,12,18,6,1,2010,28,19,13,1,2010,,,
4272273928,40936370@N00,45.837448,4.826248,"portrait,sculpture,streetart,france,art,mystery,museum,architecture,painting,graffiti,ruins,rawart,outsiderart,chaos,symbol,contemporaryart,secret,911,apocalypse,taz,peinture,container,freemasonry,anarchy,neige,artbrut,ddc,sanctuary,worldwar,bombing,mystic,cyberpunk,landart,devastation,alchemy,destroy,modernsculpture,prophecy,999,vanitas,endoftheworld,sanctuaire,postapocalyptic,dadaisme,artprice,salamanderspirit,organmuseum,saintromainaumontdor,demeureduchaos,thierryehrmann,alchimie,artsingulier,ephemeralart,cart1,prophétie,abodeofchaos,facteurcheval,palaisideal,kurtehrmann,artéphémère,postapocalyptique,maisondartiste,artistshouses,actingperformance,sculpturemoderne,francmaconnerie,ehrmannscrew,groupeserveur,lespritdelasalamandre,crashculture,snowgraff,servergroup",Snow graff' by Ehrmann's Crew K _DDC0562,10,18,6,1,2010,28,19,13,1,2010,,,
4272273882,40936370@N00,45.837448,4.826248,"portrait,sculpture,streetart,france,art,mystery,museum,architecture,painting,graffiti,ruins,rawart,outsiderart,chaos,symbol,contemporaryart,secret,911,apocalypse,taz,peinture,container,freemasonry,anarchy,neige,artbrut,ddc,sanctuary,worldwar,bombing,mystic,cyberpunk,landart,devastation,alchemy,destroy,modernsculpture,prophecy,999,vanitas,endoftheworld,sanctuaire,postapocalyptic,dadaisme,artprice,salamanderspirit,organmuseum,saintromainaumontdor,demeureduchaos,thierryehrmann,alchimie,artsingulier,ephemeralart,cart1,prophétie,abodeofchaos,facteurcheval,palaisideal,kurtehrmann,artéphémère,postapocalyptique,maisondartiste,artistshouses,actingperformance,sculpturemoderne,francmaconnerie,ehrmannscrew,groupeserveur,lespritdelasalamandre,crashculture,snowgraff,servergroup",Snow graff' by Ehrmann's Crew K _DDC0552,8,18,6,1,2010,28,19,13,1,2010,,,
4271529897,40936370@N00,45.837448,4.826248,"portrait,sculpture,streetart,france,art,mystery,museum,architecture,painting,graffiti,ruins,rawart,outsiderart,chaos,symbol,contemporaryart,secret,911,apocalypse,taz,peinture,container,freemasonry,anarchy,neige,artbrut,ddc,sanctuary,worldwar,bombing,mystic,cyberpunk,landart,devastation,alchemy,destroy,modernsculpture,prophecy,999,vanitas,endoftheworld,sanctuaire,postapocalyptic,dadaisme,artprice,salamanderspirit,organmuseum,saintromainaumontdor,demeureduchaos,thierryehrmann,alchimie,artsingulier,ephemeralart,cart1,prophétie,abodeofchaos,facteurcheval,palaisideal,kurtehrmann,artéphémère,postapocalyptique,maisondartiste,artistshouses,actingperformance,sculpturemoderne,francmaconnerie,ehrmannscrew,groupeserveur,lespritdelasalamandre,crashculture,snowgraff,servergroup",Snow graff' by Ehrmann's Crew K _DDC0542,6,18,6,1,2010,28,19,13,1,2010,,,
4272273768,40936370@N00,45.837448,4.826248,"portrait,sculpture,streetart,france,art,mystery,museum,architecture,painting,graffiti,ruins,rawart,outsiderart,chaos,symbol,contemporaryart,secret,911,apocalypse,taz,peinture,container,freemasonry,anarchy,neige,artbrut,ddc,sanctuary,worldwar,bombing,mystic,cyberpunk,landart,devastation,alchemy,destroy,modernsculpture,prophecy,999,vanitas,endoftheworld,sanctuaire,postapocalyptic,dadaisme,artprice,salamanderspirit,organmuseum,saintromainaumontdor,demeureduchaos,thierryehrmann,alchimie,artsingulier,ephemeralart,cart1,prophétie,abodeofchaos,facteurcheval,palaisideal,kurtehrmann,artéphémère,postapocalyptique,maisondartiste,artistshouses,actingperformance,sculpturemoderne,francmaconnerie,ehrmannscrew,groupeserveur,lespritdelasalamandre,crashculture,snowgraff,servergroup",Snow graff' by Ehrmann's Crew K _DDC0541,6,18,6,1,2010,28,19,13,1,2010,,,
4272273724,40936370@N00,45.837448,4.826248,"portrait,sculpture,streetart,france,art,mystery,museum,architecture,painting,graffiti,ruins,rawart,outsiderart,chaos,symbol,contemporaryart,secret,911,apocalypse,taz,peinture,container,freemasonry,anarchy,neige,artbrut,ddc,sanctuary,worldwar,bombing,mystic,cyberpunk,landart,devastation,alchemy,destroy,modernsculpture,prophecy,999,vanitas,endoftheworld,sanctuaire,postapocalyptic,dadaisme,artprice,salamanderspirit,organmuseum,saintromainaumontdor,demeureduchaos,thierryehrmann,alchimie,artsingulier,ephemeralart,cart1,prophétie,abodeofchaos,facteurcheval,palaisideal,kurtehrmann,artéphémère,postapocalyptique,maisondartiste,artistshouses,actingperformance,sculpturemoderne,francmaconnerie,ehrmannscrew,groupeserveur,lespritdelasalamandre,crashculture,snowgraff,servergroup",Snow graff' by Ehrmann's Crew K _DDC0536,4,18,6,1,2010,28,19,13,1,2010,,,
4271529733,40936370@N00,45.837448,4.826248,"portrait,sculpture,streetart,france,art,mystery,museum,architecture,painting,graffiti,ruins,rawart,outsiderart,chaos,symbol,contemporaryart,secret,911,apocalypse,taz,peinture,container,freemasonry,anarchy,neige,artbrut,ddc,sanctuary,worldwar,bombing,mystic,cyberpunk,landart,devastation,alchemy,destroy,modernsculpture,prophecy,999,vanitas,endoftheworld,sanctuaire,postapocalyptic,dadaisme,artprice,salamanderspirit,organmuseum,saintromainaumontdor,demeureduchaos,thierryehrmann,alchimie,artsingulier,ephemeralart,cart1,prophétie,abodeofchaos,facteurcheval,palaisideal,kurtehrmann,artéphémère,postapocalyptique,maisondartiste,artistshouses,actingperformance,sculpturemoderne,francmaconnerie,ehrmannscrew,groupeserveur,lespritdelasalamandre,crashculture,snowgraff,servergroup",Snow graff' by Ehrmann's Crew K _DDC0530,3,18,6,1,2010,28,19,13,1,2010,,,
4272273626,40936370@N00,45.837448,4.826248,"portrait,sculpture,streetart,france,art,mystery,museum,architecture,painting,graffiti,ruins,rawart,outsiderart,chaos,symbol,contemporaryart,secret,911,apocalypse,taz,peinture,container,freemasonry,anarchy,neige,artbrut,ddc,sanctuary,worldwar,bombing,mystic,cyberpunk,landart,devastation,alchemy,destroy,modernsculpture,prophecy,999,vanitas,endoftheworld,sanctuaire,postapocalyptic,dadaisme,artprice,salamanderspirit,organmuseum,saintromainaumontdor,demeureduchaos,thierryehrmann,alchimie,artsingulier,ephemeralart,cart1,prophétie,abodeofchaos,facteurcheval,palaisideal,kurtehrmann,artéphémère,postapocalyptique,maisondartiste,artistshouses,actingperformance,sculpturemoderne,francmaconnerie,ehrmannscrew,groupeserveur,lespritdelasalamandre,crashculture,snowgraff,servergroup",Snow graff' by Ehrmann's Crew K _DDC0527,3,18,6,1,2010,28,19,13,1,2010,,,
4272273570,40936370@N00,45.837448,4.826248,"portrait,sculpture,streetart,france,art,mystery,museum,architecture,painting,graffiti,ruins,rawart,outsiderart,chaos,symbol,contemporaryart,secret,911,apocalypse,taz,peinture,container,freemasonry,anarchy,neige,artbrut,ddc,sanctuary,worldwar,bombing,mystic,cyberpunk,landart,devastation,alchemy,destroy,modernsculpture,prophecy,999,vanitas,endoftheworld,sanctuaire,postapocalyptic,dadaisme,artprice,salamanderspirit,organmuseum,saintromainaumontdor,demeureduchaos,thierryehrmann,alchimie,artsingulier,ephemeralart,cart1,prophétie,abodeofchaos,facteurcheval,palaisideal,kurtehrmann,artéphémère,postapocalyptique,maisondartiste,artistshouses,actingperformance,sculpturemoderne,francmaconnerie,ehrmannscrew,groupeserveur,lespritdelasalamandre,crashculture,snowgraff,servergroup",Snow graff' by Ehrmann's Crew K _DDC0519,1,18,6,1,2010,28,19,13,1,2010,,,
4272273476,40936370@N00,45.837448,4.826248,"portrait,sculpture,streetart,france,art,mystery,museum,architecture,painting,graffiti,ruins,rawart,outsiderart,chaos,symbol,contemporaryart,secret,911,apocalypse,taz,peinture,container,freemasonry,anarchy,neige,artbrut,ddc,sanctuary,worldwar,bombing,mystic,cyberpunk,landart,devastation,alchemy,destroy,modernsculpture,prophecy,999,vanitas,endoftheworld,sanctuaire,postapocalyptic,dadaisme,artprice,salamanderspirit,organmuseum,saintromainaumontdor,demeureduchaos,thierryehrmann,alchimie,artsingulier,ephemeralart,cart1,prophétie,abodeofchaos,facteurcheval,palaisideal,kurtehrmann,artéphémère,postapocalyptique,maisondartiste,artistshouses,actingperformance,sculpturemoderne,francmaconnerie,ehrmannscrew,groupeserveur,lespritdelasalamandre,crashculture,snowgraff,servergroup",Snow graff' by Ehrmann's Crew K _DDC0517,1,18,6,1,2010,28,19,13,1,2010,,,
4271529547,40936370@N00,45.837448,4.826248,"portrait,sculpture,streetart,france,art,mystery,museum,architecture,painting,graffiti,ruins,rawart,outsiderart,chaos,symbol,contemporaryart,secret,911,apocalypse,taz,peinture,container,freemasonry,anarchy,neige,artbrut,ddc,sanctuary,worldwar,bombing,mystic,cyberpunk,landart,devastation,alchemy,destroy,modernsculpture,prophecy,999,vanitas,endoftheworld,sanctuaire,postapocalyptic,dadaisme,artprice,salamanderspirit,organmuseum,saintromainaumontdor,demeureduchaos,thierryehrmann,alchimie,artsingulier,ephemeralart,cart1,prophétie,abodeofchaos,facteurcheval,palaisideal,kurtehrmann,artéphémère,postapocalyptique,maisondartiste,artistshouses,actingperformance,sculpturemoderne,francmaconnerie,ehrmannscrew,groupeserveur,lespritdelasalamandre,crashculture,snowgraff,servergroup",Snow graff' by Ehrmann's Crew K _DDC0513,40,17,6,1,2010,28,19,13,1,2010,,,
4271529465,40936370@N00,45.837448,4.826248,"portrait,sculpture,streetart,france,art,mystery,museum,architecture,painting,graffiti,ruins,rawart,outsiderart,chaos,symbol,contemporaryart,secret,911,apocalypse,taz,peinture,container,freemasonry,anarchy,neige,artbrut,ddc,sanctuary,worldwar,bombing,mystic,cyberpunk,landart,devastation,alchemy,destroy,modernsculpture,prophecy,999,vanitas,endoftheworld,sanctuaire,postapocalyptic,dadaisme,artprice,salamanderspirit,organmuseum,saintromainaumontdor,demeureduchaos,thierryehrmann,alchimie,artsingulier,ephemeralart,cart1,prophétie,abodeofchaos,facteurcheval,palaisideal,kurtehrmann,artéphémère,postapocalyptique,maisondartiste,artistshouses,actingperformance,sculpturemoderne,francmaconnerie,ehrmannscrew,groupeserveur,lespritdelasalamandre,crashculture,snowgraff,servergroup",Snow graff' by Ehrmann's Crew K _DDC0506,38,17,6,1,2010,28,19,13,1,2010,,,
4272273304,40936370@N00,45.837448,4.826248,"portrait,sculpture,streetart,france,art,mystery,museum,architecture,painting,graffiti,ruins,rawart,outsiderart,chaos,symbol,contemporaryart,secret,911,apocalypse,taz,peinture,container,freemasonry,anarchy,neige,artbrut,ddc,sanctuary,worldwar,bombing,mystic,cyberpunk,landart,devastation,alchemy,destroy,modernsculpture,prophecy,999,vanitas,endoftheworld,sanctuaire,postapocalyptic,dadaisme,artprice,salamanderspirit,organmuseum,saintromainaumontdor,demeureduchaos,thierryehrmann,alchimie,artsingulier,ephemeralart,cart1,prophétie,abodeofchaos,facteurcheval,palaisideal,kurtehrmann,artéphémère,postapocalyptique,maisondartiste,artistshouses,actingperformance,sculpturemoderne,francmaconnerie,ehrmannscrew,groupeserveur,lespritdelasalamandre,crashculture,snowgraff,servergroup",Snow graff' by Ehrmann's Crew K _DDC0500,37,17,6,1,2010,28,19,13,1,2010,,,
4271529355,40936370@N00,45.837448,4.826248,"portrait,sculpture,streetart,france,art,mystery,museum,architecture,painting,graffiti,ruins,rawart,outsiderart,chaos,symbol,contemporaryart,secret,911,apocalypse,taz,peinture,container,freemasonry,anarchy,neige,artbrut,ddc,sanctuary,worldwar,bombing,mystic,cyberpunk,landart,devastation,alchemy,destroy,modernsculpture,prophecy,999,vanitas,endoftheworld,sanctuaire,postapocalyptic,dadaisme,artprice,salamanderspirit,organmuseum,saintromainaumontdor,demeureduchaos,thierryehrmann,alchimie,artsingulier,ephemeralart,cart1,prophétie,abodeofchaos,facteurcheval,palaisideal,kurtehrmann,artéphémère,postapocalyptique,maisondartiste,artistshouses,actingperformance,sculpturemoderne,francmaconnerie,ehrmannscrew,groupeserveur,lespritdelasalamandre,crashculture,snowgraff,servergroup",Snow graff' by Ehrmann's Crew K _DDC0494,35,17,6,1,2010,28,19,13,1,2010,,,
4272273190,40936370@N00,45.837448,4.826248,"portrait,sculpture,streetart,france,art,mystery,museum,architecture,painting,graffiti,ruins,rawart,outsiderart,chaos,symbol,contemporaryart,secret,911,apocalypse,taz,peinture,container,freemasonry,anarchy,neige,artbrut,ddc,sanctuary,worldwar,bombing,mystic,cyberpunk,landart,devastation,alchemy,destroy,modernsculpture,prophecy,999,vanitas,endoftheworld,sanctuaire,postapocalyptic,dadaisme,artprice,salamanderspirit,organmuseum,saintromainaumontdor,demeureduchaos,thierryehrmann,alchimie,artsingulier,ephemeralart,cart1,prophétie,abodeofchaos,facteurcheval,palaisideal,kurtehrmann,artéphémère,postapocalyptique,maisondartiste,artistshouses,actingperformance,sculpturemoderne,francmaconnerie,ehrmannscrew,groupeserveur,lespritdelasalamandre,crashculture,snowgraff,servergroup",Snow graff' by Ehrmann's Crew K _DDC0493,35,17,6,1,2010,28,19,13,1,2010,,,
4271529233,40936370@N00,45.837448,4.826248,"portrait,sculpture,streetart,france,art,mystery,museum,architecture,painting,graffiti,ruins,rawart,outsiderart,chaos,symbol,contemporaryart,secret,911,apocalypse,taz,peinture,container,freemasonry,anarchy,neige,artbrut,ddc,sanctuary,worldwar,bombing,mystic,cyberpunk,landart,devastation,alchemy,destroy,modernsculpture,prophecy,999,vanitas,endoftheworld,sanctuaire,postapocalyptic,dadaisme,artprice,salamanderspirit,organmuseum,saintromainaumontdor,demeureduchaos,thierryehrmann,alchimie,artsingulier,ephemeralart,cart1,prophétie,abodeofchaos,facteurcheval,palaisideal,kurtehrmann,artéphémère,postapocalyptique,maisondartiste,artistshouses,actingperformance,sculpturemoderne,francmaconnerie,ehrmannscrew,groupeserveur,lespritdelasalamandre,crashculture,snowgraff,servergroup",Snow graff' by Ehrmann's Crew K _DDC0485,34,17,6,1,2010,28,19,13,1,2010,,,
4272273006,40936370@N00,45.837448,4.826248,"portrait,sculpture,streetart,france,art,mystery,museum,architecture,painting,graffiti,ruins,rawart,outsiderart,chaos,symbol,contemporaryart,secret,911,apocalypse,taz,peinture,container,freemasonry,anarchy,neige,artbrut,ddc,sanctuary,worldwar,bombing,mystic,cyberpunk,landart,devastation,alchemy,destroy,modernsculpture,prophecy,999,vanitas,endoftheworld,sanctuaire,postapocalyptic,dadaisme,artprice,salamanderspirit,organmuseum,saintromainaumontdor,demeureduchaos,thierryehrmann,alchimie,artsingulier,ephemeralart,cart1,prophétie,abodeofchaos,facteurcheval,palaisideal,kurtehrmann,artéphémère,postapocalyptique,maisondartiste,artistshouses,actingperformance,sculpturemoderne,francmaconnerie,ehrmannscrew,groupeserveur,lespritdelasalamandre,crashculture,snowgraff,servergroup",Snow graff' by Ehrmann's Crew K _DDC0480,24,17,6,1,2010,28,19,13,1,2010,,,
4271529113,40936370@N00,45.837448,4.826248,"portrait,sculpture,streetart,france,art,mystery,museum,architecture,painting,graffiti,ruins,rawart,outsiderart,chaos,symbol,contemporaryart,secret,911,apocalypse,taz,peinture,container,freemasonry,anarchy,neige,artbrut,ddc,sanctuary,worldwar,bombing,mystic,cyberpunk,landart,devastation,alchemy,destroy,modernsculpture,prophecy,999,vanitas,endoftheworld,sanctuaire,postapocalyptic,dadaisme,artprice,salamanderspirit,organmuseum,saintromainaumontdor,demeureduchaos,thierryehrmann,alchimie,artsingulier,ephemeralart,cart1,prophétie,abodeofchaos,facteurcheval,palaisideal,kurtehrmann,artéphémère,postapocalyptique,maisondartiste,artistshouses,actingperformance,sculpturemoderne,francmaconnerie,ehrmannscrew,groupeserveur,lespritdelasalamandre,crashculture,snowgraff,servergroup",Snow graff' by Ehrmann's Crew K _DDC0478,23,17,6,1,2010,28,19,13,1,2010,,,
4272272876,40936370@N00,45.837448,4.826248,"portrait,sculpture,streetart,france,art,mystery,museum,architecture,painting,graffiti,ruins,rawart,outsiderart,chaos,symbol,contemporaryart,secret,911,apocalypse,taz,peinture,container,freemasonry,anarchy,neige,artbrut,ddc,sanctuary,worldwar,bombing,mystic,cyberpunk,landart,devastation,alchemy,destroy,modernsculpture,prophecy,999,vanitas,endoftheworld,sanctuaire,postapocalyptic,dadaisme,artprice,salamanderspirit,organmuseum,saintromainaumontdor,demeureduchaos,thierryehrmann,alchimie,artsingulier,ephemeralart,cart1,prophétie,abodeofchaos,facteurcheval,palaisideal,kurtehrmann,artéphémère,postapocalyptique,maisondartiste,artistshouses,actingperformance,sculpturemoderne,francmaconnerie,ehrmannscrew,groupeserveur,lespritdelasalamandre,crashculture,snowgraff,servergroup",Snow graff' by Ehrmann's Crew K _DDC0475,23,17,6,1,2010,28,19,13,1,2010,,,
4271528967,40936370@N00,45.837448,4.826248,"portrait,sculpture,streetart,france,art,mystery,museum,architecture,painting,graffiti,ruins,rawart,outsiderart,chaos,symbol,contemporaryart,secret,911,apocalypse,taz,peinture,container,freemasonry,anarchy,neige,artbrut,ddc,sanctuary,worldwar,bombing,mystic,cyberpunk,landart,devastation,alchemy,destroy,modernsculpture,prophecy,999,vanitas,endoftheworld,sanctuaire,postapocalyptic,dadaisme,artprice,salamanderspirit,organmuseum,saintromainaumontdor,demeureduchaos,thierryehrmann,alchimie,artsingulier,ephemeralart,cart1,prophétie,abodeofchaos,facteurcheval,palaisideal,kurtehrmann,artéphémère,postapocalyptique,maisondartiste,artistshouses,actingperformance,sculpturemoderne,francmaconnerie,ehrmannscrew,groupeserveur,lespritdelasalamandre,crashculture,snowgraff,servergroup",Snow graff' by Ehrmann's Crew K _DDC0468,21,17,6,1,2010,28,19,13,1,2010,,,
4272272702,40936370@N00,45.837448,4.826248,"portrait,sculpture,streetart,france,art,mystery,museum,architecture,painting,graffiti,ruins,rawart,outsiderart,chaos,symbol,contemporaryart,secret,911,apocalypse,taz,peinture,container,freemasonry,anarchy,neige,artbrut,ddc,sanctuary,worldwar,bombing,mystic,cyberpunk,landart,devastation,alchemy,destroy,modernsculpture,prophecy,999,vanitas,endoftheworld,sanctuaire,postapocalyptic,dadaisme,artprice,salamanderspirit,organmuseum,saintromainaumontdor,demeureduchaos,thierryehrmann,alchimie,artsingulier,ephemeralart,cart1,prophétie,abodeofchaos,facteurcheval,palaisideal,kurtehrmann,artéphémère,postapocalyptique,maisondartiste,artistshouses,actingperformance,sculpturemoderne,francmaconnerie,ehrmannscrew,groupeserveur,lespritdelasalamandre,crashculture,snowgraff,servergroup",Snow graff' by Ehrmann's Crew K _DDC0462,20,17,6,1,2010,28,19,13,1,2010,,,
4271528861,40936370@N00,45.837448,4.826248,"portrait,sculpture,streetart,france,art,mystery,museum,architecture,painting,graffiti,ruins,rawart,outsiderart,chaos,symbol,contemporaryart,secret,911,apocalypse,taz,peinture,container,freemasonry,anarchy,neige,artbrut,ddc,sanctuary,worldwar,bombing,mystic,cyberpunk,landart,devastation,alchemy,destroy,modernsculpture,prophecy,999,vanitas,endoftheworld,sanctuaire,postapocalyptic,dadaisme,artprice,salamanderspirit,organmuseum,saintromainaumontdor,demeureduchaos,thierryehrmann,alchimie,artsingulier,ephemeralart,cart1,prophétie,abodeofchaos,facteurcheval,palaisideal,kurtehrmann,artéphémère,postapocalyptique,maisondartiste,artistshouses,actingperformance,sculpturemoderne,francmaconnerie,ehrmannscrew,groupeserveur,lespritdelasalamandre,crashculture,snowgraff,servergroup",Snow graff' by Ehrmann's Crew K _DDC0457,18,17,6,1,2010,28,19,13,1,2010,,,
4271528785,40936370@N00,45.837448,4.826248,"kurtehrmann,ehrmannscrew,snowgraff,neige,artéphémère,ephemeralart,cart1,graffiti,abodeofchaos,chaos,lespritdelasalamandre,salamanderspirit,demeureduchaos,thierryehrmann,ddc,999,groupeserveur,taz,organmuseum,servergroup,facteurcheval,palaisideal,sanctuaire,sanctuary,artprice,portrait,painting,peinture,france,museum,sculpture,architecture,maisondartiste,art,artistshouses,streetart,sculpturemoderne,modernsculpture,secret,alchimie,alchemy,landart,artbrut,artsingulier,rawart,symbol,911,contemporaryart,apocalypse,postapocalyptique,cyberpunk,vanitas,ruins,prophecy,prophétie,container,dadaisme,outsiderart,mystery,francmaconnerie,endoftheworld,devastation,worldwar,anarchy,saintromainaumontdor,crashculture,postapocalyptic,mystic,destroy,bombing,actingperformance,freemasonry",Snow graff' by Ehrmann's Crew K _DDC0439,14,17,6,1,2010,28,19,13,1,2010,,,
4272272572,40936370@N00,45.837448,4.826248,"portrait,sculpture,streetart,france,art,mystery,museum,architecture,painting,graffiti,ruins,rawart,outsiderart,chaos,symbol,contemporaryart,secret,911,apocalypse,taz,peinture,container,freemasonry,anarchy,neige,artbrut,ddc,sanctuary,worldwar,bombing,mystic,cyberpunk,landart,devastation,alchemy,destroy,modernsculpture,prophecy,999,vanitas,endoftheworld,sanctuaire,postapocalyptic,dadaisme,artprice,salamanderspirit,organmuseum,saintromainaumontdor,demeureduchaos,thierryehrmann,alchimie,artsingulier,ephemeralart,cart1,prophétie,abodeofchaos,facteurcheval,palaisideal,kurtehrmann,artéphémère,postapocalyptique,maisondartiste,artistshouses,actingperformance,sculpturemoderne,francmaconnerie,ehrmannscrew,groupeserveur,lespritdelasalamandre,crashculture,snowgraff,servergroup",Snow graff' by Ehrmann's Crew K _DDC0437,14,17,6,1,2010,28,19,13,1,2010,,,
4272201194,36714682@N08,45.767238,4.840683,"travel,arbol,photography,photo,foto,shot,lyon,sony,nieve,picture,cielo,fotografia,amateur,rhone,cruzadas,ltytrx5,fotocompetition,fotocompetitionbronze,olétusfotos,davidcordova,deividcordova",Aroma a nieve,52,17,9,1,2010,53,18,13,1,2010,,,
4270837791,40936370@N00,45.837448,4.826248,"portrait,sculpture,france,mystery,museum,painting,ruins,jung,symbol,contemporaryart,secret,apocalypse,greatwork,freemasonry,ddc,sanctuary,alchemy,prophecy,999,vanitas,revelation,alchimia,alchemist,sanctuaire,paulocoelho,magnumopus,graal,gnosticism,dondedieu,materiaprima,nicolasflamel,artprice,salamanderspirit,organmuseum,saintromainaumontdor,andrébreton,demeureduchaos,thierryehrmann,alkimia,finis,alchemical,rubedo,prophétie,abodeofchaos,loeuvreaunoir,facteurcheval,palaisideal,grandoeuvre,alchemicalsymbol,francmaconnerie,citrinitas,fulcanelli,philosopherstone,albertlegrand,oswaldwirth,lespritdelasalamandre,nigredoalbedo,corpusjabirianum,alchimiespéculative,lemystèredescathédrales,lesdemeuresphilosophales,eugènecanseliet,latourbedesphilosophes,spagyrie,basilevalentin,rosariusphilosophorum,historyofalchemy,nucleartransmutation,khemeia,voiesèche,voiehumide,liberparagranum,artroyal,donumdei",Alchemy LXII - Alchimie _DDC1579,23,12,13,1,2010,35,13,13,1,2010,,,
4271583618,40936370@N00,45.837448,4.826248,"portrait,sculpture,france,mystery,museum,painting,ruins,jung,symbol,contemporaryart,secret,apocalypse,greatwork,freemasonry,ddc,sanctuary,alchemy,prophecy,999,vanitas,revelation,alchimia,alchemist,sanctuaire,paulocoelho,magnumopus,graal,gnosticism,dondedieu,materiaprima,nicolasflamel,artprice,salamanderspirit,organmuseum,saintromainaumontdor,andrébreton,demeureduchaos,thierryehrmann,alkimia,finis,alchemical,rubedo,prophétie,abodeofchaos,loeuvreaunoir,facteurcheval,palaisideal,grandoeuvre,alchemicalsymbol,francmaconnerie,citrinitas,fulcanelli,philosopherstone,albertlegrand,oswaldwirth,lespritdelasalamandre,nigredoalbedo,corpusjabirianum,alchimiespéculative,lemystèredescathédrales,lesdemeuresphilosophales,eugènecanseliet,latourbedesphilosophes,spagyrie,basilevalentin,rosariusphilosophorum,historyofalchemy,nucleartransmutation,khemeia,voiesèche,voiehumide,liberparagranum,artroyal,donumdei",Alchemy LXII - Alchimie _DDC1575,22,12,13,1,2010,35,13,13,1,2010,,,
4271566852,40936370@N00,45.837448,4.826248,"portrait,sculpture,france,mystery,museum,painting,ruins,jung,symbol,contemporaryart,secret,apocalypse,greatwork,freemasonry,ddc,sanctuary,alchemy,prophecy,999,vanitas,revelation,alchimia,alchemist,sanctuaire,paulocoelho,magnumopus,graal,gnosticism,dondedieu,materiaprima,nicolasflamel,artprice,salamanderspirit,organmuseum,saintromainaumontdor,andrébreton,demeureduchaos,thierryehrmann,alkimia,finis,alchemical,rubedo,prophétie,abodeofchaos,loeuvreaunoir,facteurcheval,palaisideal,grandoeuvre,alchemicalsymbol,francmaconnerie,citrinitas,fulcanelli,philosopherstone,albertlegrand,oswaldwirth,lespritdelasalamandre,nigredoalbedo,corpusjabirianum,alchimiespéculative,lemystèredescathédrales,lesdemeuresphilosophales,eugènecanseliet,latourbedesphilosophes,spagyrie,basilevalentin,rosariusphilosophorum,historyofalchemy,nucleartransmutation,khemeia,voiesèche,voiehumide,liberparagranum,artroyal,donumdei",Alchemy LIX - Alchimie _DDC1520,6,20,12,1,2010,23,13,13,1,2010,,,
4270814273,40936370@N00,45.837448,4.826248,"portrait,sculpture,france,mystery,museum,painting,ruins,jung,symbol,contemporaryart,secret,apocalypse,greatwork,freemasonry,ddc,sanctuary,alchemy,prophecy,999,vanitas,revelation,alchimia,alchemist,sanctuaire,paulocoelho,magnumopus,graal,gnosticism,dondedieu,materiaprima,nicolasflamel,artprice,salamanderspirit,organmuseum,saintromainaumontdor,andrébreton,demeureduchaos,thierryehrmann,alkimia,finis,alchemical,rubedo,prophétie,abodeofchaos,loeuvreaunoir,facteurcheval,palaisideal,grandoeuvre,alchemicalsymbol,francmaconnerie,citrinitas,fulcanelli,philosopherstone,albertlegrand,oswaldwirth,lespritdelasalamandre,nigredoalbedo,corpusjabirianum,alchimiespéculative,lemystèredescathédrales,lesdemeuresphilosophales,eugènecanseliet,latourbedesphilosophes,spagyrie,basilevalentin,rosariusphilosophorum,historyofalchemy,nucleartransmutation,khemeia,voiesèche,voiehumide,liberparagranum,artroyal,donumdei",Alchimie LVIII - Alchimie _DDC1490_1,0,20,12,1,2010,19,13,13,1,2010,,,
4271560256,40936370@N00,45.837448,4.826248,"portrait,sculpture,france,mystery,museum,painting,ruins,jung,symbol,contemporaryart,secret,apocalypse,greatwork,freemasonry,ddc,sanctuary,alchemy,prophecy,999,vanitas,revelation,alchimia,alchemist,sanctuaire,paulocoelho,magnumopus,graal,gnosticism,dondedieu,materiaprima,nicolasflamel,artprice,salamanderspirit,organmuseum,saintromainaumontdor,andrébreton,demeureduchaos,thierryehrmann,alkimia,finis,alchemical,rubedo,prophétie,abodeofchaos,loeuvreaunoir,facteurcheval,palaisideal,grandoeuvre,alchemicalsymbol,francmaconnerie,citrinitas,fulcanelli,philosopherstone,albertlegrand,oswaldwirth,lespritdelasalamandre,nigredoalbedo,corpusjabirianum,alchimiespéculative,lemystèredescathédrales,lesdemeuresphilosophales,eugènecanseliet,latourbedesphilosophes,spagyrie,basilevalentin,rosariusphilosophorum,historyofalchemy,nucleartransmutation,khemeia,voiesèche,voiehumide,liberparagranum,artroyal,donumdei",Alchimie LVIII - Alchimie _DDC1484_1,59,19,12,1,2010,19,13,13,1,2010,,,
4270814193,40936370@N00,45.837448,4.826248,"portrait,sculpture,france,mystery,museum,painting,ruins,jung,symbol,contemporaryart,secret,apocalypse,greatwork,freemasonry,ddc,sanctuary,alchemy,prophecy,999,vanitas,revelation,alchimia,alchemist,sanctuaire,paulocoelho,magnumopus,graal,gnosticism,dondedieu,materiaprima,nicolasflamel,artprice,salamanderspirit,organmuseum,saintromainaumontdor,andrébreton,demeureduchaos,thierryehrmann,alkimia,finis,alchemical,rubedo,prophétie,abodeofchaos,loeuvreaunoir,facteurcheval,palaisideal,grandoeuvre,alchemicalsymbol,francmaconnerie,citrinitas,fulcanelli,philosopherstone,albertlegrand,oswaldwirth,lespritdelasalamandre,nigredoalbedo,corpusjabirianum,alchimiespéculative,lemystèredescathédrales,lesdemeuresphilosophales,eugènecanseliet,latourbedesphilosophes,spagyrie,basilevalentin,rosariusphilosophorum,historyofalchemy,nucleartransmutation,khemeia,voiesèche,voiehumide,liberparagranum,artroyal,donumdei",Alchimie LVIII - Alchimie _DDC1480_1,59,19,12,1,2010,19,13,13,1,2010,,,
4270609707,45783759@N03,45.762313,4.822182,,Basilique de Fourvière,31,12,4,1,2010,36,10,13,1,2010,,,
4271352750,45783759@N03,45.762149,4.823513,,"Lyon sous la neige, vue de Fourvière",25,12,4,1,2010,33,10,13,1,2010,,,
4271172244,24380554@N05,45.751032,4.827439,,stars,11,18,10,12,2009,6,8,13,1,2010,,,
4271170674,24380554@N05,45.751254,4.827416,,star,9,18,10,12,2009,5,8,13,1,2010,,,
4270424595,24380554@N05,45.751115,4.827890,,sta bene sul mio camino,6,18,10,12,2009,4,8,13,1,2010,,,
4270421821,24380554@N05,45.751254,4.827416,,Candles,4,18,10,12,2009,2,8,13,1,2010,,,
4270420299,24380554@N05,45.751115,4.827890,,teneri,3,18,10,12,2009,1,8,13,1,2010,,,
4270418893,24380554@N05,45.751254,4.827416,,sui banchi del mercatino,2,18,10,12,2009,0,8,13,1,2010,,,
4270416557,24380554@N05,45.751254,4.827416,,trasporti alcoolici,2,18,10,12,2009,58,7,13,1,2010,,,
4271157090,97211956@N00,45.759363,4.826988,dailypicture,Beer & TV,46,22,21,11,2009,55,7,13,1,2010,,,
4271152400,24380554@N05,45.751254,4.827416,,bois,1,18,10,12,2009,52,7,13,1,2010,,,
4270401141,24380554@N05,45.751254,4.827416,,la giostrina,59,17,10,12,2009,48,7,13,1,2010,,,
4269803101,14669387@N04,45.771388,4.830555,,Ice & Light,6,1,12,1,2010,23,2,13,1,2010,,,
4269803013,14669387@N04,45.771388,4.830555,,Ice,55,22,11,1,2010,23,2,13,1,2010,,,
4270547126,14669387@N04,45.771388,4.830555,,iced,20,19,11,1,2010,23,2,13,1,2010,,,
4270547028,14669387@N04,45.771388,4.830555,,Black Ice,19,19,11,1,2010,23,2,13,1,2010,,,
4269190563,45717618@N00,45.758872,4.867681,"candle,bokeh,day15,bougie,encens,frankincense,olibanum,bokeh365",Bokeh - Day 15 : Candle in the smoke,19,21,12,1,2010,31,21,12,1,2010,,,
4269379160,25473605@N00,45.745500,4.840666,,Neve assassina,56,21,11,1,2010,23,17,12,1,2010,,,
4268636537,25473605@N00,45.767500,4.833833,,Frozen fountain,44,19,11,1,2010,23,17,12,1,2010,,,
4268635855,25473605@N00,45.767500,4.833833,,Frozen fountain,44,19,11,1,2010,22,17,12,1,2010,,,
4268635039,25473605@N00,45.781000,4.867500,,Frozen Campus,21,14,11,1,2010,22,17,12,1,2010,,,
4268634421,25473605@N00,45.780666,4.866499,,Frozen University,20,14,11,1,2010,22,17,12,1,2010,,,
4269375324,25473605@N00,45.780666,4.866499,,Université Lyon 1 - campus en Sibérie,20,14,11,1,2010,22,17,12,1,2010,,,
4269373710,25473605@N00,45.736000,4.838500,,Frozen,37,14,10,1,2010,21,17,12,1,2010,,,
4268631463,25473605@N00,45.736000,4.838500,,Winter,37,14,10,1,2010,21,17,12,1,2010,,,
4269372294,25473605@N00,45.736000,4.838500,,IMG_0226,44,10,10,1,2010,20,17,12,1,2010,,,
4269371630,25473605@N00,45.736000,4.838500,,IMG_0225,44,10,10,1,2010,20,17,12,1,2010,,,
4268629317,25473605@N00,45.736000,4.838500,,IMG_0224,44,10,10,1,2010,20,17,12,1,2010,,,
4269369384,25473605@N00,45.736000,4.838500,,Frozen,48,22,9,1,2010,19,17,12,1,2010,,,
4268626075,25473605@N00,45.736410,4.838361,,Frozen car with a note,18,17,12,1,2010,18,17,12,1,2010,,,
4269364428,25473605@N00,45.735333,4.838999,,Frozen garden,9,12,9,1,2010,17,17,12,1,2010,,,
4269363830,25473605@N00,45.735666,4.838500,,IMG_0197,9,12,9,1,2010,16,17,12,1,2010,,,
4269363150,25473605@N00,45.735666,4.838500,,IMG_0196,9,12,9,1,2010,16,17,12,1,2010,,,
4269362546,25473605@N00,45.735666,4.838500,,Paving the way...,9,12,9,1,2010,16,17,12,1,2010,,,
4269361934,25473605@N00,45.735666,4.838500,,IMG_0194,8,12,9,1,2010,15,17,12,1,2010,,,
4268619675,25473605@N00,45.735666,4.838500,,IMG_0193,8,12,9,1,2010,15,17,12,1,2010,,,
4268612207,25473605@N00,45.753833,4.826000,,"Compact snow, thrown at the window",8,0,9,1,2010,12,17,12,1,2010,,,
4271583582,40936370@N00,45.837448,4.826248,"portrait,sculpture,france,mystery,museum,painting,ruins,jung,symbol,contemporaryart,secret,apocalypse,greatwork,freemasonry,ddc,sanctuary,alchemy,prophecy,999,vanitas,revelation,alchimia,alchemist,sanctuaire,paulocoelho,magnumopus,graal,gnosticism,dondedieu,materiaprima,nicolasflamel,artprice,salamanderspirit,organmuseum,saintromainaumontdor,andrébreton,demeureduchaos,thierryehrmann,alkimia,finis,alchemical,rubedo,prophétie,abodeofchaos,loeuvreaunoir,facteurcheval,palaisideal,grandoeuvre,alchemicalsymbol,francmaconnerie,citrinitas,fulcanelli,philosopherstone,albertlegrand,oswaldwirth,lespritdelasalamandre,nigredoalbedo,corpusjabirianum,alchimiespéculative,lemystèredescathédrales,lesdemeuresphilosophales,eugènecanseliet,latourbedesphilosophes,spagyrie,basilevalentin,rosariusphilosophorum,historyofalchemy,nucleartransmutation,khemeia,voiesèche,voiehumide,liberparagranum,artroyal,donumdei",Alchemy LXII - Alchimie _DDC1573,22,12,13,1,2010,35,13,13,1,2010,,,
4271580064,40936370@N00,45.837448,4.826248,"portrait,sculpture,france,mystery,museum,painting,ruins,jung,symbol,contemporaryart,secret,apocalypse,greatwork,freemasonry,ddc,sanctuary,alchemy,prophecy,999,vanitas,revelation,alchimia,alchemist,sanctuaire,paulocoelho,magnumopus,graal,gnosticism,dondedieu,materiaprima,nicolasflamel,artprice,salamanderspirit,organmuseum,saintromainaumontdor,andrébreton,demeureduchaos,thierryehrmann,alkimia,finis,alchemical,rubedo,prophétie,abodeofchaos,loeuvreaunoir,facteurcheval,palaisideal,grandoeuvre,alchemicalsymbol,francmaconnerie,citrinitas,fulcanelli,philosopherstone,albertlegrand,oswaldwirth,lespritdelasalamandre,nigredoalbedo,corpusjabirianum,alchimiespéculative,lemystèredescathédrales,lesdemeuresphilosophales,eugènecanseliet,latourbedesphilosophes,spagyrie,basilevalentin,rosariusphilosophorum,historyofalchemy,nucleartransmutation,khemeia,voiesèche,voiehumide,liberparagranum,artroyal,donumdei",Alchemy LXI - Alchimie _DDC1534,10,20,12,1,2010,32,13,13,1,2010,,,
4271575676,40936370@N00,45.837448,4.826248,"portrait,sculpture,france,mystery,museum,painting,ruins,jung,symbol,contemporaryart,secret,apocalypse,greatwork,freemasonry,ddc,sanctuary,alchemy,prophecy,999,vanitas,revelation,alchimia,alchemist,sanctuaire,paulocoelho,magnumopus,graal,gnosticism,dondedieu,materiaprima,nicolasflamel,artprice,salamanderspirit,organmuseum,saintromainaumontdor,andrébreton,demeureduchaos,thierryehrmann,alkimia,finis,alchemical,rubedo,prophétie,abodeofchaos,loeuvreaunoir,facteurcheval,palaisideal,grandoeuvre,alchemicalsymbol,francmaconnerie,citrinitas,fulcanelli,philosopherstone,albertlegrand,oswaldwirth,lespritdelasalamandre,nigredoalbedo,corpusjabirianum,alchimiespéculative,lemystèredescathédrales,lesdemeuresphilosophales,eugènecanseliet,latourbedesphilosophes,spagyrie,basilevalentin,rosariusphilosophorum,historyofalchemy,nucleartransmutation,khemeia,voiesèche,voiehumide,liberparagranum,artroyal,donumdei",Alchemy LX - Alchimie _DDC1525,7,20,12,1,2010,29,13,13,1,2010,,,
4271566888,40936370@N00,45.837448,4.826248,"portrait,sculpture,france,mystery,museum,painting,ruins,jung,symbol,contemporaryart,secret,apocalypse,greatwork,freemasonry,ddc,sanctuary,alchemy,prophecy,999,vanitas,revelation,alchimia,alchemist,sanctuaire,paulocoelho,magnumopus,graal,gnosticism,dondedieu,materiaprima,nicolasflamel,artprice,salamanderspirit,organmuseum,saintromainaumontdor,andrébreton,demeureduchaos,thierryehrmann,alkimia,finis,alchemical,rubedo,prophétie,abodeofchaos,loeuvreaunoir,facteurcheval,palaisideal,grandoeuvre,alchemicalsymbol,francmaconnerie,citrinitas,fulcanelli,philosopherstone,albertlegrand,oswaldwirth,lespritdelasalamandre,nigredoalbedo,corpusjabirianum,alchimiespéculative,lemystèredescathédrales,lesdemeuresphilosophales,eugènecanseliet,latourbedesphilosophes,spagyrie,basilevalentin,rosariusphilosophorum,historyofalchemy,nucleartransmutation,khemeia,voiesèche,voiehumide,liberparagranum,artroyal,donumdei",Alchemy LIX - Alchimie _DDC1549,13,20,12,1,2010,23,13,13,1,2010,,,
4270814139,40936370@N00,45.837448,4.826248,"portrait,sculpture,france,mystery,museum,painting,ruins,jung,symbol,contemporaryart,secret,apocalypse,greatwork,freemasonry,ddc,sanctuary,alchemy,prophecy,999,vanitas,revelation,alchimia,alchemist,sanctuaire,paulocoelho,magnumopus,graal,gnosticism,dondedieu,materiaprima,nicolasflamel,artprice,salamanderspirit,organmuseum,saintromainaumontdor,andrébreton,demeureduchaos,thierryehrmann,alkimia,finis,alchemical,rubedo,prophétie,abodeofchaos,loeuvreaunoir,facteurcheval,palaisideal,grandoeuvre,alchemicalsymbol,francmaconnerie,citrinitas,fulcanelli,philosopherstone,albertlegrand,oswaldwirth,lespritdelasalamandre,nigredoalbedo,corpusjabirianum,alchimiespéculative,lemystèredescathédrales,lesdemeuresphilosophales,eugènecanseliet,latourbedesphilosophes,spagyrie,basilevalentin,rosariusphilosophorum,historyofalchemy,nucleartransmutation,khemeia,voiesèche,voiehumide,liberparagranum,artroyal,donumdei",Alchimie LVIII - Alchimie _DDC1478_1,59,19,12,1,2010,19,13,13,1,2010,,,
4271553474,40936370@N00,45.837448,4.826248,"portrait,sculpture,france,mystery,museum,painting,ruins,jung,symbol,contemporaryart,secret,apocalypse,greatwork,freemasonry,ddc,sanctuary,alchemy,prophecy,999,vanitas,revelation,alchimia,alchemist,sanctuaire,paulocoelho,magnumopus,graal,gnosticism,dondedieu,materiaprima,nicolasflamel,artprice,salamanderspirit,organmuseum,saintromainaumontdor,andrébreton,demeureduchaos,thierryehrmann,alkimia,finis,alchemical,rubedo,prophétie,abodeofchaos,loeuvreaunoir,facteurcheval,palaisideal,grandoeuvre,alchemicalsymbol,francmaconnerie,citrinitas,fulcanelli,philosopherstone,albertlegrand,oswaldwirth,lespritdelasalamandre,nigredoalbedo,corpusjabirianum,alchimiespéculative,lemystèredescathédrales,lesdemeuresphilosophales,eugènecanseliet,latourbedesphilosophes,spagyrie,basilevalentin,rosariusphilosophorum,historyofalchemy,nucleartransmutation,khemeia,voiesèche,voiehumide,liberparagranum,artroyal,donumdei",Alchemy LVII - Alchimie _DDC1551,15,12,13,1,2010,14,13,13,1,2010,,,
4268610945,25473605@N00,45.753833,4.826000,,Frozen roof,24,22,8,1,2010,11,17,12,1,2010,,,
4268608795,25473605@N00,45.736000,4.838500,,Frozen,7,18,8,1,2010,10,17,12,1,2010,,,
4268608175,25473605@N00,45.736000,4.838500,,IMG_0144,7,18,8,1,2010,10,17,12,1,2010,,,
4269349070,25473605@N00,45.736000,4.838500,,After the big snow storm,7,18,8,1,2010,10,17,12,1,2010,,,
4268979362,10986181@N05,45.776914,4.854937,"lyon,parc,tête,or,hiver,neige,pelican,snow,winter,animal,zoo,oiseau,bird",Lyon - Parc de la Tête d'or - Hiver 2010,46,10,9,1,2010,56,13,12,1,2010,,,
4268965396,13010022@N07,45.763077,4.822226,"france,photo,europe,raw,lyon,lumière,couleurs,fêtedeslumières,fêtes",PICT4088,48,20,7,12,2009,47,13,12,1,2010,,,
4268220495,13010022@N07,45.763077,4.822226,"france,photo,europe,raw,lyon,lumière,couleurs,fêtedeslumières,fêtes",PICT4086,48,20,7,12,2009,47,13,12,1,2010,,,
4268964998,13010022@N07,45.763077,4.822226,"france,photo,europe,raw,lyon,lumière,couleurs,fêtedeslumières,fêtes",PICT4084,48,20,7,12,2009,47,13,12,1,2010,,,
4268964800,13010022@N07,45.763077,4.822226,"france,photo,europe,raw,lyon,lumière,couleurs,fêtedeslumières,fêtes",PICT4078,47,20,7,12,2009,46,13,12,1,2010,,,
4268219877,13010022@N07,45.763077,4.822226,"france,photo,europe,raw,lyon,lumière,couleurs,fêtedeslumières,fêtes",PICT4065,44,20,7,12,2009,46,13,12,1,2010,,,
4268964304,13010022@N07,45.763077,4.822226,"france,photo,europe,raw,lyon,lumière,couleurs,fêtedeslumières,fêtes",PICT4064,44,20,7,12,2009,46,13,12,1,2010,,,
4268219395,13010022@N07,45.763077,4.822226,"france,photo,europe,raw,lyon,lumière,couleurs,fêtedeslumières,fêtes",PICT4063,43,20,7,12,2009,46,13,12,1,2010,,,
4268963858,13010022@N07,45.763077,4.822226,"france,photo,europe,raw,lyon,lumière,couleurs,fêtedeslumières,fêtes",PICT4053,35,20,7,12,2009,46,13,12,1,2010,,,
4268218997,13010022@N07,45.763077,4.822226,"france,photo,europe,raw,lyon,lumière,couleurs,fêtedeslumières,fêtes",PICT4050,35,20,7,12,2009,46,13,12,1,2010,,,
4268963480,13010022@N07,45.763077,4.822226,"france,photo,europe,raw,lyon,lumière,couleurs,fêtedeslumières,fêtes",PICT4048,35,20,7,12,2009,46,13,12,1,2010,,,
4268218577,13010022@N07,45.761200,4.827049,"france,photo,europe,raw,lyon,lumière,couleurs,fêtedeslumières,fêtes",PICT4027,13,20,7,12,2009,46,13,12,1,2010,,,
4268963004,13010022@N07,45.761200,4.827049,"france,photo,europe,raw,lyon,lumière,couleurs,fêtedeslumières,fêtes",PICT4026,13,20,7,12,2009,45,13,12,1,2010,,,
4268962760,13010022@N07,45.761200,4.827049,"france,photo,europe,raw,lyon,lumière,couleurs,fêtedeslumières,fêtes",PICT4025,13,20,7,12,2009,45,13,12,1,2010,,,
4268217759,13010022@N07,45.761200,4.827049,"france,photo,europe,raw,lyon,lumière,couleurs,fêtedeslumières,fêtes",PICT4006,1,20,7,12,2009,45,13,12,1,2010,,,
4268950444,10986181@N05,45.775320,4.854122,"winter,snow,animal,zoo,lyon,or,hiver,neige,parc,tête,biche",Lyon - Parc de la Tête d'or - Hiver 2010,34,10,9,1,2010,38,13,12,1,2010,,,
4268944870,10986181@N05,45.773921,4.854347,"winter,snow,lyon,or,hiver,neige,parc,tête",Lyon - Parc de la Tête d'or - Hiver 2010,18,10,9,1,2010,34,13,12,1,2010,,,
4267712359,97211956@N00,45.759383,4.826977,"portrait,dailypicture,gin,barman,akroche",Barman,15,20,24,7,2009,38,7,12,1,2010,,,
4267474536,43003031@N02,45.723581,4.824510,"red,field,rouge,lyon,country,2009,champ,bouchedincendie",Abandonné,58,11,18,11,2009,55,23,11,1,2010,,,
4266438555,45717618@N00,45.758872,4.867681,"rabbit,bokeh,day14,floriane,ravingrabbid,bokeh365",Bokeh - Day 14 : Couple d'enfer,43,21,11,1,2010,2,22,11,1,2010,,,
4266960768,45717618@N00,45.758872,4.867681,"cat,chat,billy",Billy,12,20,11,1,2010,34,20,11,1,2010,,,
4266213207,45717618@N00,45.758872,4.867681,"cat,chat,billy",Billy,9,20,11,1,2010,33,20,11,1,2010,,,
4266959366,45717618@N00,45.758872,4.867681,"cat,chat,billy",Billy,8,20,11,1,2010,33,20,11,1,2010,,,
4266212373,45717618@N00,45.758872,4.867681,"cat,chat,billy",Billy,8,20,11,1,2010,33,20,11,1,2010,,,
4266958552,45717618@N00,45.758872,4.867681,"cat,chat,billy",Billy,7,20,11,1,2010,33,20,11,1,2010,,,
4266030961,40936370@N00,45.837448,4.826248,"portrait,sculpture,streetart,france,art,mystery,museum,architecture,painting,graffiti,ruins,rawart,outsiderart,chaos,symbol,contemporaryart,secret,911,apocalypse,taz,peinture,container,freemasonry,anarchy,neige,artbrut,ddc,sanctuary,worldwar,bombing,mystic,cyberpunk,landart,devastation,alchemy,destroy,modernsculpture,prophecy,999,vanitas,endoftheworld,sanctuaire,postapocalyptic,dadaisme,artprice,salamanderspirit,organmuseum,saintromainaumontdor,demeureduchaos,thierryehrmann,alchimie,artsingulier,ephemeralart,cart1,prophétie,abodeofchaos,facteurcheval,palaisideal,artéphémère,postapocalyptique,maisondartiste,artistshouses,actingperformance,sculpturemoderne,francmaconnerie,inframince,ehrmannscrew,groupeserveur,lespritdelasalamandre,crashculture,snowgraff,servergroup",Infra-mince Ephémère _DDC1340,39,18,11,1,2010,16,19,11,1,2010,,,
4266777582,40936370@N00,45.837448,4.826248,"portrait,sculpture,streetart,france,art,mystery,museum,architecture,painting,graffiti,ruins,rawart,outsiderart,chaos,symbol,contemporaryart,secret,911,apocalypse,taz,peinture,container,freemasonry,anarchy,neige,artbrut,ddc,sanctuary,worldwar,bombing,mystic,cyberpunk,landart,devastation,alchemy,destroy,modernsculpture,prophecy,999,vanitas,endoftheworld,sanctuaire,postapocalyptic,dadaisme,artprice,salamanderspirit,organmuseum,saintromainaumontdor,demeureduchaos,thierryehrmann,alchimie,artsingulier,ephemeralart,cart1,prophétie,abodeofchaos,facteurcheval,palaisideal,artéphémère,postapocalyptique,maisondartiste,artistshouses,actingperformance,sculpturemoderne,francmaconnerie,inframince,ehrmannscrew,groupeserveur,lespritdelasalamandre,crashculture,snowgraff,servergroup",Infra-mince Ephémère _DDC1337,38,18,11,1,2010,16,19,11,1,2010,,,
4266777530,40936370@N00,45.837448,4.826248,"portrait,sculpture,streetart,france,art,mystery,museum,architecture,painting,graffiti,ruins,rawart,outsiderart,chaos,symbol,contemporaryart,secret,911,apocalypse,taz,peinture,container,freemasonry,anarchy,neige,artbrut,ddc,sanctuary,worldwar,bombing,mystic,cyberpunk,landart,devastation,alchemy,destroy,modernsculpture,prophecy,999,vanitas,endoftheworld,sanctuaire,postapocalyptic,dadaisme,artprice,salamanderspirit,organmuseum,saintromainaumontdor,demeureduchaos,thierryehrmann,alchimie,artsingulier,ephemeralart,cart1,prophétie,abodeofchaos,facteurcheval,palaisideal,artéphémère,postapocalyptique,maisondartiste,artistshouses,actingperformance,sculpturemoderne,francmaconnerie,inframince,ehrmannscrew,groupeserveur,lespritdelasalamandre,crashculture,snowgraff,servergroup",Infra-mince Ephémère _DDC1332,37,18,11,1,2010,16,19,11,1,2010,,,
4266777430,40936370@N00,45.837448,4.826248,"portrait,sculpture,streetart,france,art,mystery,museum,architecture,painting,graffiti,ruins,rawart,outsiderart,chaos,symbol,contemporaryart,secret,911,apocalypse,taz,peinture,container,freemasonry,anarchy,neige,artbrut,ddc,sanctuary,worldwar,bombing,mystic,cyberpunk,landart,devastation,alchemy,destroy,modernsculpture,prophecy,999,vanitas,endoftheworld,sanctuaire,postapocalyptic,dadaisme,artprice,salamanderspirit,organmuseum,saintromainaumontdor,demeureduchaos,thierryehrmann,alchimie,artsingulier,ephemeralart,cart1,prophétie,abodeofchaos,facteurcheval,palaisideal,artéphémère,postapocalyptique,maisondartiste,artistshouses,actingperformance,sculpturemoderne,francmaconnerie,inframince,ehrmannscrew,groupeserveur,lespritdelasalamandre,crashculture,snowgraff,servergroup",Infra-mince Ephémère _DDC1330,35,18,11,1,2010,16,19,11,1,2010,,,
4266777324,40936370@N00,45.837448,4.826248,"portrait,sculpture,streetart,france,art,mystery,museum,architecture,painting,graffiti,ruins,rawart,outsiderart,chaos,symbol,contemporaryart,secret,911,apocalypse,taz,peinture,container,freemasonry,anarchy,neige,artbrut,ddc,sanctuary,worldwar,bombing,mystic,cyberpunk,landart,devastation,alchemy,destroy,modernsculpture,prophecy,999,vanitas,endoftheworld,sanctuaire,postapocalyptic,dadaisme,artprice,salamanderspirit,organmuseum,saintromainaumontdor,demeureduchaos,thierryehrmann,alchimie,artsingulier,ephemeralart,cart1,prophétie,abodeofchaos,facteurcheval,palaisideal,artéphémère,postapocalyptique,maisondartiste,artistshouses,actingperformance,sculpturemoderne,francmaconnerie,inframince,ehrmannscrew,groupeserveur,lespritdelasalamandre,crashculture,snowgraff,servergroup",Infra-mince Ephémère _DDC1328,35,18,11,1,2010,16,19,11,1,2010,,,
4266777092,40936370@N00,45.837448,4.826248,"portrait,sculpture,streetart,france,art,mystery,museum,architecture,painting,graffiti,ruins,rawart,outsiderart,chaos,symbol,contemporaryart,secret,911,apocalypse,taz,peinture,container,freemasonry,anarchy,neige,artbrut,ddc,sanctuary,worldwar,bombing,mystic,cyberpunk,landart,devastation,alchemy,destroy,modernsculpture,prophecy,999,vanitas,endoftheworld,sanctuaire,postapocalyptic,dadaisme,artprice,salamanderspirit,organmuseum,saintromainaumontdor,demeureduchaos,thierryehrmann,alchimie,artsingulier,ephemeralart,cart1,prophétie,abodeofchaos,facteurcheval,palaisideal,artéphémère,postapocalyptique,maisondartiste,artistshouses,actingperformance,sculpturemoderne,francmaconnerie,inframince,ehrmannscrew,groupeserveur,lespritdelasalamandre,crashculture,snowgraff,servergroup",Infra-mince Ephémère _DDC1326,34,18,11,1,2010,16,19,11,1,2010,,,
4266777020,40936370@N00,45.837448,4.826248,"inframince,ehrmannscrew,snowgraff,neige,artéphémère,ephemeralart,cart1,graffiti,abodeofchaos,chaos,lespritdelasalamandre,salamanderspirit,demeureduchaos,thierryehrmann,ddc,999,groupeserveur,taz,organmuseum,servergroup,facteurcheval,palaisideal,sanctuaire,sanctuary,artprice,portrait,painting,peinture,france,museum,sculpture,architecture,maisondartiste,art,artistshouses,streetart,sculpturemoderne,modernsculpture,secret,alchimie,alchemy,landart,artbrut,artsingulier,rawart,symbol,911,contemporaryart,apocalypse,postapocalyptique,cyberpunk,vanitas,ruins,prophecy,prophétie,container,dadaisme,outsiderart,mystery,francmaconnerie,endoftheworld,devastation,worldwar,anarchy,saintromainaumontdor,crashculture,postapocalyptic,mystic,destroy,bombing,actingperformance,freemasonry",Infra-mince Ephémère _DDC1324,34,18,11,1,2010,16,19,11,1,2010,,,
4266776906,40936370@N00,45.837448,4.826248,"portrait,sculpture,streetart,france,art,mystery,museum,architecture,painting,graffiti,ruins,rawart,outsiderart,chaos,symbol,contemporaryart,secret,911,apocalypse,taz,peinture,container,freemasonry,anarchy,neige,artbrut,ddc,sanctuary,worldwar,bombing,mystic,cyberpunk,landart,devastation,alchemy,destroy,modernsculpture,prophecy,999,vanitas,endoftheworld,sanctuaire,postapocalyptic,dadaisme,artprice,salamanderspirit,organmuseum,saintromainaumontdor,demeureduchaos,thierryehrmann,alchimie,artsingulier,ephemeralart,cart1,prophétie,abodeofchaos,facteurcheval,palaisideal,artéphémère,postapocalyptique,maisondartiste,artistshouses,actingperformance,sculpturemoderne,francmaconnerie,inframince,ehrmannscrew,groupeserveur,lespritdelasalamandre,crashculture,snowgraff,servergroup",Infra-mince Ephémère _DDC1323,34,18,11,1,2010,16,19,11,1,2010,,,
4266030173,40936370@N00,45.837448,4.826248,"portrait,sculpture,streetart,france,art,mystery,museum,architecture,painting,graffiti,ruins,rawart,outsiderart,chaos,symbol,contemporaryart,secret,911,apocalypse,taz,peinture,container,freemasonry,anarchy,neige,artbrut,ddc,sanctuary,worldwar,bombing,mystic,cyberpunk,landart,devastation,alchemy,destroy,modernsculpture,prophecy,999,vanitas,endoftheworld,sanctuaire,postapocalyptic,dadaisme,artprice,salamanderspirit,organmuseum,saintromainaumontdor,demeureduchaos,thierryehrmann,alchimie,artsingulier,ephemeralart,cart1,prophétie,abodeofchaos,facteurcheval,palaisideal,artéphémère,postapocalyptique,maisondartiste,artistshouses,actingperformance,sculpturemoderne,francmaconnerie,inframince,ehrmannscrew,groupeserveur,lespritdelasalamandre,crashculture,snowgraff,servergroup",Infra-mince Ephémère _DDC1320,20,18,11,1,2010,16,19,11,1,2010,,,
4266030075,40936370@N00,45.837448,4.826248,"portrait,sculpture,streetart,france,art,mystery,museum,architecture,painting,graffiti,ruins,rawart,outsiderart,chaos,symbol,contemporaryart,secret,911,apocalypse,taz,peinture,container,freemasonry,anarchy,neige,artbrut,ddc,sanctuary,worldwar,bombing,mystic,cyberpunk,landart,devastation,alchemy,destroy,modernsculpture,prophecy,999,vanitas,endoftheworld,sanctuaire,postapocalyptic,dadaisme,artprice,salamanderspirit,organmuseum,saintromainaumontdor,demeureduchaos,thierryehrmann,alchimie,artsingulier,ephemeralart,cart1,prophétie,abodeofchaos,facteurcheval,palaisideal,artéphémère,postapocalyptique,maisondartiste,artistshouses,actingperformance,sculpturemoderne,francmaconnerie,inframince,ehrmannscrew,groupeserveur,lespritdelasalamandre,crashculture,snowgraff,servergroup",Infra-mince Ephémère _DDC1319,19,18,11,1,2010,16,19,11,1,2010,,,
4266776580,40936370@N00,45.837448,4.826248,"portrait,sculpture,streetart,france,art,mystery,museum,architecture,painting,graffiti,ruins,rawart,outsiderart,chaos,symbol,contemporaryart,secret,911,apocalypse,taz,peinture,container,freemasonry,anarchy,neige,artbrut,ddc,sanctuary,worldwar,bombing,mystic,cyberpunk,landart,devastation,alchemy,destroy,modernsculpture,prophecy,999,vanitas,endoftheworld,sanctuaire,postapocalyptic,dadaisme,artprice,salamanderspirit,organmuseum,saintromainaumontdor,demeureduchaos,thierryehrmann,alchimie,artsingulier,ephemeralart,cart1,prophétie,abodeofchaos,facteurcheval,palaisideal,artéphémère,postapocalyptique,maisondartiste,artistshouses,actingperformance,sculpturemoderne,francmaconnerie,inframince,ehrmannscrew,groupeserveur,lespritdelasalamandre,crashculture,snowgraff,servergroup",Infra-mince Ephémère _DDC1318,19,18,11,1,2010,16,19,11,1,2010,,,
4266776522,40936370@N00,45.837448,4.826248,"portrait,sculpture,streetart,france,art,mystery,museum,architecture,painting,graffiti,ruins,rawart,outsiderart,chaos,symbol,contemporaryart,secret,911,apocalypse,taz,peinture,container,freemasonry,anarchy,neige,artbrut,ddc,sanctuary,worldwar,bombing,mystic,cyberpunk,landart,devastation,alchemy,destroy,modernsculpture,prophecy,999,vanitas,endoftheworld,sanctuaire,postapocalyptic,dadaisme,artprice,salamanderspirit,organmuseum,saintromainaumontdor,demeureduchaos,thierryehrmann,alchimie,artsingulier,ephemeralart,cart1,prophétie,abodeofchaos,facteurcheval,palaisideal,artéphémère,postapocalyptique,maisondartiste,artistshouses,actingperformance,sculpturemoderne,francmaconnerie,inframince,ehrmannscrew,groupeserveur,lespritdelasalamandre,crashculture,snowgraff,servergroup",Infra-mince Ephémère _DDC1317,18,18,11,1,2010,16,19,11,1,2010,,,
4266776442,40936370@N00,45.837448,4.826248,"portrait,sculpture,streetart,france,art,mystery,museum,architecture,painting,graffiti,ruins,rawart,outsiderart,chaos,symbol,contemporaryart,secret,911,apocalypse,taz,peinture,container,freemasonry,anarchy,neige,artbrut,ddc,sanctuary,worldwar,bombing,mystic,cyberpunk,landart,devastation,alchemy,destroy,modernsculpture,prophecy,999,vanitas,endoftheworld,sanctuaire,postapocalyptic,dadaisme,artprice,salamanderspirit,organmuseum,saintromainaumontdor,demeureduchaos,thierryehrmann,alchimie,artsingulier,ephemeralart,cart1,prophétie,abodeofchaos,facteurcheval,palaisideal,artéphémère,postapocalyptique,maisondartiste,artistshouses,actingperformance,sculpturemoderne,francmaconnerie,inframince,ehrmannscrew,groupeserveur,lespritdelasalamandre,crashculture,snowgraff,servergroup",Infra-mince Ephémère _DDC1313,17,18,11,1,2010,16,19,11,1,2010,,,
4266029757,40936370@N00,45.837448,4.826248,"portrait,sculpture,streetart,france,art,mystery,museum,architecture,painting,graffiti,ruins,rawart,outsiderart,chaos,symbol,contemporaryart,secret,911,apocalypse,taz,peinture,container,freemasonry,anarchy,neige,artbrut,ddc,sanctuary,worldwar,bombing,mystic,cyberpunk,landart,devastation,alchemy,destroy,modernsculpture,prophecy,999,vanitas,endoftheworld,sanctuaire,postapocalyptic,dadaisme,artprice,salamanderspirit,organmuseum,saintromainaumontdor,demeureduchaos,thierryehrmann,alchimie,artsingulier,ephemeralart,cart1,prophétie,abodeofchaos,facteurcheval,palaisideal,artéphémère,postapocalyptique,maisondartiste,artistshouses,actingperformance,sculpturemoderne,francmaconnerie,inframince,ehrmannscrew,groupeserveur,lespritdelasalamandre,crashculture,snowgraff,servergroup",Infra-mince Ephémère _DDC1312,17,18,11,1,2010,16,19,11,1,2010,,,
4266029655,40936370@N00,45.837448,4.826248,"portrait,sculpture,streetart,france,art,mystery,museum,architecture,painting,graffiti,ruins,rawart,outsiderart,chaos,symbol,contemporaryart,secret,911,apocalypse,taz,peinture,container,freemasonry,anarchy,neige,artbrut,ddc,sanctuary,worldwar,bombing,mystic,cyberpunk,landart,devastation,alchemy,destroy,modernsculpture,prophecy,999,vanitas,endoftheworld,sanctuaire,postapocalyptic,dadaisme,artprice,salamanderspirit,organmuseum,saintromainaumontdor,demeureduchaos,thierryehrmann,alchimie,artsingulier,ephemeralart,cart1,prophétie,abodeofchaos,facteurcheval,palaisideal,artéphémère,postapocalyptique,maisondartiste,artistshouses,actingperformance,sculpturemoderne,francmaconnerie,inframince,ehrmannscrew,groupeserveur,lespritdelasalamandre,crashculture,snowgraff,servergroup",Infra-mince Ephémère _DDC1307,12,18,11,1,2010,16,19,11,1,2010,,,
4266776218,40936370@N00,45.837448,4.826248,"portrait,sculpture,streetart,france,art,mystery,museum,architecture,painting,graffiti,ruins,rawart,outsiderart,chaos,symbol,contemporaryart,secret,911,apocalypse,taz,peinture,container,freemasonry,anarchy,neige,artbrut,ddc,sanctuary,worldwar,bombing,mystic,cyberpunk,landart,devastation,alchemy,destroy,modernsculpture,prophecy,999,vanitas,endoftheworld,sanctuaire,postapocalyptic,dadaisme,artprice,salamanderspirit,organmuseum,saintromainaumontdor,demeureduchaos,thierryehrmann,alchimie,artsingulier,ephemeralart,cart1,prophétie,abodeofchaos,facteurcheval,palaisideal,artéphémère,postapocalyptique,maisondartiste,artistshouses,actingperformance,sculpturemoderne,francmaconnerie,inframince,ehrmannscrew,groupeserveur,lespritdelasalamandre,crashculture,snowgraff,servergroup",Infra-mince Ephémère _DDC1306,11,18,11,1,2010,16,19,11,1,2010,,,
4266776132,40936370@N00,45.837448,4.826248,"portrait,sculpture,streetart,france,art,mystery,museum,architecture,painting,graffiti,ruins,rawart,outsiderart,chaos,symbol,contemporaryart,secret,911,apocalypse,taz,peinture,container,freemasonry,anarchy,neige,artbrut,ddc,sanctuary,worldwar,bombing,mystic,cyberpunk,landart,devastation,alchemy,destroy,modernsculpture,prophecy,999,vanitas,endoftheworld,sanctuaire,postapocalyptic,dadaisme,artprice,salamanderspirit,organmuseum,saintromainaumontdor,demeureduchaos,thierryehrmann,alchimie,artsingulier,ephemeralart,cart1,prophétie,abodeofchaos,facteurcheval,palaisideal,artéphémère,postapocalyptique,maisondartiste,artistshouses,actingperformance,sculpturemoderne,francmaconnerie,inframince,ehrmannscrew,groupeserveur,lespritdelasalamandre,crashculture,snowgraff,servergroup",Infra-mince Ephémère _DDC1303,10,18,11,1,2010,16,19,11,1,2010,,,
4266029369,40936370@N00,45.837448,4.826248,"portrait,sculpture,streetart,france,art,mystery,museum,architecture,painting,graffiti,ruins,rawart,outsiderart,chaos,symbol,contemporaryart,secret,911,apocalypse,taz,peinture,container,freemasonry,anarchy,neige,artbrut,ddc,sanctuary,worldwar,bombing,mystic,cyberpunk,landart,devastation,alchemy,destroy,modernsculpture,prophecy,999,vanitas,endoftheworld,sanctuaire,postapocalyptic,dadaisme,artprice,salamanderspirit,organmuseum,saintromainaumontdor,demeureduchaos,thierryehrmann,alchimie,artsingulier,ephemeralart,cart1,prophétie,abodeofchaos,facteurcheval,palaisideal,artéphémère,postapocalyptique,maisondartiste,artistshouses,actingperformance,sculpturemoderne,francmaconnerie,inframince,ehrmannscrew,groupeserveur,lespritdelasalamandre,crashculture,snowgraff,servergroup",Infra-mince Ephémère _DDC1299,9,18,11,1,2010,16,19,11,1,2010,,,
4264758511,11817998@N05,45.760467,4.859830,"365,iphone",11/365,8,8,11,1,2010,10,8,11,1,2010,,,
4264160216,25041789@N02,45.757687,4.840035,"neopan1600,nikonf3,plateforme,d7611,autaut,findijsf,epsonv600",two lovers,41,14,10,1,2010,41,23,10,1,2010,,,
4266776062,40936370@N00,45.837448,4.826248,"portrait,sculpture,streetart,france,art,mystery,museum,architecture,painting,graffiti,ruins,rawart,outsiderart,chaos,symbol,contemporaryart,secret,911,apocalypse,taz,peinture,container,freemasonry,anarchy,neige,artbrut,ddc,sanctuary,worldwar,bombing,mystic,cyberpunk,landart,devastation,alchemy,destroy,modernsculpture,prophecy,999,vanitas,endoftheworld,sanctuaire,postapocalyptic,dadaisme,artprice,salamanderspirit,organmuseum,saintromainaumontdor,demeureduchaos,thierryehrmann,alchimie,artsingulier,ephemeralart,cart1,prophétie,abodeofchaos,facteurcheval,palaisideal,artéphémère,postapocalyptique,maisondartiste,artistshouses,actingperformance,sculpturemoderne,francmaconnerie,inframince,ehrmannscrew,groupeserveur,lespritdelasalamandre,crashculture,snowgraff,servergroup",Infra-mince Ephémère _DDC1301,9,18,11,1,2010,16,19,11,1,2010,,,
4264127084,43694855@N03,45.767403,4.833383,"winter,blackandwhite,snow,france,fountain,statue,photography,lyon,noiretblanc,hiver,neige,placedesterreaux",Lyon - January 2010,49,16,8,1,2010,30,23,10,1,2010,,,
4263375077,43694855@N03,45.767403,4.833383,"winter,horses,blackandwhite,snow,france,fountain,statue,photography,lyon,noiretblanc,hiver,neige,chevaux,placedesterreaux",Lyon - January 2010,48,16,8,1,2010,29,23,10,1,2010,,,
4263373251,43694855@N03,45.767403,4.833383,"winter,horses,blackandwhite,snow,france,fountain,statue,photography,lyon,noiretblanc,hiver,neige,chevaux,placedesterreaux",Lyon - January 2010,48,16,8,1,2010,29,23,10,1,2010,,,
4264120694,43694855@N03,45.767403,4.833383,"winter,horses,blackandwhite,snow,france,fountain,statue,photography,lyon,noiretblanc,hiver,neige,chevaux,placedesterreaux",Lyon - January 2010,47,16,8,1,2010,28,23,10,1,2010,,,
4263369205,43694855@N03,45.767403,4.833383,"blackandwhite,france,photography,lyon,hoteldeville,palaissaintpierre,terreaux,fineartsmuseum,polaroïd,muséedesbeauxarts,photosnoiretblanc",Lyon - January 2010,27,23,10,1,2010,27,23,10,1,2010,,,
4263368921,43694855@N03,45.767403,4.833383,"blackandwhite,france,photography,lyon,hoteldeville,palaissaintpierre,terreaux,fineartsmuseum,polaroïd,muséedesbeauxarts,photosnoiretblanc",Lyon - January 2010,27,23,10,1,2010,27,23,10,1,2010,,,
4264118476,43694855@N03,45.767403,4.833383,"winter,horses,blackandwhite,snow,france,fountain,statue,photography,lyon,noiretblanc,hiver,neige,chevaux,placedesterreaux,polaroïd",Lyon - January 2010,27,23,10,1,2010,27,23,10,1,2010,,,
4263255115,21392985@N06,45.778276,4.847116,,Panorama - Lac de la tête d'or - Architecturale,58,12,6,1,2010,51,22,10,1,2010,,,
4263213655,9822280@N06,45.780407,4.849968,"lyon,neige,parcdelatêtedor",IMG_9778_Parc_sous_la neige,6,14,10,1,2010,38,22,10,1,2010,,,
4263212515,9822280@N06,45.779786,4.848455,"lyon,neige,parcdelatêtedor",IMG_9772_Parc_sous_la neige,57,13,10,1,2010,38,22,10,1,2010,,,
4263962556,9822280@N06,45.780796,4.850450,"lyon,neige,parcdelatêtedor",IMG_9763_Parc_sous_la neige,51,13,10,1,2010,38,22,10,1,2010,,,
4263211365,9822280@N06,45.783258,4.855761,"lyon,neige,parcdelatêtedor",IMG_9749_Parc_sous_la neige,39,13,10,1,2010,38,22,10,1,2010,,,
4263210893,9822280@N06,45.783108,4.855761,"lyon,neige,parcdelatêtedor",IMG_9747_Parc_sous_la neige,39,13,10,1,2010,38,22,10,1,2010,,,
4263960632,9822280@N06,45.777640,4.846687,"lyon,neige,parcdelatêtedor",IMG_9731_Parc_sous_la neige,11,13,10,1,2010,37,22,10,1,2010,,,
4263958118,9822280@N06,45.777640,4.846687,"lyon,neige,parcdelatêtedor",IMG_9725_Parc_sous_la neige,7,13,10,1,2010,37,22,10,1,2010,,,
4263206535,9822280@N06,45.777841,4.846577,"lyon,neige,parcdelatêtedor",IMG_9720_Parc_sous_la neige,5,13,10,1,2010,36,22,10,1,2010,,,
4263956448,9822280@N06,45.777377,4.845762,"lyon,neige,parcdelatêtedor",IMG_9719_Parc_sous_la neige,4,13,10,1,2010,36,22,10,1,2010,,,
4263205589,9822280@N06,45.777018,4.844850,"parcdelatêtedor,lyon,neige,portedesenfantsdurhône",IMG_9709_Porte des Enfants du Rhône_sous_la neige,0,13,10,1,2010,36,22,10,1,2010,,,
4263204891,9822280@N06,45.767799,4.840668,"lyon,neige,bergesdurhône",IMG_9693_berges du rhone_neige,38,12,10,1,2010,36,22,10,1,2010,,,
4263954692,9822280@N06,45.762439,4.840773,"lyon,neige,bergesdurhône",IMG_9674_berges du rhone neige,26,12,10,1,2010,35,22,10,1,2010,,,
4263175699,21392985@N06,45.777446,4.845228,"panorama,lyon,neige,paysage,blanc,chemin,teteor",Panorama - Entrée parc de la tête d'or,26,22,10,1,2010,26,22,10,1,2010,,,
4263920356,45717618@N00,45.768735,4.835422,"jeudi,apero,barberousse,aperodujeudi",Apéro du jeudi au Barberousse,28,23,7,1,2010,25,22,10,1,2010,,,
4263919804,45717618@N00,45.768735,4.835422,"jeudi,apero,barberousse,aperodujeudi",Apéro du jeudi au Barberousse,27,23,7,1,2010,24,22,10,1,2010,,,
4263919162,45717618@N00,45.768735,4.835422,"jeudi,apero,barberousse,aperodujeudi",Apéro du jeudi au Barberousse,27,23,7,1,2010,24,22,10,1,2010,,,
4263918600,45717618@N00,45.768735,4.835422,"jeudi,apero,barberousse,aperodujeudi",Apéro du jeudi au Barberousse,27,23,7,1,2010,24,22,10,1,2010,,,
4263723392,8458252@N05,45.752010,4.843822,"snow,lyon,neige","Neige, Lyon",16,20,9,1,2010,24,21,10,1,2010,,,
4263684856,24130765@N02,45.760973,4.826109,"lyon,hiver,neige,gothique,gargouille,vieux,2010,primatiale",La gargouille en est givrée,38,15,10,1,2010,13,21,10,1,2010,,,
4262933063,24130765@N02,45.762882,4.822976,"lyon,hiver,neige,rougegorge,2010",Vous avez froid ? pensez à lui !,6,16,10,1,2010,12,21,10,1,2010,,,
4262931979,24130765@N02,45.762882,4.822976,"lyon,hiver,neige,vieux,2010,saone",Grise la Saône,6,16,10,1,2010,12,21,10,1,2010,,,
4263681270,24130765@N02,45.762882,4.822976,"lyon,hiver,neige,rousse,croix,2010",Panorama - Croix Rousse,2,16,10,1,2010,11,21,10,1,2010,,,
4263680396,24130765@N02,45.762882,4.822976,"lyon,hiver,neige,dor,mont,2010,cindre",Mont Cindre,2,16,10,1,2010,11,21,10,1,2010,,,
4262928989,24130765@N02,45.762882,4.822976,"lyon,hiver,part,neige,dieu,2010",Panorama - centre ville,59,15,10,1,2010,11,21,10,1,2010,,,
4263678834,24130765@N02,45.760973,4.826109,"lyon,hiver,neige,2010,primatiale,manecanterie",D'un siècle à un lointain autre,37,15,10,1,2010,11,21,10,1,2010,,,
4263587888,45717618@N00,45.758872,4.867681,"bokeh,honey,miel,day13,winny,bokeh365",Bokeh - Day 13 : The Pooh,30,20,10,1,2010,42,20,10,1,2010,,,
4263494266,32889649@N08,45.767388,4.833362,"lyon,2009,fetedeslumiere",Fête des Lumières Lyon 2009,50,22,7,12,2009,12,20,10,1,2010,,,
4262742785,32889649@N08,45.767388,4.833362,"lyon,2009,fetedeslumiere",Fête des Lumières Lyon 2009,48,22,7,12,2009,12,20,10,1,2010,,,
4263300584,40088092@N02,45.766153,4.837578,"lyon,neige",Neige à Lyon,15,17,8,1,2010,10,19,10,1,2010,,,
4263266528,15444502@N03,45.729479,4.815455,"de,aquarium,la,nikon,lyon,clown,poisson,d300,rigout,mulatiere",bébé poisson clown,54,15,10,1,2010,59,18,10,1,2010,,,
4262378472,16173245@N00,45.754899,4.820943,"ski,sport,lyon,over,adobe,session,telemark,gab,lightroom,extrem,telemarker,strobist,wwwsimontremblayfr,nevergowithoutanextrabattery",Telemark Session Over Lyon,33,21,9,1,2010,21,13,10,1,2010,,,
4261547079,20546789@N00,45.753585,4.888744,"schnee,snow,france,bike,bicycle,frankreich,europa,europe,lyon,rad,räder,bikes,rhône,bicycles,cycle,neige,69,fahrrad,vélo,cycles,vélos,fahrräder,grandlyon,rhônealpes,vélov,vélovs,montchat",Place Antoinette,14,20,9,1,2010,41,12,10,1,2010,,,
4261545345,20546789@N00,45.753585,4.888744,"schnee,snow,france,bike,bicycle,frankreich,europa,europe,lyon,rad,räder,bikes,rhône,bicycles,cycle,neige,69,fahrrad,vélo,cycles,vélos,fahrräder,grandlyon,rhônealpes,vélov,vélovs,montchat",Place Antoinette,13,20,9,1,2010,40,12,10,1,2010,,,
4261544477,20546789@N00,45.753585,4.888744,"schnee,snow,france,bike,bicycle,frankreich,europa,europe,lyon,rad,räder,bikes,rhône,bicycles,cycle,neige,69,fahrrad,vélo,cycles,vélos,fahrräder,grandlyon,rhônealpes,vélov,vélovs,montchat",Place Antoinette,13,20,9,1,2010,39,12,10,1,2010,,,
4261542937,20546789@N00,45.753585,4.888744,"schnee,snow,france,bike,bicycle,frankreich,europa,europe,lyon,rad,räder,bikes,rhône,bicycles,cycle,neige,69,fahrrad,vélo,cycles,vélos,fahrräder,grandlyon,rhônealpes,vélov,vélovs,montchat",Place Antoinette,13,20,9,1,2010,39,12,10,1,2010,,,
4262295212,20546789@N00,45.754117,4.886566,"schnee,snow,france,frankreich,europa,europe,lyon,rhône,neige,69,grandlyon,rhônealpes,montchat",Cours Richard-Vitton,10,20,9,1,2010,38,12,10,1,2010,,,
4261541203,20546789@N00,45.753945,4.885740,"schnee,snow,france,frankreich,europa,europe,lyon,rhône,neige,69,grandlyon,rhônealpes,montchat",Place de la Reconnaissance,9,20,9,1,2010,38,12,10,1,2010,,,
4262293838,20546789@N00,45.753945,4.885740,"schnee,snow,france,frankreich,europa,europe,lyon,rhône,neige,69,grandlyon,rhônealpes,montchat",Place de la Reconnaissance,9,20,9,1,2010,37,12,10,1,2010,,,
4262293078,20546789@N00,45.759735,4.883787,"schnee,snow,france,frankreich,europa,europe,rhône,neige,69,villeurbanne,grandlyon,rhônealpes",Le Rize,59,19,9,1,2010,37,12,10,1,2010,,,
4261539279,20546789@N00,45.760203,4.883615,"schnee,snow,france,frankreich,europa,europe,rhône,neige,69,villeurbanne,grandlyon,rhônealpes",Rue Docteur Papillon,57,19,9,1,2010,36,12,10,1,2010,,,
4263212851,9822280@N06,45.781767,4.851577,"lyon,neige,parcdelatêtedor",IMG_9774_Parc_sous_la neige,59,13,10,1,2010,38,22,10,1,2010,,,
4263209067,9822280@N06,45.777640,4.846687,"lyon,neige,parcdelatêtedor",IMG_9730_Parc_sous_la neige,10,13,10,1,2010,37,22,10,1,2010,,,
4262290376,20546789@N00,45.760203,4.883615,"schnee,snow,france,frankreich,europa,europe,rhône,neige,69,villeurbanne,grandlyon,rhônealpes",Voiture sous la neige,53,19,9,1,2010,35,12,10,1,2010,,,
4262285808,20546789@N00,45.766288,4.879968,"schnee,snow,france,frankreich,europa,europe,rhône,neige,69,villeurbanne,grandlyon,rhônealpes",Place du Docteur Lazare Goujon,45,19,9,1,2010,33,12,10,1,2010,,,
4261531787,20546789@N00,45.766288,4.879968,"schnee,snow,france,frankreich,europa,europe,rhône,neige,69,villeurbanne,grandlyon,rhônealpes",Hôtel de ville de Villeurbanne,45,19,9,1,2010,32,12,10,1,2010,,,
4262284188,20546789@N00,45.766288,4.879968,"schnee,snow,france,frankreich,europa,europe,rhône,neige,69,villeurbanne,grandlyon,rhônealpes",Hôtel de ville de Villeurbanne,45,19,9,1,2010,32,12,10,1,2010,,,
4262282664,20546789@N00,45.766288,4.879968,"schnee,snow,france,frankreich,europa,europe,rhône,neige,69,villeurbanne,grandlyon,rhônealpes",Marianne,44,19,9,1,2010,31,12,10,1,2010,,,
4262281054,20546789@N00,45.765666,4.879581,"schnee,snow,france,frankreich,europa,europe,rhône,neige,69,villeurbanne,grandlyon,rhônealpes",Théâtre national populaire,43,19,9,1,2010,30,12,10,1,2010,,,
4262279508,20546789@N00,45.769420,4.879420,"schnee,snow,france,frankreich,europa,europe,rhône,neige,69,villeurbanne,grandlyon,rhônealpes",Gratte-Ciel – Avenue Henri Barbusse,39,19,9,1,2010,29,12,10,1,2010,,,
4261525033,20546789@N00,45.769420,4.879420,"schnee,snow,france,frankreich,europa,europe,rhône,neige,69,villeurbanne,grandlyon,rhônealpes",Gratte-Ciel – Avenue Henri Barbusse,39,19,9,1,2010,28,12,10,1,2010,,,
4261523595,20546789@N00,45.769420,4.879420,"schnee,snow,france,frankreich,europa,europe,rhône,neige,69,villeurbanne,grandlyon,rhônealpes",Le Répit de l'Agriculteur,36,19,9,1,2010,28,12,10,1,2010,,,
4261522909,20546789@N00,45.769420,4.879420,"schnee,snow,france,frankreich,europa,europe,rhône,neige,69,villeurbanne,grandlyon,rhônealpes",Gratte-Ciel,36,19,9,1,2010,27,12,10,1,2010,,,
4261522121,20546789@N00,45.769420,4.879420,"schnee,snow,france,frankreich,europa,europe,rhône,neige,69,villeurbanne,grandlyon,rhônealpes",Gratte-Ciel – Avenue Henri Barbusse,35,19,9,1,2010,27,12,10,1,2010,,,
4262274762,20546789@N00,45.769420,4.879420,"schnee,snow,france,frankreich,europa,europe,rhône,neige,69,villeurbanne,grandlyon,rhônealpes",Gratte-Ciel – Le Répit de l'Agriculteur,35,19,9,1,2010,26,12,10,1,2010,,,
4262273924,20546789@N00,45.769420,4.879420,"schnee,snow,france,frankreich,europa,europe,rhône,neige,69,villeurbanne,grandlyon,rhônealpes",Gratte-Ciel,34,19,9,1,2010,26,12,10,1,2010,,,
4261519769,20546789@N00,45.769420,4.879420,"schnee,snow,france,frankreich,europa,europe,rhône,neige,69,villeurbanne,grandlyon,rhônealpes",Gratte-Ciel – Le Répit de l'Agriculteur,34,19,9,1,2010,25,12,10,1,2010,,,
4261518997,20546789@N00,45.769420,4.879420,"schnee,snow,france,frankreich,europa,europe,rhône,neige,69,villeurbanne,grandlyon,rhônealpes",Gratte-Ciel,33,19,9,1,2010,25,12,10,1,2010,,,
4261518263,20546789@N00,45.767575,4.835937,"schnee,snow,france,frankreich,europa,europe,lyon,rhône,neige,69,operahouse,opéra,opernhaus,terreaux,grandlyon,rhônealpes",Opéra,49,17,9,1,2010,25,12,10,1,2010,,,
4262270868,20546789@N00,45.766901,4.833565,"schnee,snow,france,frankreich,europa,europe,lyon,rhône,neige,69,terreaux,grandlyon,rhônealpes",Galerie du palais Saint-Pierre,46,17,9,1,2010,24,12,10,1,2010,,,
4261516903,20546789@N00,45.766901,4.833565,"schnee,snow,france,frankreich,europa,europe,lyon,rhône,neige,69,terreaux,grandlyon,rhônealpes",Galerie du palais Saint-Pierre,46,17,9,1,2010,24,12,10,1,2010,,,
4262269402,20546789@N00,45.766901,4.833565,"schnee,snow,france,frankreich,europa,europe,lyon,rhône,neige,69,terreaux,grandlyon,rhônealpes",Cour du palais Saint-Pierre,45,17,9,1,2010,23,12,10,1,2010,,,
4262268628,20546789@N00,45.766901,4.833565,"schnee,snow,france,frankreich,europa,europe,lyon,rhône,neige,69,terreaux,grandlyon,rhônealpes",Cour du palais Saint-Pierre,45,17,9,1,2010,23,12,10,1,2010,,,
4262267862,20546789@N00,45.766901,4.833565,"schnee,snow,france,frankreich,europa,europe,lyon,rhône,neige,69,terreaux,grandlyon,rhônealpes",Cour du palais Saint-Pierre,44,17,9,1,2010,23,12,10,1,2010,,,
4262266854,20546789@N00,45.766901,4.833565,"schnee,snow,france,frankreich,europa,europe,lyon,rhône,neige,69,terreaux,grandlyon,rhônealpes",Cour du palais Saint-Pierre,44,17,9,1,2010,22,12,10,1,2010,,,
4262266212,20546789@N00,45.766901,4.833565,"schnee,snow,france,frankreich,europa,europe,lyon,rhône,neige,69,terreaux,grandlyon,rhônealpes",Cour du palais Saint-Pierre,44,17,9,1,2010,22,12,10,1,2010,,,
4261512329,20546789@N00,45.766901,4.833565,"schnee,snow,france,frankreich,europa,europe,lyon,rhône,neige,69,terreaux,grandlyon,rhônealpes",Cour du palais Saint-Pierre,44,17,9,1,2010,21,12,10,1,2010,,,
4262264590,20546789@N00,45.766901,4.833565,"schnee,snow,france,frankreich,europa,europe,lyon,rhône,neige,69,terreaux,grandlyon,rhônealpes",Cour du palais Saint-Pierre,43,17,9,1,2010,21,12,10,1,2010,,,
4262263560,20546789@N00,45.766901,4.833565,"schnee,snow,france,frankreich,europa,europe,lyon,rhône,neige,69,terreaux,grandlyon,rhônealpes",Cour du palais Saint-Pierre,42,17,9,1,2010,20,12,10,1,2010,,,
4262262720,20546789@N00,45.767672,4.833426,"schnee,snow,france,fountain,frankreich,europa,europe,lyon,springbrunnen,brunnen,rhône,neige,69,fontaine,bartholdi,terreaux,grandlyon,rhônealpes,frédéricaugustebartholdi",Fontaine des Terreaux,41,17,9,1,2010,20,12,10,1,2010,,,
4262262024,20546789@N00,45.767672,4.833426,"schnee,snow,france,fountain,frankreich,europa,europe,lyon,springbrunnen,brunnen,rhône,neige,69,fontaine,bartholdi,terreaux,grandlyon,rhônealpes,frédéricaugustebartholdi",Fontaine des Terreaux,41,17,9,1,2010,19,12,10,1,2010,,,
4262261234,20546789@N00,45.767672,4.833426,"schnee,snow,france,fountain,frankreich,europa,europe,lyon,springbrunnen,brunnen,rhône,neige,69,fontaine,bartholdi,terreaux,grandlyon,rhônealpes,frédéricaugustebartholdi",Fontaine des Terreaux,41,17,9,1,2010,19,12,10,1,2010,,,
4261507471,20546789@N00,45.767672,4.833426,"schnee,snow,france,fountain,frankreich,europa,europe,lyon,springbrunnen,brunnen,rhône,neige,69,fontaine,bartholdi,terreaux,grandlyon,rhônealpes,frédéricaugustebartholdi",Fontaine des Terreaux,41,17,9,1,2010,19,12,10,1,2010,,,
4262259180,20546789@N00,45.767672,4.833426,"schnee,snow,france,fountain,frankreich,europa,europe,lyon,springbrunnen,brunnen,rhône,neige,69,fontaine,bartholdi,terreaux,grandlyon,rhônealpes,frédéricaugustebartholdi",Goutte au nez,40,17,9,1,2010,18,12,10,1,2010,,,
4262258522,20546789@N00,45.767672,4.833426,"schnee,snow,france,fountain,frankreich,europa,europe,lyon,springbrunnen,brunnen,rhône,neige,69,fontaine,bartholdi,terreaux,grandlyon,rhônealpes,frédéricaugustebartholdi",Fontaine des Terreaux,40,17,9,1,2010,17,12,10,1,2010,,,
4262257848,20546789@N00,45.767672,4.833426,"schnee,snow,france,fountain,frankreich,europa,europe,lyon,springbrunnen,brunnen,rhône,neige,69,fontaine,bartholdi,terreaux,grandlyon,rhônealpes,frédéricaugustebartholdi",Fontaine des Terreaux,39,17,9,1,2010,17,12,10,1,2010,,,
4262257294,20546789@N00,45.767470,4.832922,"schnee,snow,france,frankreich,europa,europe,lyon,rhône,neige,69,terreaux,grandlyon,rhônealpes",Place des Terreaux,38,17,9,1,2010,17,12,10,1,2010,,,
4261503427,20546789@N00,45.766542,4.829231,"schnee,snow,france,frankreich,europa,europe,lyon,rhône,neige,69,saintpaul,vieuxlyon,saône,grandlyon,rhônealpes",Quai de Bondy,35,17,9,1,2010,16,12,10,1,2010,,,
4262256042,20546789@N00,45.766542,4.829231,"schnee,snow,france,frankreich,europa,europe,lyon,rhône,neige,69,saintpaul,vieuxlyon,saône,terreaux,grandlyon,rhônealpes",La Saône,34,17,9,1,2010,16,12,10,1,2010,,,
4261500385,20546789@N00,45.766284,4.828813,"schnee,snow,france,frankreich,europa,europe,lyon,rhône,neige,69,saintpaul,vieuxlyon,grandlyon,rhônealpes",Quai de Bondy,33,17,9,1,2010,14,12,10,1,2010,,,
4261499451,20546789@N00,45.766284,4.828813,"schnee,snow,france,frankreich,europa,europe,lyon,rhône,neige,69,saintpaul,vieuxlyon,grandlyon,rhônealpes",Quai de Bondy,32,17,9,1,2010,14,12,10,1,2010,,,
4261498587,20546789@N00,45.766407,4.828491,"schnee,snow,france,frankreich,europa,europe,lyon,rhône,neige,69,saintpaul,vieuxlyon,grandlyon,rhônealpes",Pont de la Feuillée,32,17,9,1,2010,13,12,10,1,2010,,,
4261497909,20546789@N00,45.765999,4.827075,"schnee,snow,france,frankreich,europa,europe,lyon,gare,bahnhof,rhône,railwaystation,neige,69,saintpaul,vieuxlyon,grandlyon,rhônealpes",Gare Saint-Paul,31,17,9,1,2010,13,12,10,1,2010,,,
4262249812,20546789@N00,45.766175,4.826538,"schnee,snow,france,frankreich,europa,europe,lyon,gare,bahnhof,rhône,railwaystation,neige,69,saintpaul,vieuxlyon,grandlyon,rhônealpes",Gare Saint-Paul,29,17,9,1,2010,12,12,10,1,2010,,,
4261495877,20546789@N00,45.766175,4.826538,"schnee,snow,france,frankreich,europa,europe,lyon,gare,bahnhof,rhône,railwaystation,neige,69,saintpaul,vieuxlyon,grandlyon,rhônealpes",Gare Saint-Paul,29,17,9,1,2010,12,12,10,1,2010,,,
4261495341,20546789@N00,45.766175,4.826538,"schnee,snow,france,frankreich,europa,europe,lyon,gare,bahnhof,rhône,railwaystation,neige,69,saintpaul,vieuxlyon,grandlyon,rhônealpes",Gare Saint-Paul,28,17,9,1,2010,11,12,10,1,2010,,,
4262247922,20546789@N00,45.766175,4.826538,"schnee,snow,france,frankreich,europa,europe,lyon,gare,bahnhof,rhône,railwaystation,neige,69,saintpaul,vieuxlyon,grandlyon,rhônealpes",Gare Saint-Paul,28,17,9,1,2010,11,12,10,1,2010,,,
4262247198,20546789@N00,45.765906,4.826731,"schnee,snow,france,frankreich,europa,europe,lyon,rhône,neige,69,saintpaul,vieuxlyon,grandlyon,rhônealpes",Maison Henri IV,26,17,9,1,2010,11,12,10,1,2010,,,
4261493259,20546789@N00,45.766093,4.826012,"schnee,snow,france,frankreich,europa,europe,lyon,gare,bahnhof,rhône,railwaystation,neige,69,saintpaul,vieuxlyon,grandlyon,rhônealpes",Gare Saint-Paul,25,17,9,1,2010,10,12,10,1,2010,,,
4261492671,20546789@N00,45.766093,4.826012,"schnee,snow,france,frankreich,europa,europe,lyon,gare,bahnhof,rhône,railwaystation,neige,69,saintpaul,vieuxlyon,grandlyon,rhônealpes",Église Saint-Paul,25,17,9,1,2010,10,12,10,1,2010,,,
4261492091,20546789@N00,45.765913,4.826281,"schnee,snow,france,frankreich,europa,europe,lyon,rhône,neige,69,saintpaul,vieuxlyon,grandlyon,rhônealpes",Montée des Carmes Déchaussées,24,17,9,1,2010,9,12,10,1,2010,,,
4261491509,20546789@N00,45.765913,4.826281,"schnee,snow,france,frankreich,europa,europe,lyon,rhône,neige,69,saintpaul,vieuxlyon,grandlyon,rhônealpes",Montée des Carmes Déchaussées,24,17,9,1,2010,9,12,10,1,2010,,,
4261490703,20546789@N00,45.766093,4.826012,"schnee,snow,france,frankreich,europa,europe,lyon,gare,bahnhof,rhône,railwaystation,neige,69,saintpaul,vieuxlyon,grandlyon,rhônealpes",Gare Saint-Paul,22,17,9,1,2010,9,12,10,1,2010,,,
4261489991,20546789@N00,45.766093,4.826012,"schnee,snow,france,frankreich,europa,europe,lyon,gare,bahnhof,rhône,railwaystation,neige,69,saintpaul,vieuxlyon,grandlyon,rhônealpes",Gare Saint-Paul,22,17,9,1,2010,8,12,10,1,2010,,,
4261488031,20546789@N00,45.766093,4.826012,"schnee,snow,france,frankreich,europa,europe,lyon,rhône,neige,69,saintpaul,vieuxlyon,grandlyon,rhônealpes",Église Saint-Paul sous la neige,22,17,9,1,2010,7,12,10,1,2010,,,
4262240754,20546789@N00,45.766093,4.826012,"schnee,snow,france,frankreich,europa,europe,lyon,rhône,neige,69,saintpaul,vieuxlyon,grandlyon,rhônealpes",Église Saint-Paul sous la neige,21,17,9,1,2010,7,12,10,1,2010,,,
4262240028,20546789@N00,45.766093,4.826012,"schnee,snow,france,frankreich,europa,europe,lyon,gare,bahnhof,rhône,railwaystation,neige,69,saintpaul,vieuxlyon,grandlyon,rhônealpes",Gare Saint-Paul,21,17,9,1,2010,6,12,10,1,2010,,,
4261485205,20546789@N00,45.766138,4.825615,"schnee,snow,france,frankreich,europa,europe,lyon,rhône,neige,69,saintpaul,vieuxlyon,grandlyon,rhônealpes",Montée des Carmes Déchaussées,20,17,9,1,2010,6,12,10,1,2010,,,
4261483857,20546789@N00,45.766168,4.824897,"schnee,snow,france,frankreich,europa,europe,lyon,rhône,neige,69,saintpaul,vieuxlyon,grandlyon,rhônealpes",Montée des Carmes Déchaussées,19,17,9,1,2010,5,12,10,1,2010,,,
4262236590,20546789@N00,45.766213,4.824188,"schnee,snow,france,frankreich,europa,europe,lyon,rhône,neige,69,fourvière,grandlyon,rhônealpes",Chemin de Montauban,18,17,9,1,2010,4,12,10,1,2010,,,
4261482309,20546789@N00,45.766056,4.824360,"schnee,snow,france,frankreich,europa,europe,lyon,rhône,neige,69,fourvière,grandlyon,rhônealpes",Montée des Carmes Déchaussées,17,17,9,1,2010,4,12,10,1,2010,,,
4262235108,20546789@N00,45.766056,4.824360,"schnee,snow,france,frankreich,europa,europe,lyon,rhône,neige,69,fourvière,grandlyon,rhônealpes",Montée des Carmes Déchaussées,17,17,9,1,2010,4,12,10,1,2010,,,
4262233650,20546789@N00,45.765932,4.824199,"schnee,snow,france,frankreich,europa,europe,lyon,rhône,neige,69,fourvière,grandlyon,rhônealpes",Montée Nicolas de Lange,16,17,9,1,2010,3,12,10,1,2010,,,
4261478963,20546789@N00,45.765932,4.824199,"schnee,snow,france,frankreich,europa,europe,lyon,rhône,neige,69,fourvière,grandlyon,rhônealpes",Montée Nicolas de Lange,15,17,9,1,2010,2,12,10,1,2010,,,
4261478127,20546789@N00,45.766273,4.823716,"schnee,snow,france,frankreich,europa,europe,lyon,rhône,neige,69,fourvière,grandlyon,rhônealpes",Chemin de Montauban,15,17,9,1,2010,2,12,10,1,2010,,,
4261477391,20546789@N00,45.766355,4.823373,"schnee,snow,france,frankreich,europa,europe,lyon,rhône,neige,69,fourvière,grandlyon,rhônealpes",Archives départementales du Rhône,14,17,9,1,2010,1,12,10,1,2010,,,
4261475439,20546789@N00,45.766318,4.822493,"schnee,snow,france,frankreich,europa,europe,lyon,rhône,neige,69,fourvière,grandlyon,rhônealpes","3 bis, chemin de Montauban",13,17,9,1,2010,0,12,10,1,2010,,,
4262228146,20546789@N00,45.766318,4.822493,"schnee,snow,france,frankreich,europa,europe,lyon,rhône,neige,69,fourvière,grandlyon,rhônealpes","3 bis, chemin de Montauban",13,17,9,1,2010,0,12,10,1,2010,,,
4262226990,20546789@N00,45.764970,4.819833,"schnee,snow,france,frankreich,europa,europe,lyon,rhône,neige,69,fourvière,grandlyon,rhônealpes",École Sainte-Marie – La Chana,7,17,9,1,2010,59,11,10,1,2010,,,
4261473051,20546789@N00,45.764970,4.819833,"schnee,snow,france,frankreich,europa,europe,lyon,rhône,neige,69,fourvière,grandlyon,rhônealpes",École Sainte-Marie,7,17,9,1,2010,59,11,10,1,2010,,,
4261471579,20546789@N00,45.765517,4.820723,"schnee,snow,france,frankreich,europa,europe,lyon,rhône,neige,69,fourvière,grandlyon,rhônealpes",Chemin de Montauban,6,17,9,1,2010,58,11,10,1,2010,,,
4262224326,20546789@N00,45.764970,4.819833,"schnee,snow,france,frankreich,europa,europe,lyon,rhône,neige,69,fourvière,grandlyon,rhônealpes",École Sainte-Marie,6,17,9,1,2010,57,11,10,1,2010,,,
4262223644,20546789@N00,45.765378,4.817698,"schnee,snow,france,frankreich,europa,europe,lyon,rhône,neige,69,fourvière,grandlyon,rhônealpes",Quais de Saône sous la neige,4,17,9,1,2010,57,11,10,1,2010,,,
4262223080,20546789@N00,45.765378,4.817698,"schnee,snow,france,frankreich,europa,europe,lyon,rhône,neige,69,fourvière,grandlyon,rhônealpes",Quais de Saône sous la neige,3,17,9,1,2010,57,11,10,1,2010,,,
4262222450,20546789@N00,45.765378,4.817698,"schnee,snow,france,frankreich,europa,europe,lyon,rhône,neige,69,fourvière,grandlyon,rhônealpes",Quais de Saône sous la neige,3,17,9,1,2010,56,11,10,1,2010,,,
4262221558,20546789@N00,45.765378,4.817698,"schnee,snow,france,frankreich,europa,europe,lyon,rhône,neige,69,fourvière,grandlyon,rhônealpes",Quais de Saône sous la neige,2,17,9,1,2010,56,11,10,1,2010,,,
4261467537,20546789@N00,45.765389,4.817140,"schnee,snow,streetart,france,graffiti,frankreich,europa,europe,lyon,rhône,neige,69,fourvière,grandlyon,rhônealpes",Piste de la Sarra,1,17,9,1,2010,55,11,10,1,2010,,,
4262219648,20546789@N00,45.765389,4.817140,"schnee,snow,streetart,france,graffiti,frankreich,europa,europe,lyon,rhône,neige,69,fourvière,grandlyon,rhônealpes",Piste de la Sarra,1,17,9,1,2010,55,11,10,1,2010,,,
4262218754,20546789@N00,45.765389,4.817140,"schnee,snow,streetart,france,graffiti,frankreich,europa,europe,lyon,rhône,neige,69,fourvière,grandlyon,rhônealpes",Piste de la Sarra,1,17,9,1,2010,54,11,10,1,2010,,,
4261464817,20546789@N00,45.765389,4.817140,"schnee,snow,streetart,france,graffiti,frankreich,europa,europe,lyon,rhône,neige,69,fourvière,grandlyon,rhônealpes",Piste de la Sarra,1,17,9,1,2010,54,11,10,1,2010,,,
4262217476,20546789@N00,45.765285,4.816946,"schnee,snow,france,frankreich,europa,europe,lyon,rhône,neige,69,fourvière,grandlyon,rhônealpes",La Croix-Rousse sous la neige,1,17,9,1,2010,53,11,10,1,2010,,,
4262216902,20546789@N00,45.765389,4.817140,"schnee,snow,streetart,france,graffiti,frankreich,europa,europe,lyon,rhône,neige,69,fourvière,grandlyon,rhônealpes",Piste de la Sarra,0,17,9,1,2010,53,11,10,1,2010,,,
4262216332,20546789@N00,45.765285,4.816946,"schnee,snow,france,frankreich,europa,europe,lyon,rhône,neige,69,fourvière,grandlyon,rhônealpes",Piste de la Sarra,0,17,9,1,2010,53,11,10,1,2010,,,
4262214872,20546789@N00,45.765285,4.816946,"schnee,snow,france,frankreich,europa,europe,lyon,rhône,neige,69,fourvière,grandlyon,rhônealpes",Externat Sainte-Marie depuis la piste de la Sarra,0,17,9,1,2010,52,11,10,1,2010,,,
4262213344,20546789@N00,45.765285,4.816946,"schnee,snow,france,frankreich,europa,europe,lyon,rhône,neige,69,fourvière,grandlyon,rhônealpes",Piste de la Sarra,57,16,9,1,2010,51,11,10,1,2010,,,
4262212732,20546789@N00,45.765809,4.815015,"schnee,snow,france,frankreich,europa,europe,lyon,rhône,neige,69,fourvière,grandlyon,rhônealpes",Chemin de Montauban / Montée de la Sarra,53,16,9,1,2010,50,11,10,1,2010,,,
4261457899,20546789@N00,45.765928,4.815348,"schnee,snow,france,frankreich,europa,europe,lyon,rhône,neige,69,fourvière,grandlyon,rhônealpes",La Croix-Rousse sous la neige,52,16,9,1,2010,49,11,10,1,2010,,,
4261457195,20546789@N00,45.765809,4.815015,"schnee,snow,france,frankreich,europa,europe,lyon,rhône,neige,69,fourvière,grandlyon,rhônealpes",Montée de la Sarra,52,16,9,1,2010,49,11,10,1,2010,,,
4261456369,20546789@N00,45.765378,4.817698,"schnee,snow,france,frankreich,europa,europe,lyon,rhône,neige,69,fourvière,grandlyon,rhônealpes",L'Observance sous la neige,51,16,9,1,2010,49,11,10,1,2010,,,
4261455669,20546789@N00,45.765809,4.815015,"schnee,snow,france,frankreich,europa,europe,lyon,rhône,neige,69,fourvière,grandlyon,rhônealpes",Station du Centenaire,51,16,9,1,2010,48,11,10,1,2010,,,
4261455061,20546789@N00,45.764851,4.814865,"schnee,snow,france,frankreich,europa,europe,lyon,rhône,neige,69,fourvière,grandlyon,rhônealpes",Montée de la Sarra,48,16,9,1,2010,48,11,10,1,2010,,,
4261454393,20546789@N00,45.764851,4.814865,"schnee,snow,france,frankreich,europa,europe,lyon,rhône,neige,69,fourvière,grandlyon,rhônealpes",Montée de la Sarra,48,16,9,1,2010,47,11,10,1,2010,,,
4261453645,20546789@N00,45.764851,4.814865,"schnee,snow,france,frankreich,europa,europe,lyon,rhône,neige,69,fourvière,grandlyon,rhônealpes",Montée de la Sarra,46,16,9,1,2010,47,11,10,1,2010,,,
4261452791,20546789@N00,45.762164,4.812848,"schnee,friedhof,snow,france,cemetery,frankreich,europa,europe,lyon,rhône,neige,69,cimetière,fourvière,grandlyon,rhônealpes",Cimetière de Loyasse,40,16,9,1,2010,46,11,10,1,2010,,,
4261452105,20546789@N00,45.761587,4.812558,"schnee,friedhof,snow,france,cemetery,frankreich,europa,europe,lyon,rhône,neige,69,cimetière,fourvière,grandlyon,rhônealpes",Cimetière de Loyasse,39,16,9,1,2010,46,11,10,1,2010,,,
4261451543,20546789@N00,45.762164,4.812848,"schnee,friedhof,snow,france,cemetery,frankreich,europa,europe,lyon,rhône,neige,69,cimetière,fourvière,grandlyon,rhônealpes",Cimetière de Loyasse,38,16,9,1,2010,46,11,10,1,2010,,,
4262204164,20546789@N00,45.762164,4.812848,"schnee,friedhof,snow,france,cemetery,frankreich,europa,europe,lyon,rhône,neige,69,cimetière,fourvière,grandlyon,rhônealpes",Cimetière de Loyasse,38,16,9,1,2010,45,11,10,1,2010,,,
4262203418,20546789@N00,45.762164,4.812848,"schnee,friedhof,snow,france,cemetery,frankreich,europa,europe,lyon,rhône,neige,69,cimetière,fourvière,grandlyon,rhônealpes",Cimetière de Loyasse,38,16,9,1,2010,45,11,10,1,2010,,,
4262202706,20546789@N00,45.762164,4.812848,"schnee,friedhof,snow,france,cemetery,frankreich,europa,europe,lyon,rhône,neige,69,cimetière,fourvière,grandlyon,rhônealpes",Cimetière de Loyasse,37,16,9,1,2010,44,11,10,1,2010,,,
4261448671,20546789@N00,45.762901,4.813052,"schnee,snow,france,frankreich,europa,europe,lyon,rhône,neige,69,fourvière,grandlyon,rhônealpes",Chemin du Viaduc,36,16,9,1,2010,44,11,10,1,2010,,,
4262200756,20546789@N00,45.762901,4.813052,"schnee,snow,france,frankreich,europa,europe,lyon,rhône,neige,69,fourvière,grandlyon,rhônealpes",Chemin du Viaduc,35,16,9,1,2010,43,11,10,1,2010,,,
4262200064,20546789@N00,45.763219,4.819264,"schnee,snow,france,frankreich,europa,europe,lyon,rhône,neige,69,fourvière,grandlyon,rhônealpes",La Croix-Rousse sous la neige,28,16,9,1,2010,43,11,10,1,2010,,,
4261445983,20546789@N00,45.763219,4.819264,"schnee,snow,france,frankreich,europa,europe,lyon,rhône,neige,69,fourvière,grandlyon,rhônealpes",Fourvière sous la neige,28,16,9,1,2010,42,11,10,1,2010,,,
4261445353,20546789@N00,45.763219,4.819264,"schnee,snow,france,frankreich,europa,europe,lyon,rhône,neige,69,fourvière,grandlyon,rhônealpes",Fourvière sous la neige,28,16,9,1,2010,42,11,10,1,2010,,,
4261444773,20546789@N00,45.763219,4.819264,"schnee,snow,france,hospital,frankreich,europa,europe,lyon,rhône,neige,69,krankenhaus,hôpital,fourvière,grandlyon,rhônealpes",Hôpital de Fourvière,27,16,9,1,2010,42,11,10,1,2010,,,
4261444269,20546789@N00,45.763219,4.819264,"schnee,snow,france,hospital,frankreich,europa,europe,lyon,rhône,neige,69,krankenhaus,hôpital,fourvière,grandlyon,rhônealpes",Hôpital de Fourvière,27,16,9,1,2010,41,11,10,1,2010,,,
4261443595,20546789@N00,45.763219,4.819264,"schnee,snow,france,frankreich,europa,europe,lyon,rhône,neige,69,fourvière,grandlyon,rhônealpes",Fourvière sous la neige,26,16,9,1,2010,41,11,10,1,2010,,,
4262196396,20546789@N00,45.763219,4.819264,"schnee,snow,france,frankreich,europa,europe,lyon,rhône,neige,69,fourvière,grandlyon,rhônealpes",Fourvière sous la neige,26,16,9,1,2010,41,11,10,1,2010,,,
4262195554,20546789@N00,45.763294,4.822053,"schnee,snow,france,frankreich,europa,europe,lyon,rhône,neige,69,fourvière,grandlyon,rhônealpes",Tour métallique de Fourvière,23,16,9,1,2010,40,11,10,1,2010,,,
4261440821,20546789@N00,45.763294,4.822053,"schnee,snow,france,frankreich,europa,europe,lyon,rhône,neige,69,fourvière,grandlyon,rhônealpes",Montée Nicolas de Lange,22,16,9,1,2010,39,11,10,1,2010,,,
4262193158,20546789@N00,45.762822,4.822407,"schnee,snow,france,frankreich,europa,europe,lyon,rhône,neige,69,fourvière,grandlyon,rhônealpes",Esplanade de Fourvière,21,16,9,1,2010,39,11,10,1,2010,,,
4261438803,20546789@N00,45.762837,4.822976,"schnee,snow,france,frankreich,europa,europe,lyon,rhône,neige,69,fourvière,grandlyon,rhônealpes",Lyon sous la neige,20,16,9,1,2010,38,11,10,1,2010,,,
4261438021,20546789@N00,45.762837,4.822976,"schnee,snow,france,frankreich,europa,europe,lyon,rhône,neige,69,fourvière,grandlyon,rhônealpes",La Croix-Rousse sous la neige,20,16,9,1,2010,38,11,10,1,2010,,,
4262190700,20546789@N00,45.762837,4.822976,"schnee,snow,france,frankreich,europa,europe,lyon,rhône,neige,69,fourvière,grandlyon,rhônealpes",Lyon sous la neige,20,16,9,1,2010,38,11,10,1,2010,,,
4262190264,20546789@N00,45.762837,4.822976,"schnee,snow,france,frankreich,europa,europe,lyon,rhône,neige,69,fourvière,grandlyon,rhônealpes",Lyon sous la neige,20,16,9,1,2010,37,11,10,1,2010,,,
4262189446,20546789@N00,45.762837,4.822976,"schnee,snow,france,frankreich,europa,europe,lyon,rhône,neige,69,fourvière,grandlyon,rhônealpes",Bellecour sous la neige,19,16,9,1,2010,37,11,10,1,2010,,,
4262188848,20546789@N00,45.762837,4.822976,"schnee,snow,france,frankreich,europa,europe,lyon,rhône,neige,69,fourvière,grandlyon,rhônealpes",Les quais de Saône sous la neige,19,16,9,1,2010,36,11,10,1,2010,,,
4262188204,20546789@N00,45.762837,4.822976,"schnee,snow,france,frankreich,europa,europe,lyon,rhône,neige,69,fourvière,grandlyon,rhônealpes",Lyon sous la neige,18,16,9,1,2010,36,11,10,1,2010,,,
4262187544,20546789@N00,45.762366,4.823631,"schnee,snow,france,frankreich,europa,europe,lyon,rhône,neige,69,fourvière,grandlyon,rhônealpes",Basilique Notre Dame-de-Fourvière,16,16,9,1,2010,36,11,10,1,2010,,,
4262186602,20546789@N00,45.762366,4.823631,"schnee,snow,france,frankreich,europa,europe,lyon,rhône,neige,69,fourvière,grandlyon,rhônealpes",Jardin du Rosaire,16,16,9,1,2010,35,11,10,1,2010,,,
4262185868,20546789@N00,45.762366,4.823631,"schnee,snow,france,frankreich,europa,europe,lyon,rhône,neige,69,fourvière,grandlyon,rhônealpes",Jardin du Rosaire,15,16,9,1,2010,35,11,10,1,2010,,,
4262185150,20546789@N00,45.762366,4.823631,"schnee,snow,france,frankreich,europa,europe,lyon,rhône,neige,69,fourvière,grandlyon,rhônealpes",Basilique Notre Dame-de-Fourvière,13,16,9,1,2010,34,11,10,1,2010,,,
4261430149,20546789@N00,45.762366,4.823631,"schnee,snow,france,frankreich,europa,europe,lyon,rhône,neige,69,fourvière,grandlyon,rhônealpes",Jardin du Rosaire – Entrée de la roseraie,13,16,9,1,2010,33,11,10,1,2010,,,
4261429199,20546789@N00,45.762366,4.823631,"schnee,snow,france,frankreich,europa,europe,lyon,rhône,neige,69,fourvière,grandlyon,rhônealpes",Jardin du Rosaire,13,16,9,1,2010,33,11,10,1,2010,,,
4262181718,20546789@N00,45.762366,4.823631,"schnee,snow,france,frankreich,europa,europe,lyon,rhône,neige,69,fourvière,grandlyon,rhônealpes",Jardin du Rosaire,13,16,9,1,2010,32,11,10,1,2010,,,
4262180896,20546789@N00,45.762366,4.823631,"schnee,snow,france,frankreich,europa,europe,lyon,rhône,neige,69,fourvière,grandlyon,rhônealpes",Basilique Notre Dame-de-Fourvière,12,16,9,1,2010,32,11,10,1,2010,,,
4261426263,20546789@N00,45.762366,4.823631,"schnee,snow,france,frankreich,europa,europe,lyon,rhône,neige,69,fourvière,grandlyon,rhônealpes",Jardin du Rosaire,12,16,9,1,2010,31,11,10,1,2010,,,
4262178562,20546789@N00,45.762366,4.823631,"schnee,snow,france,frankreich,europa,europe,lyon,rhône,neige,69,fourvière,grandlyon,rhônealpes",Jardin du Rosaire,12,16,9,1,2010,30,11,10,1,2010,,,
4262177784,20546789@N00,45.762366,4.823631,"schnee,snow,france,frankreich,europa,europe,lyon,rhône,neige,69,fourvière,grandlyon,rhônealpes",Jardin du Rosaire,12,16,9,1,2010,30,11,10,1,2010,,,
4262177094,20546789@N00,45.762366,4.823631,"schnee,snow,france,frankreich,europa,europe,lyon,rhône,neige,69,fourvière,grandlyon,rhônealpes",Jardin du Rosaire,11,16,9,1,2010,30,11,10,1,2010,,,
4262176182,20546789@N00,45.762366,4.823631,"schnee,snow,france,frankreich,europa,europe,lyon,rhône,neige,69,fourvière,grandlyon,rhônealpes",Jardin du Rosaire,11,16,9,1,2010,29,11,10,1,2010,,,
4261422091,20546789@N00,45.762366,4.823631,"schnee,snow,france,frankreich,europa,europe,lyon,rhône,neige,69,fourvière,grandlyon,rhônealpes",Lyon sous la neige,10,16,9,1,2010,28,11,10,1,2010,,,
4261421301,20546789@N00,45.762366,4.823631,"schnee,snow,france,frankreich,europa,europe,lyon,rhône,neige,69,fourvière,grandlyon,rhônealpes",Jardin du Rosaire,9,16,9,1,2010,28,11,10,1,2010,,,
4262173732,20546789@N00,45.762366,4.823631,"schnee,snow,france,frankreich,europa,europe,lyon,rhône,neige,69,fourvière,grandlyon,rhônealpes",Jardin du Rosaire,8,16,9,1,2010,28,11,10,1,2010,,,
4262173060,20546789@N00,45.762706,4.825283,"schnee,snow,france,frankreich,europa,europe,lyon,rhône,neige,69,saintjean,vieuxlyon,grandlyon,rhônealpes",Vieux Lyon,6,16,9,1,2010,27,11,10,1,2010,,,
4262172316,20546789@N00,45.762706,4.825283,"schnee,snow,france,frankreich,europa,europe,lyon,rhône,neige,69,saintjean,vieuxlyon,grandlyon,rhônealpes",Vieux Lyon,6,16,9,1,2010,27,11,10,1,2010,,,
4261418229,20546789@N00,45.762706,4.825283,"schnee,snow,france,frankreich,europa,europe,lyon,rhône,neige,69,saintjean,vieuxlyon,grandlyon,rhônealpes",Montée des Chazeaux,4,16,9,1,2010,26,11,10,1,2010,,,
4262170998,20546789@N00,45.762706,4.825283,"schnee,snow,france,frankreich,europa,europe,lyon,rhône,neige,69,saintjean,vieuxlyon,grandlyon,rhônealpes",Montée des Chazeaux,4,16,9,1,2010,26,11,10,1,2010,,,
4262170384,20546789@N00,45.762306,4.826023,"schnee,snow,france,frankreich,europa,europe,lyon,rhône,neige,69,saintjean,vieuxlyon,grandlyon,rhônealpes",Montée des Chazeaux,3,16,9,1,2010,26,11,10,1,2010,,,
4262169696,20546789@N00,45.761033,4.826152,"schnee,snow,france,frankreich,europa,europe,lyon,rhône,neige,69,saintjean,vieuxlyon,grandlyon,rhônealpes",Montée du Chemin Neuf,2,16,9,1,2010,25,11,10,1,2010,,,
4262169018,20546789@N00,45.761048,4.825615,"schnee,snow,france,frankreich,europa,europe,lyon,rhône,neige,69,saintjean,vieuxlyon,grandlyon,rhônealpes",Montée du Chemin Neuf,1,16,9,1,2010,25,11,10,1,2010,,,
4261414695,20546789@N00,45.760988,4.826098,"schnee,snow,france,frankreich,europa,europe,lyon,rhône,neige,69,saintjean,vieuxlyon,grandlyon,rhônealpes",Primatiale Saint-Jean,1,16,9,1,2010,24,11,10,1,2010,,,
4261414103,20546789@N00,45.761048,4.825615,"schnee,snow,france,frankreich,europa,europe,lyon,rhône,neige,69,saintjean,vieuxlyon,grandlyon,rhônealpes",Basilique Notre-Dame-de-Fourvière,0,16,9,1,2010,24,11,10,1,2010,,,
4261413461,20546789@N00,45.761033,4.826152,"schnee,snow,france,frankreich,europa,europe,lyon,rhône,neige,69,saintjean,vieuxlyon,grandlyon,rhônealpes",MJC Saint-Jean,0,16,9,1,2010,23,11,10,1,2010,,,
4261413027,20546789@N00,45.761033,4.826152,"schnee,snow,france,frankreich,europa,europe,lyon,rhône,neige,69,saintjean,vieuxlyon,grandlyon,rhônealpes",MJC Saint-Jean vs Notre-Dame-de-Fourvière,0,16,9,1,2010,23,11,10,1,2010,,,
4262166080,20546789@N00,45.761018,4.826602,"schnee,snow,france,frankreich,europa,europe,lyon,rhône,neige,69,saintjean,vieuxlyon,grandlyon,rhônealpes",Fontaine Saint-Jean,59,15,9,1,2010,23,11,10,1,2010,,,
4261412157,20546789@N00,45.744141,4.878594,"schnee,snow,france,frankreich,europa,europe,lyon,rhône,neige,69,grandlyon,rhônealpes,grangeblanche,montchat",Rue du Professeur Florence,43,15,9,1,2010,23,11,10,1,2010,,,
4260270279,13339562@N06,45.766003,4.827139,"winter,snow,lyon,hiver,stpaul,neige,janvier,froid,vieuxlyon,velov,sanggi",Momentanement indisponible,54,16,9,1,2010,21,1,10,1,2010,,,
4260257883,13339562@N06,45.762785,4.819757,"winter,snow,lyon,hiver,neige,janvier,froid,sanggi",Vers l'hiver,6,16,9,1,2010,16,1,10,1,2010,,,
4260252665,13339562@N06,45.762328,4.822697,"winter,snow,lyon,hiver,wb,nb,neige,janvier,froid,sanggi",Ramassage,56,15,9,1,2010,14,1,10,1,2010,,,
4260248949,13339562@N06,45.762328,4.822697,"winter,snow,lyon,hiver,neige,janvier,froid,sanggi",Stoïque,56,15,9,1,2010,12,1,10,1,2010,,,
4260998154,13339562@N06,45.762328,4.822697,"winter,snow,nikon,lyon,hiver,neige,janvier,froid,sanggi",Prise en main,49,15,9,1,2010,9,1,10,1,2010,,,
4260236583,13339562@N06,45.762328,4.822697,"winter,snow,lyon,hiver,neige,janvier,froid,sanggi",La fille de l'hiver,49,15,9,1,2010,6,1,10,1,2010,,,
4260232023,13339562@N06,45.762328,4.822697,"winter,snow,lyon,hiver,neige,janvier,froid,sanggi",La fille de l'hiver,48,15,9,1,2010,4,1,10,1,2010,,,
4260846286,9542509@N08,45.777812,4.849047,"lake,snow,tree",,51,14,9,1,2010,5,0,10,1,2010,,,
4260837838,9542509@N08,45.777820,4.851279,"park,trees,snow",,48,14,9,1,2010,2,0,10,1,2010,,,
4260056137,9542509@N08,45.774924,4.852223,,,25,15,9,1,2010,51,23,9,1,2010,,,
4260802728,9542509@N08,45.774924,4.852223,,,24,15,9,1,2010,47,23,9,1,2010,,,
4260042069,9542509@N08,45.774924,4.852223,,,24,15,9,1,2010,45,23,9,1,2010,,,
4260792312,13339562@N06,45.760098,4.827997,"winter,snow,lyon,hiver,neige,stjean,toits,vieuxlyon,tourrose,sanggi",Jean vit la neige,46,15,9,1,2010,43,23,9,1,2010,,,
4260786034,9542509@N08,45.774924,4.852223,,,23,15,9,1,2010,41,23,9,1,2010,,,
4260776598,9542509@N08,45.774924,4.852223,,,22,15,9,1,2010,37,23,9,1,2010,,,
4260011765,9542509@N08,45.774924,4.852223,,,21,15,9,1,2010,33,23,9,1,2010,,,
4260001691,9542509@N08,45.775500,4.856171,"snow,ice",,14,15,9,1,2010,29,23,9,1,2010,,,
4260747920,9542509@N08,45.775500,4.856171,"snow,tree",,11,15,9,1,2010,26,23,9,1,2010,,,
4260733572,9542509@N08,45.778097,4.854390,"snow,green,bamboo",,58,14,9,1,2010,20,23,9,1,2010,,,
4260693028,13339562@N06,45.753735,4.837782,"winter,snow,lyon,hiver,neige,janvier,piscine,rhone,sanggi",A la piscine,10,14,9,1,2010,4,23,9,1,2010,,,
4260689332,13339562@N06,45.758196,4.836580,"winter,snow,lyon,hiver,neige,janvier,sanggi",Ciel lyonnais,8,14,9,1,2010,2,23,9,1,2010,,,
4260678822,16173245@N00,45.754899,4.820943,"life,city,snow,ski,sport,town,85mm,lifestyle,style,explore,pro,rider,telemark,gab,f12,extrem,telemarker,nostrobe,prorider,wwwsimontremblayfr",Telemarker Over Lyon,17,21,9,1,2010,58,22,9,1,2010,,,
4260566226,45717618@N00,45.759259,4.867812,"snow,dogs,warning,bokeh,roadsigns,bokeh365",Bokeh - Day 12 : Dogs not allowed !,23,21,9,1,2010,15,22,9,1,2010,,,
4260548034,25473605@N00,45.736333,4.839333,,Rentrant,28,22,18,12,2009,8,22,9,1,2010,,,
4259791553,25473605@N00,45.735833,4.838500,,Rentrant,28,22,18,12,2009,8,22,9,1,2010,,,
4260546472,25473605@N00,45.737666,4.837499,,Vélo'v gelée,24,22,18,12,2009,8,22,9,1,2010,,,
4260545412,25473605@N00,45.737833,4.837666,,First snow,24,22,18,12,2009,7,22,9,1,2010,,,
4260544388,25473605@N00,45.741000,4.838999,,Jean Jaurès,18,22,18,12,2009,7,22,9,1,2010,,,
4260543570,25473605@N00,45.743666,4.840999,,Jean Jaurès,14,22,18,12,2009,7,22,9,1,2010,,,
4260542588,25473605@N00,45.745166,4.842166,,Gare SNCF Jean Macé,11,22,18,12,2009,6,22,9,1,2010,,,
4259785517,25473605@N00,45.745166,4.842166,,Gare SNCF Jean Macé,11,22,18,12,2009,6,22,9,1,2010,,,
4259784607,25473605@N00,45.748833,4.826833,,Héctor,59,21,18,12,2009,5,22,9,1,2010,,,
4260539418,25473605@N00,45.749000,4.826833,,Héctor,59,21,18,12,2009,5,22,9,1,2010,,,
4260538480,25473605@N00,45.748833,4.826833,,Héctor,59,21,18,12,2009,5,22,9,1,2010,,,
4260537390,25473605@N00,45.748833,4.826833,,Héctor,59,21,18,12,2009,4,22,9,1,2010,,,
4260536528,25473605@N00,45.748833,4.826833,,First snow,59,21,18,12,2009,4,22,9,1,2010,,,
4260535676,25473605@N00,45.748833,4.826833,,First snow,59,21,18,12,2009,3,22,9,1,2010,,,
4260534834,25473605@N00,45.748833,4.827500,,First snow,59,21,18,12,2009,3,22,9,1,2010,,,
4259778249,25473605@N00,45.735333,4.838999,,First snow,6,10,18,12,2009,3,22,9,1,2010,,,
4259777305,25473605@N00,45.735333,4.838999,,First snow,6,10,18,12,2009,2,22,9,1,2010,,,
4260532090,25473605@N00,45.735333,4.838999,,First snow,5,10,18,12,2009,2,22,9,1,2010,,,
4259775755,25473605@N00,45.735333,4.838999,,First snow,5,10,18,12,2009,2,22,9,1,2010,,,
4259774907,25473605@N00,45.735333,4.838999,,First snow,5,10,18,12,2009,1,22,9,1,2010,,,
4259508331,25473605@N00,45.766000,4.831833,,Sylvain,44,20,27,11,2009,18,20,9,1,2010,,,
4260263534,25473605@N00,45.766000,4.831833,,Sylvain,43,20,27,11,2009,17,20,9,1,2010,,,
4259506685,25473605@N00,45.766000,4.831833,,Yannick,43,20,27,11,2009,17,20,9,1,2010,,,
4260261822,25473605@N00,45.766000,4.831833,,Yannick,43,20,27,11,2009,17,20,9,1,2010,,,
4260260800,25473605@N00,45.766000,4.831833,,Daniela,43,20,27,11,2009,16,20,9,1,2010,,,
4259503717,25473605@N00,45.766000,4.831833,,Sylvain,43,20,27,11,2009,16,20,9,1,2010,,,
4260258932,25473605@N00,45.766000,4.831833,,Sylvain,43,20,27,11,2009,16,20,9,1,2010,,,
4259501847,25473605@N00,45.766000,4.831833,,Jan,43,20,27,11,2009,15,20,9,1,2010,,,
4260257096,25473605@N00,45.764833,4.831333,,Héctor,42,20,27,11,2009,15,20,9,1,2010,,,
4259498629,25473605@N00,45.764833,4.831333,,João,42,20,27,11,2009,14,20,9,1,2010,,,
4260253828,25473605@N00,45.764833,4.831333,,Jan,42,20,27,11,2009,14,20,9,1,2010,,,
4260203470,25473605@N00,45.734833,4.839333,,Sérgio a lavar a loiça,37,21,18,9,2009,54,19,9,1,2010,,,
4259446431,25473605@N00,45.735333,4.838666,,Sérgio,37,21,18,9,2009,54,19,9,1,2010,,,
4260201408,25473605@N00,45.734833,4.839333,,Sérgio,37,21,18,9,2009,53,19,9,1,2010,,,
4259444213,25473605@N00,45.762166,4.856000,,Afoot,18,18,18,9,2009,53,19,9,1,2010,,,
4260200162,25473605@N00,45.762166,4.856000,,Tous les jours avant 23h :/,15,18,18,9,2009,53,19,9,1,2010,,,
4260199742,25473605@N00,45.762833,4.853666,,Lunch,4,17,18,9,2009,53,19,9,1,2010,,,
4260198842,25473605@N00,45.780166,4.871333,,Lunch,49,11,16,9,2009,52,19,9,1,2010,,,
4260197406,25473605@N00,45.764833,4.831500,,António @ Broc,48,23,8,9,2009,52,19,9,1,2010,,,
4260196874,25473605@N00,45.764833,4.831500,,Jean-Baptiste @ Broc,48,23,8,9,2009,52,19,9,1,2010,,,
4260196302,25473605@N00,45.764833,4.831500,,António @ Broc,48,23,8,9,2009,51,19,9,1,2010,,,
4259368137,9542509@N08,45.778097,4.854390,"snowflakes,leaf,bambooleaf",,55,14,9,1,2010,24,19,9,1,2010,,,
4260098572,45717618@N00,45.758872,4.867681,"cat,chat,billy",Billy,18,0,9,1,2010,14,19,9,1,2010,,,
4260094270,45792152@N00,45.767889,4.836387,"concert,opera,dj,lyon,instrument,groupe,bigband,2010,saxo,chanteuse,amphi,d60,répétition,grolektif,bigre,nrelax,marinepelligrini",Shining Bright Today,50,22,6,1,2010,13,19,9,1,2010,,,
4260093130,45792152@N00,45.767889,4.836387,"concert,opera,dj,lyon,instrument,groupe,bigband,2010,saxo,chanteuse,amphi,d60,répétition,grolektif,bigre,nrelax,marinepelligrini",Shining Bright Today,35,22,6,1,2010,12,19,9,1,2010,,,
4260087966,45792152@N00,45.767889,4.836387,"concert,opera,dj,lyon,instrument,groupe,bigband,2010,saxo,chanteuse,amphi,d60,répétition,grolektif,bigre,nrelax,marinepelligrini",Shining Bright Today,10,22,6,1,2010,11,19,9,1,2010,,,
4260086908,45792152@N00,45.767889,4.836387,"concert,opera,dj,lyon,instrument,groupe,bigband,2010,saxo,chanteuse,amphi,d60,répétition,grolektif,bigre,nrelax,marinepelligrini",Shining Bright Today,45,20,6,1,2010,10,19,9,1,2010,,,
4258928113,29605012@N04,45.761318,4.858016,"architecture,lyon",Prospettive da Lione - 1,7,14,31,12,2009,35,16,9,1,2010,,,
4259496530,40088092@N02,45.766153,4.837578,"white,snow,black,noir,lyon,neige,et,balnc",Lyon sous la neige,25,17,8,1,2010,11,15,9,1,2010,,,
4259495828,40088092@N02,45.763627,4.838436,"lyon,neige",Lyon sous la neige,1,17,8,1,2010,11,15,9,1,2010,,,
4259495300,40088092@N02,45.765524,4.838329,"white,noir,lyon,pont,neige,blanc",Lyon sous la neige,6,17,8,1,2010,10,15,9,1,2010,,,
4259105158,7759978@N04,45.764970,4.833533,"panorama,lyon,gothicarchitecture,hugin,presquile,eglisesaintnizier,saintnizierchurch",Eglise Saint-Nizier (side view),39,21,6,1,2010,3,11,9,1,2010,,,
4258879494,24380554@N05,45.751254,4.827416,"france,lyon,lione",brasserie,58,17,10,12,2009,6,8,9,1,2010,,,
4258877276,24380554@N05,45.751254,4.827416,"france,lyon,lione",chicche,53,17,10,12,2009,4,8,9,1,2010,,,
4258116883,24380554@N05,45.755766,4.830764,"france,lyon,lione",una gustosa partita,52,17,10,12,2009,2,8,9,1,2010,,,
4258114397,24380554@N05,45.755766,4.830764,"france,lyon,lione",slurp,52,17,10,12,2009,1,8,9,1,2010,,,
4258869740,24380554@N05,45.755766,4.830764,"france,lyon,lione",bonbons,51,17,10,12,2009,59,7,9,1,2010,,,
4258110985,24380554@N05,45.755766,4.830764,"france,lyon,lione",IMG_0517,50,17,10,12,2009,58,7,9,1,2010,,,
4258866532,24380554@N05,45.755766,4.830764,"france,lyon,lione",tamburino,44,17,10,12,2009,57,7,9,1,2010,,,
4258863624,24380554@N05,45.755766,4.830764,"france,lyon,lione",a spasso per lione,40,17,10,12,2009,55,7,9,1,2010,,,
4258860908,24380554@N05,45.755766,4.830764,"france,lyon,lione",a spasso per lione,38,17,10,12,2009,54,7,9,1,2010,,,
4258101365,24380554@N05,45.755766,4.830764,"france,lyon,lione",a spasso per lione,33,17,10,12,2009,52,7,9,1,2010,,,
4257498095,94328137@N00,45.760072,4.839278,"travel,ef35mmf2",IMG_6664,32,16,31,12,2009,54,1,9,1,2010,,,
4258256810,94328137@N00,45.760161,4.839786,"travel,ef35mmf2",IMG_6662,31,16,31,12,2009,54,1,9,1,2010,,,
4257497413,94328137@N00,45.760102,4.839876,"travel,ef35mmf2",IMG_6661,31,16,31,12,2009,54,1,9,1,2010,,,
4258255884,94328137@N00,45.759978,4.840060,"travel,ef35mmf2",IMG_6660,31,16,31,12,2009,54,1,9,1,2010,,,
4257496621,94328137@N00,45.762418,4.843390,"travel,ef35mmf2",IMG_6655,24,16,31,12,2009,54,1,9,1,2010,,,
4258255082,94328137@N00,45.760813,4.861004,"travel,ef35mmf2",IMG_6651,12,16,31,12,2009,53,1,9,1,2010,,,
4257495685,94328137@N00,45.760814,4.861003,"travel,ef35mmf2",IMG_6650,58,15,31,12,2009,53,1,9,1,2010,,,
4258254138,94328137@N00,45.760814,4.861003,"travel,ef35mmf2",IMG_6649,58,15,31,12,2009,53,1,9,1,2010,,,
4258253644,94328137@N00,45.760597,4.860201,"travel,ef35mmf2",IMG_6647,52,14,31,12,2009,53,1,9,1,2010,,,
4258053238,22765078@N07,45.775581,4.858424,"macro,butterfly,expo,lyon,darwin,papillon,dor,parc,tete,sebastiencheniclet",Expo Darwin-9,12,15,10,11,2009,13,0,9,1,2010,,,
4258050540,22765078@N07,45.775581,4.858424,"macro,butterfly,expo,lyon,darwin,papillon,dor,parc,tete,sebastiencheniclet",Expo Darwin-8,12,15,10,11,2009,12,0,9,1,2010,,,
4258047538,22765078@N07,45.775581,4.858424,"macro,butterfly,expo,lyon,darwin,papillon,dor,parc,tete,sebastiencheniclet",Expo Darwin-7,9,15,10,11,2009,10,0,9,1,2010,,,
4257287873,22765078@N07,45.775581,4.858424,"macro,butterfly,expo,lyon,darwin,papillon,dor,parc,tete,sebastiencheniclet",Expo Darwin-6,5,15,10,11,2009,10,0,9,1,2010,,,
4257285801,22765078@N07,45.775581,4.858424,"macro,butterfly,expo,lyon,darwin,papillon,dor,parc,tete,sebastiencheniclet",Expo Darwin-5,5,15,10,11,2009,9,0,9,1,2010,,,
4257282585,22765078@N07,45.775581,4.858424,"macro,butterfly,expo,lyon,darwin,papillon,dor,parc,tete,sebastiencheniclet",Expo Darwin-4,1,15,10,11,2009,7,0,9,1,2010,,,
4258038408,22765078@N07,45.775581,4.858424,"macro,butterfly,expo,lyon,darwin,papillon,dor,parc,tete,sebastiencheniclet",Expo Darwin-3,45,14,10,11,2009,6,0,9,1,2010,,,
4258035996,22765078@N07,45.775581,4.858424,"macro,butterfly,expo,lyon,darwin,papillon,dor,parc,tete,sebastiencheniclet",Expo Darwin-2,41,14,10,11,2009,5,0,9,1,2010,,,
4257889630,45717618@N00,45.758872,4.867681,"watches,bokeh,day11,lunettes,bokeh365",Bokeh - Day 11 : Saine lecture ...,19,0,9,1,2010,59,22,8,1,2010,,,
4256584007,77161041@N00,45.761318,4.834477,"blackandwhite,bw,noiretblanc,nb,canonef50mmf12lusm,canon5dmarkii,20100108",,59,13,8,1,2010,11,19,8,1,2010,,,
4256582433,77161041@N00,45.761168,4.834874,"canonef50mmf12lusm,canon5dmarkii,20100108",,56,13,8,1,2010,10,19,8,1,2010,,,
4257342408,77161041@N00,45.761318,4.834477,"blackandwhite,bw,lyon,noiretblanc,bokeh,nb,day8,canonef50mmf12lusm,bokeh365,canon5dmarkii,20100108",Day 8 : Sex Shop,58,13,8,1,2010,11,19,8,1,2010,,,
4256582107,77161041@N00,45.761168,4.834874,"canonef50mmf12lusm,canon5dmarkii,20100108",,56,13,8,1,2010,10,19,8,1,2010,,,
4257343330,77161041@N00,45.757571,4.834842,"bokeh,canonef50mmf12lusm,canon5dmarkii,20100108",Rue des Marronniers,32,12,8,1,2010,3,19,8,1,2010,,,
4256583005,77161041@N00,45.757571,4.834842,"bokeh,canonef50mmf12lusm,canon5dmarkii,20100108",Rue des Marronniers,48,13,8,1,2010,2,19,8,1,2010,,,
4256582777,77161041@N00,45.757571,4.834842,"bokeh,canonef50mmf12lusm,canon5dmarkii,20100108",Rue des Marronniers,48,13,8,1,2010,2,19,8,1,2010,,,
4265953947,12984605@N05,45.777393,4.843522,"france,lyon,festivaloflights,tictac,fêtedeslumières,redrain,bergesdurhône,pluierouge,light,night,lumière,nuit,ya,petergabriel,explore,frontpage,annedhuart,motion,mouvement,reflet,reflection,cof087,2009,©annedhuart,cof087mari,cof087dmnq,cof087unic,cof087ally,cof087fay2,cof087vpya,cof087uki",Red Rain,5,23,7,12,2009,45,18,8,1,2010,,,
4256461127,25473605@N00,45.736500,4.837938,,Chez moi,10,18,8,1,2010,10,18,8,1,2010,,,
4311891026,12984605@N05,45.767754,4.835427,"fêtedeslumières,festivaloflights,jouonsaveclestemps,letsplaywithtimeandtheweather,mariejeannegauthé,fabricechouillier,lyon,hôteldeville,courintérieure,2009,light,night,sculpture,woman,femme,goddess,déesse,lumière,nuit,laser,explore,2010,©annedhuart,annedhuart",Goddess of Light,53,20,8,12,2009,29,17,8,1,2010,,,
4225820340,71745485@N00,45.763496,4.858317,"sky,urban,france,building,tower,120,6x6,film,tour,lyon,kodak,pinhole,cobblestone,negative,ciel,portra,2009,zero2000,immeuble,zeroimage,urbain,pavé,400nc,sténopé,swisslife,caissedepargne,toursuisse,sociétésuisse,touroxygène,200912,spéculationpicturale",Virtucality,0,0,1,12,2009,50,11,8,1,2010,,,
4254526403,45717618@N00,45.768735,4.835422,"bokeh,alcool,day10,jeudi,apero,barberousse,bokeh365",Bokeh - Day 10 : Curacacha !,34,0,8,1,2010,51,23,7,1,2010,,,
4254634346,45557554@N04,45.763563,4.878702,"bridge,urban,silhouette,digital,soleil,photo,fuji,foto,lyon,photos,images,iso,nicolas,finepix,asa,nuages,toit,numérique,grue,urbain,urbanisme,cliché,photographe,villeurbanne,clichés,chalvet,s6500fd,caneos87,caneos87yahoofr",Coucher de soleil,0,20,29,4,2007,15,19,7,1,2010,,,
4253798793,12984605@N05,45.770449,4.840550,"tictaclanuitdestemps,mimetictac,8décembre2009,fêtedeslumières,festivaloflights,bergesdurhône,lyon,france,light,lumière,night,nuit,ya,2010,abstraction,©annedhuart,intertwining,entrelacs,annedhuart",Mimetic-tac,29,17,4,12,2009,45,18,7,1,2010,,,
4253669211,36525065@N02,45.758006,4.909751,sourire,Monsieur & Madame,34,16,12,2,2009,49,17,7,1,2010,,,
4253969598,26761162@N00,45.773418,4.851687,,DSC00496,52,12,7,1,2010,8,14,7,1,2010,,,
4253470014,40292313@N08,45.751676,4.853811,"nuit,flou",Il commence à neiger sur Lyon,46,19,18,12,2009,58,7,7,1,2010,,,
4252642895,97211956@N00,45.745169,4.871491,"subway,lumière,dailypicture,monplaisir",Monplaisir-Lumière,3,16,22,11,2009,20,7,7,1,2010,,,
4252313776,45717618@N00,45.763675,4.870226,"snow,bokeh,moto,day9,bokeh365",Bokeh - Day 9 : Motard,28,10,5,1,2010,37,22,6,1,2010,,,
4252200862,7759978@N04,45.764720,4.833050,"panorama,lyon,hdr,highdynamicrange,façade,gothicarchitecture,hugin,presquile,tonemapping,eglisesaintnizier,saintnizierchurch",Eglise Saint-Nizier (façade),12,21,6,1,2010,52,21,6,1,2010,,,
4251287109,38806112@N05,45.759458,4.848124,"lyon,comingsoon,dionysos,boursedutravail","Coming Soon : Bourse du Travail, Lyon - 06.10.2009",0,20,6,10,2009,57,20,6,1,2010,,,
4250588323,77161041@N00,45.785339,4.886791,"graveyard,lyon,bokeh,tomb,tombstone,tombe,cimetière,villeurbanne,canonef50mmf12lusm,canon5dmarkii,20100106",in memoriam,5,15,6,1,2010,22,16,6,1,2010,,,
4251306946,77161041@N00,45.785339,4.886791,"winter,shadow,snow,graveyard,bokeh,tomb,tombstone,ombre,neige,worldwar,tombe,cimetière,hivers,canonef50mmf12lusm,bokeh365,canon5dmarkii,20100106",Day 6 : Acts remain,4,15,6,1,2010,58,15,6,1,2010,,,
4250450427,22886754@N04,45.759656,4.837685,"trees,sky,france,nature,clouds,lyon,ciel,arbres,nuages,ville,2010,rania,france2010",R.25.12.09-15-Lyon,11,16,24,12,2009,21,15,6,1,2010,,,
4251140094,25927171@N08,45.759689,4.829613,"street,light,white,david,black,france,love,water,night,river,photography,kiss,couple,eau,europe,noir,lyon,fuck,lumière,finger,candid,salute,doigt,amour,lover,nuit,blanc,2009,tang,cathedrale,amoureux,fleuve,basilique,fourviere,saone,dhonneur,embrasser,doigtdhonneur,fingersalute",,36,23,8,12,2009,41,14,6,1,2010,,,
4250764452,45454196@N02,45.764184,4.836366,"animal,bizarre",Serpentaire ou secrétaire,48,10,6,1,2010,48,10,6,1,2010,,,
4250637990,45454196@N02,45.764184,4.836366,"animal,bizarre",Phyllie géante,17,9,6,1,2010,17,9,6,1,2010,,,
4250637986,45454196@N02,45.764184,4.836366,"animal,bizarre,guêpierdeurope",Guêpier d'Europe,17,9,6,1,2010,17,9,6,1,2010,,,
4250575554,40292313@N08,45.784355,4.881770,"perspective,ciel,batiment",Un matin à la Doua,2,9,17,12,2009,32,8,6,1,2010,,,
4249798179,45454196@N02,45.764184,4.836366,"animal,bizarre",Trilobite Drotops,29,8,6,1,2010,29,8,6,1,2010,,,
4249798185,45454196@N02,45.764184,4.836366,"animal,bizarre,harfangdesneiges",Harfang des neiges,29,8,6,1,2010,29,8,6,1,2010,,,
4249798171,45454196@N02,45.764184,4.836366,"animal,bizarre,chevaliercombattant",Chevalier combattant,29,8,6,1,2010,29,8,6,1,2010,,,
4249798175,45454196@N02,45.764184,4.836366,"animal,bizarre",Diodon ou poisson hérisson,29,8,6,1,2010,29,8,6,1,2010,,,
4249798181,45454196@N02,45.764184,4.836366,"animal,bizarre",Fennec ou renard des sables,29,8,6,1,2010,29,8,6,1,2010,,,
4250448826,97211956@N00,45.742730,4.877672,"cinema,wall,paint,dailypicture",Louis Lumière,50,15,22,11,2009,16,7,6,1,2010,,,
4249641922,13453036@N02,45.778355,4.877865,"white,snow,france,lyon,neige,blanc,villeurbanne,paysageurbain",Surprise en blanc,1,10,4,1,2010,12,1,6,1,2010,,,
4248608463,62051585@N00,45.756630,4.851740,"apple,mac,geek,pomme",,20,23,5,1,2010,21,23,5,1,2010,,,
4249267456,45717618@N00,45.740648,4.888057,"snow,bokeh,neige,day7,bokeh365",Bokeh - Day 8 : Koicédonc ?,44,21,5,1,2010,34,22,5,1,2010,,,
4248326239,16173245@N00,45.754955,4.857555,"snow,ecology,canon,lyon,bokeh,adobe,l,service,neige,12,objet,libre,velo,lightroom,f12,ecologie,velov,wwwsimontremblayfr,tropclassiquelaphotodevelov,tropflickrlaphotodevelov,jaiungrosobjectif",Snow on Bikes,59,13,4,1,2010,31,21,5,1,2010,,,
4249000210,22583865@N02,45.718615,4.793064,"nikon,2009,105mmf28gvrmicro,d700,thedigitalfly,bokeh365,lotfidakhli,avecdesbandes",Nose On The Floor 2.00,28,14,31,12,2009,52,20,5,1,2010,,,
4247968921,22886754@N04,45.745021,4.846440,"france,gris,nikon,hand,lyon,body,cigarette,main,wb,nb,blanch,2010,noire,fumée,rania,hatem,d90,nikond90,france2010",R.04.01.10-9-Lyon,46,10,3,1,2010,12,19,5,1,2010,,,
4247993512,26761162@N00,45.773203,4.853725,,DSC00494,7,13,5,1,2010,57,13,5,1,2010,,,
4245909170,38806112@N05,45.784000,4.860666,"concert,lyon,m,villeurbanne,transbordeur,cyrilatef,matthieuchédid","-M- : Transbordeur, Villeurbanne - 05.11.2009",0,21,6,11,2009,59,21,4,1,2010,,,
4245640574,36691018@N06,45.761881,4.826961,"street,city,snow,france,town,lyon,neige,rue,ville",Lyon sous la neige,2,11,4,1,2010,24,20,4,1,2010,,,
4244830525,26048905@N06,45.749101,4.826562,"bug,lyon,perrache",DSC_2342,54,13,3,1,2010,11,20,4,1,2010,,,
4245604560,26048905@N06,45.747963,4.826122,"blackwhite,lyon,perrache,quais",DSC_2337,51,13,3,1,2010,11,20,4,1,2010,,,
4244829769,26048905@N06,45.747963,4.826122,"blackwhite,lyon,perrache,quais",DSC_2326,50,13,3,1,2010,11,20,4,1,2010,,,
4244798495,14669387@N04,45.770000,4.830278,"urban,art,angel,heart,lyon,graph,comments",angel heart comments,35,16,4,1,2010,59,19,4,1,2010,,,
4244798045,14669387@N04,45.771111,4.831667,"wine,lyon,vin",Vin Cho / Hot Wine?,42,16,4,1,2010,59,19,4,1,2010,,,
4245571846,14669387@N04,45.771111,4.831667,"urban,art,lyon,graph,beatles",The Beatles,41,16,4,1,2010,59,19,4,1,2010,,,
4245571304,14669387@N04,45.770000,4.830278,"urban,art,angel,heart,lyon,graph",angel heart,35,16,4,1,2010,58,19,4,1,2010,,,
4249798187,45454196@N02,45.764184,4.836366,"animal,bizarre,makicatta",Maki catta,29,8,6,1,2010,29,8,6,1,2010,,,
4245570708,14669387@N04,45.770000,4.830278,"snow,ice",icy snow,34,16,4,1,2010,58,19,4,1,2010,,,
4244795577,14669387@N04,45.770000,4.830278,snow,snow in jail,33,16,4,1,2010,58,19,4,1,2010,,,
4244795217,14669387@N04,45.770000,4.830278,"snow,tree,lyon",tree,32,16,4,1,2010,58,19,4,1,2010,,,
4244794807,14669387@N04,45.771389,4.830556,"snow,plant",snow close,22,1,4,1,2010,58,19,4,1,2010,,,
4244794267,14669387@N04,45.771389,4.830556,"bw,white,black,girl,cigarette,smoke",smokin',37,19,3,1,2010,58,19,4,1,2010,,,
4245565300,36691018@N06,45.766469,4.833902,"street,city,snow,france,town,lyon,neige,rue,ville",Lyon sous la neige,16,10,4,1,2010,56,19,4,1,2010,,,
4245556716,36691018@N06,45.766469,4.833902,"street,city,snow,france,town,lyon,neige,rue,ville",Lyon sous la neige,14,10,4,1,2010,53,19,4,1,2010,,,
4245549504,36691018@N06,45.766874,4.833495,"street,city,snow,france,town,lyon,neige,rue,ville",Lyon sous la neige,12,10,4,1,2010,51,19,4,1,2010,,,
4245543458,36691018@N06,45.767397,4.834922,"street,city,blackandwhite,bw,snow,france,town,lyon,noiretblanc,nb,best,neige,rue,ville",Lyon sous la neige,9,10,4,1,2010,48,19,4,1,2010,,,
4244761777,36691018@N06,45.767749,4.836349,"street,city,snow,france,town,lyon,neige,rue,ville",Lyon sous la neige,4,10,4,1,2010,46,19,4,1,2010,,,
4245328800,40936370@N00,45.837448,4.826248,"portrait,sculpture,snow,streetart,france,art,mystery,museum,architecture,painting,graffiti,ruins,rawart,outsiderart,chaos,symbol,contemporaryart,secret,911,apocalypse,taz,peinture,container,freemasonry,anarchy,neige,artbrut,ddc,sanctuary,worldwar,bombing,mystic,cyberpunk,landart,devastation,alchemy,destroy,modernsculpture,prophecy,999,vanitas,endoftheworld,sanctuaire,dadaisme,artprice,salamanderspirit,organmuseum,saintromainaumontdor,demeureduchaos,thierryehrmann,alchimie,artsingulier,prophétie,abodeofchaos,facteurcheval,palaisideal,postapocalyptique,maisondartiste,artistshouses,sculpturemoderne,francmaconnerie,blackswantheory,gesamtkuntwerk,groupeserveur,lespritdelasalamandre,crashculture,oeuvreaublanc,internetactivist,servergroup",Oeuvre au blanc - P1020536,57,10,4,1,2010,28,18,4,1,2010,,,
4244554007,40936370@N00,45.837448,4.826248,"portrait,sculpture,snow,streetart,france,art,mystery,museum,architecture,painting,graffiti,ruins,rawart,outsiderart,chaos,symbol,contemporaryart,secret,911,apocalypse,taz,peinture,container,freemasonry,anarchy,neige,artbrut,ddc,sanctuary,worldwar,bombing,mystic,cyberpunk,landart,devastation,alchemy,destroy,modernsculpture,prophecy,999,vanitas,endoftheworld,sanctuaire,dadaisme,artprice,salamanderspirit,organmuseum,saintromainaumontdor,demeureduchaos,thierryehrmann,alchimie,artsingulier,prophétie,abodeofchaos,facteurcheval,palaisideal,postapocalyptique,maisondartiste,artistshouses,sculpturemoderne,francmaconnerie,blackswantheory,gesamtkuntwerk,groupeserveur,lespritdelasalamandre,crashculture,oeuvreaublanc,internetactivist,servergroup",Oeuvre au blanc - P1020535,55,10,4,1,2010,28,18,4,1,2010,,,
4244553955,40936370@N00,45.837448,4.826248,"portrait,sculpture,snow,streetart,france,art,mystery,museum,architecture,painting,graffiti,ruins,rawart,outsiderart,chaos,symbol,contemporaryart,secret,911,apocalypse,taz,peinture,container,freemasonry,anarchy,neige,artbrut,ddc,sanctuary,worldwar,bombing,mystic,cyberpunk,landart,devastation,alchemy,destroy,modernsculpture,prophecy,999,vanitas,endoftheworld,sanctuaire,dadaisme,artprice,salamanderspirit,organmuseum,saintromainaumontdor,demeureduchaos,thierryehrmann,alchimie,artsingulier,prophétie,abodeofchaos,facteurcheval,palaisideal,postapocalyptique,maisondartiste,artistshouses,sculpturemoderne,francmaconnerie,blackswantheory,gesamtkuntwerk,groupeserveur,lespritdelasalamandre,crashculture,oeuvreaublanc,internetactivist,servergroup",Oeuvre au blanc - P1020534,55,10,4,1,2010,28,18,4,1,2010,,,
4244553897,40936370@N00,45.837448,4.826248,"portrait,sculpture,snow,streetart,france,art,mystery,museum,architecture,painting,graffiti,ruins,rawart,outsiderart,chaos,symbol,contemporaryart,secret,911,apocalypse,taz,peinture,container,freemasonry,anarchy,neige,artbrut,ddc,sanctuary,worldwar,bombing,mystic,cyberpunk,landart,devastation,alchemy,destroy,modernsculpture,prophecy,999,vanitas,endoftheworld,sanctuaire,dadaisme,artprice,salamanderspirit,organmuseum,saintromainaumontdor,demeureduchaos,thierryehrmann,alchimie,artsingulier,prophétie,abodeofchaos,facteurcheval,palaisideal,postapocalyptique,maisondartiste,artistshouses,sculpturemoderne,francmaconnerie,blackswantheory,gesamtkuntwerk,groupeserveur,lespritdelasalamandre,crashculture,oeuvreaublanc,internetactivist,servergroup",Oeuvre au blanc - P1020532,53,10,4,1,2010,28,18,4,1,2010,,,
4244553805,40936370@N00,45.837448,4.826248,"portrait,sculpture,snow,streetart,france,art,mystery,museum,architecture,painting,graffiti,ruins,rawart,outsiderart,chaos,symbol,contemporaryart,secret,911,apocalypse,taz,peinture,container,freemasonry,anarchy,neige,artbrut,ddc,sanctuary,worldwar,bombing,mystic,cyberpunk,landart,devastation,alchemy,destroy,modernsculpture,prophecy,999,vanitas,endoftheworld,sanctuaire,dadaisme,artprice,salamanderspirit,organmuseum,saintromainaumontdor,demeureduchaos,thierryehrmann,alchimie,artsingulier,prophétie,abodeofchaos,facteurcheval,palaisideal,postapocalyptique,maisondartiste,artistshouses,sculpturemoderne,francmaconnerie,blackswantheory,gesamtkuntwerk,groupeserveur,lespritdelasalamandre,crashculture,oeuvreaublanc,internetactivist,servergroup",Oeuvre au blanc - P1020531,53,10,4,1,2010,28,18,4,1,2010,,,
4244553739,40936370@N00,45.837448,4.826248,"portrait,sculpture,snow,streetart,france,art,mystery,museum,architecture,painting,graffiti,ruins,rawart,outsiderart,chaos,symbol,contemporaryart,secret,911,apocalypse,taz,peinture,container,freemasonry,anarchy,neige,artbrut,ddc,sanctuary,worldwar,bombing,mystic,cyberpunk,landart,devastation,alchemy,destroy,modernsculpture,prophecy,999,vanitas,endoftheworld,sanctuaire,dadaisme,artprice,salamanderspirit,organmuseum,saintromainaumontdor,demeureduchaos,thierryehrmann,alchimie,artsingulier,prophétie,abodeofchaos,facteurcheval,palaisideal,postapocalyptique,maisondartiste,artistshouses,sculpturemoderne,francmaconnerie,blackswantheory,gesamtkuntwerk,groupeserveur,lespritdelasalamandre,crashculture,oeuvreaublanc,internetactivist,servergroup",Oeuvre au blanc - P1020530,52,10,4,1,2010,28,18,4,1,2010,,,
4244553675,40936370@N00,45.837448,4.826248,"portrait,sculpture,snow,streetart,france,art,mystery,museum,architecture,painting,graffiti,ruins,rawart,outsiderart,chaos,symbol,contemporaryart,secret,911,apocalypse,taz,peinture,container,freemasonry,anarchy,neige,artbrut,ddc,sanctuary,worldwar,bombing,mystic,cyberpunk,landart,devastation,alchemy,destroy,modernsculpture,prophecy,999,vanitas,endoftheworld,sanctuaire,dadaisme,artprice,salamanderspirit,organmuseum,saintromainaumontdor,demeureduchaos,thierryehrmann,alchimie,artsingulier,prophétie,abodeofchaos,facteurcheval,palaisideal,postapocalyptique,maisondartiste,artistshouses,sculpturemoderne,francmaconnerie,blackswantheory,gesamtkuntwerk,groupeserveur,lespritdelasalamandre,crashculture,oeuvreaublanc,internetactivist,servergroup",Oeuvre au blanc - P1020529,52,10,4,1,2010,28,18,4,1,2010,,,
4244553581,40936370@N00,45.837448,4.826248,"portrait,sculpture,snow,streetart,france,art,mystery,museum,architecture,painting,graffiti,ruins,rawart,outsiderart,chaos,symbol,contemporaryart,secret,911,apocalypse,taz,peinture,container,freemasonry,anarchy,neige,artbrut,ddc,sanctuary,worldwar,bombing,mystic,cyberpunk,landart,devastation,alchemy,destroy,modernsculpture,prophecy,999,vanitas,endoftheworld,sanctuaire,dadaisme,artprice,salamanderspirit,organmuseum,saintromainaumontdor,demeureduchaos,thierryehrmann,alchimie,artsingulier,prophétie,abodeofchaos,facteurcheval,palaisideal,postapocalyptique,maisondartiste,artistshouses,sculpturemoderne,francmaconnerie,blackswantheory,gesamtkuntwerk,groupeserveur,lespritdelasalamandre,crashculture,oeuvreaublanc,internetactivist,servergroup",Oeuvre au blanc - P1020528,51,10,4,1,2010,28,18,4,1,2010,,,
4244553523,40936370@N00,45.837448,4.826248,"portrait,sculpture,snow,streetart,france,art,mystery,museum,architecture,painting,graffiti,ruins,rawart,outsiderart,chaos,symbol,contemporaryart,secret,911,apocalypse,taz,peinture,container,freemasonry,anarchy,neige,artbrut,ddc,sanctuary,worldwar,bombing,mystic,cyberpunk,landart,devastation,alchemy,destroy,modernsculpture,prophecy,999,vanitas,endoftheworld,sanctuaire,dadaisme,artprice,salamanderspirit,organmuseum,saintromainaumontdor,demeureduchaos,thierryehrmann,alchimie,artsingulier,prophétie,abodeofchaos,facteurcheval,palaisideal,postapocalyptique,maisondartiste,artistshouses,sculpturemoderne,francmaconnerie,blackswantheory,gesamtkuntwerk,groupeserveur,lespritdelasalamandre,crashculture,oeuvreaublanc,internetactivist,servergroup",Oeuvre au blanc - P1020526,50,10,4,1,2010,28,18,4,1,2010,,,
4245328172,40936370@N00,45.837448,4.826248,"portrait,sculpture,snow,streetart,france,art,mystery,museum,architecture,painting,graffiti,ruins,rawart,outsiderart,chaos,symbol,contemporaryart,secret,911,apocalypse,taz,peinture,container,freemasonry,anarchy,neige,artbrut,ddc,sanctuary,worldwar,bombing,mystic,cyberpunk,landart,devastation,alchemy,destroy,modernsculpture,prophecy,999,vanitas,endoftheworld,sanctuaire,dadaisme,artprice,salamanderspirit,organmuseum,saintromainaumontdor,demeureduchaos,thierryehrmann,alchimie,artsingulier,prophétie,abodeofchaos,facteurcheval,palaisideal,postapocalyptique,maisondartiste,artistshouses,sculpturemoderne,francmaconnerie,blackswantheory,gesamtkuntwerk,groupeserveur,lespritdelasalamandre,crashculture,oeuvreaublanc,internetactivist,servergroup",Oeuvre au blanc - P1020525,50,10,4,1,2010,28,18,4,1,2010,,,
4244553381,40936370@N00,45.837448,4.826248,"portrait,sculpture,snow,streetart,france,art,mystery,museum,architecture,painting,graffiti,ruins,rawart,outsiderart,chaos,symbol,contemporaryart,secret,911,apocalypse,taz,peinture,container,freemasonry,anarchy,neige,artbrut,ddc,sanctuary,worldwar,bombing,mystic,cyberpunk,landart,devastation,alchemy,destroy,modernsculpture,prophecy,999,vanitas,endoftheworld,sanctuaire,dadaisme,artprice,salamanderspirit,organmuseum,saintromainaumontdor,demeureduchaos,thierryehrmann,alchimie,artsingulier,prophétie,abodeofchaos,facteurcheval,palaisideal,postapocalyptique,maisondartiste,artistshouses,sculpturemoderne,francmaconnerie,blackswantheory,gesamtkuntwerk,groupeserveur,lespritdelasalamandre,crashculture,oeuvreaublanc,internetactivist,servergroup",Oeuvre au blanc - P1020524,50,10,4,1,2010,28,18,4,1,2010,,,
4244553303,40936370@N00,45.837448,4.826248,"portrait,sculpture,snow,streetart,france,art,mystery,museum,architecture,painting,graffiti,ruins,rawart,outsiderart,chaos,symbol,contemporaryart,secret,911,apocalypse,taz,peinture,container,freemasonry,anarchy,neige,artbrut,ddc,sanctuary,worldwar,bombing,mystic,cyberpunk,landart,devastation,alchemy,destroy,modernsculpture,prophecy,999,vanitas,endoftheworld,sanctuaire,dadaisme,artprice,salamanderspirit,organmuseum,saintromainaumontdor,demeureduchaos,thierryehrmann,alchimie,artsingulier,prophétie,abodeofchaos,facteurcheval,palaisideal,postapocalyptique,maisondartiste,artistshouses,sculpturemoderne,francmaconnerie,blackswantheory,gesamtkuntwerk,groupeserveur,lespritdelasalamandre,crashculture,oeuvreaublanc,internetactivist,servergroup",Oeuvre au blanc - P1020523,49,10,4,1,2010,28,18,4,1,2010,,,
4245327946,40936370@N00,45.837448,4.826248,"portrait,sculpture,snow,streetart,france,art,mystery,museum,architecture,painting,graffiti,ruins,rawart,outsiderart,chaos,symbol,contemporaryart,secret,911,apocalypse,taz,peinture,container,freemasonry,anarchy,neige,artbrut,ddc,sanctuary,worldwar,bombing,mystic,cyberpunk,landart,devastation,alchemy,destroy,modernsculpture,prophecy,999,vanitas,endoftheworld,sanctuaire,dadaisme,artprice,salamanderspirit,organmuseum,saintromainaumontdor,demeureduchaos,thierryehrmann,alchimie,artsingulier,prophétie,abodeofchaos,facteurcheval,palaisideal,postapocalyptique,maisondartiste,artistshouses,sculpturemoderne,francmaconnerie,blackswantheory,gesamtkuntwerk,groupeserveur,lespritdelasalamandre,crashculture,oeuvreaublanc,internetactivist,servergroup",Oeuvre au blanc - P1020521,49,10,4,1,2010,28,18,4,1,2010,,,
4244553145,40936370@N00,45.837448,4.826248,"portrait,sculpture,snow,streetart,france,art,mystery,museum,architecture,painting,graffiti,ruins,rawart,outsiderart,chaos,symbol,contemporaryart,secret,911,apocalypse,taz,peinture,container,freemasonry,anarchy,neige,artbrut,ddc,sanctuary,worldwar,bombing,mystic,cyberpunk,landart,devastation,alchemy,destroy,modernsculpture,prophecy,999,vanitas,endoftheworld,sanctuaire,dadaisme,artprice,salamanderspirit,organmuseum,saintromainaumontdor,demeureduchaos,thierryehrmann,alchimie,artsingulier,prophétie,abodeofchaos,facteurcheval,palaisideal,postapocalyptique,maisondartiste,artistshouses,sculpturemoderne,francmaconnerie,blackswantheory,gesamtkuntwerk,groupeserveur,lespritdelasalamandre,crashculture,oeuvreaublanc,internetactivist,servergroup",Oeuvre au blanc - P1020520,49,10,4,1,2010,28,18,4,1,2010,,,
4245327778,40936370@N00,45.837448,4.826248,"portrait,sculpture,snow,streetart,france,art,mystery,museum,architecture,painting,graffiti,ruins,rawart,outsiderart,chaos,symbol,contemporaryart,secret,911,apocalypse,taz,peinture,container,freemasonry,anarchy,neige,artbrut,ddc,sanctuary,worldwar,bombing,mystic,cyberpunk,landart,devastation,alchemy,destroy,modernsculpture,prophecy,999,vanitas,endoftheworld,sanctuaire,dadaisme,artprice,salamanderspirit,organmuseum,saintromainaumontdor,demeureduchaos,thierryehrmann,alchimie,artsingulier,prophétie,abodeofchaos,facteurcheval,palaisideal,postapocalyptique,maisondartiste,artistshouses,sculpturemoderne,francmaconnerie,blackswantheory,gesamtkuntwerk,groupeserveur,lespritdelasalamandre,crashculture,oeuvreaublanc,internetactivist,servergroup",Oeuvre au blanc - P1020519,48,10,4,1,2010,28,18,4,1,2010,,,
4245327706,40936370@N00,45.837448,4.826248,"portrait,sculpture,snow,streetart,france,art,mystery,museum,architecture,painting,graffiti,ruins,rawart,outsiderart,chaos,symbol,contemporaryart,secret,911,apocalypse,taz,peinture,container,freemasonry,anarchy,neige,artbrut,ddc,sanctuary,worldwar,bombing,mystic,cyberpunk,landart,devastation,alchemy,destroy,modernsculpture,prophecy,999,vanitas,endoftheworld,sanctuaire,dadaisme,artprice,salamanderspirit,organmuseum,saintromainaumontdor,demeureduchaos,thierryehrmann,alchimie,artsingulier,prophétie,abodeofchaos,facteurcheval,palaisideal,postapocalyptique,maisondartiste,artistshouses,sculpturemoderne,francmaconnerie,blackswantheory,gesamtkuntwerk,groupeserveur,lespritdelasalamandre,crashculture,oeuvreaublanc,internetactivist,servergroup",Oeuvre au blanc - P1020518,48,10,4,1,2010,28,18,4,1,2010,,,
4244552743,40936370@N00,45.837448,4.826248,"portrait,sculpture,snow,streetart,france,art,mystery,museum,architecture,painting,graffiti,ruins,rawart,outsiderart,chaos,symbol,contemporaryart,secret,911,apocalypse,taz,peinture,container,freemasonry,anarchy,neige,artbrut,ddc,sanctuary,worldwar,bombing,mystic,cyberpunk,landart,devastation,alchemy,destroy,modernsculpture,prophecy,999,vanitas,endoftheworld,sanctuaire,dadaisme,artprice,salamanderspirit,organmuseum,saintromainaumontdor,demeureduchaos,thierryehrmann,alchimie,artsingulier,prophétie,abodeofchaos,facteurcheval,palaisideal,postapocalyptique,maisondartiste,artistshouses,sculpturemoderne,francmaconnerie,blackswantheory,gesamtkuntwerk,groupeserveur,lespritdelasalamandre,crashculture,oeuvreaublanc,internetactivist,servergroup",Oeuvre au blanc - P1020516,47,10,4,1,2010,28,18,4,1,2010,,,
4245327430,40936370@N00,45.837448,4.826248,"portrait,sculpture,snow,streetart,france,art,mystery,museum,architecture,painting,graffiti,ruins,rawart,outsiderart,chaos,symbol,contemporaryart,secret,911,apocalypse,taz,peinture,container,freemasonry,anarchy,neige,artbrut,ddc,sanctuary,worldwar,bombing,mystic,cyberpunk,landart,devastation,alchemy,destroy,modernsculpture,prophecy,999,vanitas,endoftheworld,sanctuaire,dadaisme,artprice,salamanderspirit,organmuseum,saintromainaumontdor,demeureduchaos,thierryehrmann,alchimie,artsingulier,prophétie,abodeofchaos,facteurcheval,palaisideal,postapocalyptique,maisondartiste,artistshouses,sculpturemoderne,francmaconnerie,blackswantheory,gesamtkuntwerk,groupeserveur,lespritdelasalamandre,crashculture,oeuvreaublanc,internetactivist,servergroup",Oeuvre au blanc - P1020515,46,10,4,1,2010,28,18,4,1,2010,,,
4245327334,40936370@N00,45.837448,4.826248,"portrait,sculpture,snow,streetart,france,art,mystery,museum,architecture,painting,graffiti,ruins,rawart,outsiderart,chaos,symbol,contemporaryart,secret,911,apocalypse,taz,peinture,container,freemasonry,anarchy,neige,artbrut,ddc,sanctuary,worldwar,bombing,mystic,cyberpunk,landart,devastation,alchemy,destroy,modernsculpture,prophecy,999,vanitas,endoftheworld,sanctuaire,dadaisme,artprice,salamanderspirit,organmuseum,saintromainaumontdor,demeureduchaos,thierryehrmann,alchimie,artsingulier,prophétie,abodeofchaos,facteurcheval,palaisideal,postapocalyptique,maisondartiste,artistshouses,sculpturemoderne,francmaconnerie,blackswantheory,gesamtkuntwerk,groupeserveur,lespritdelasalamandre,crashculture,oeuvreaublanc,internetactivist,servergroup",Oeuvre au blanc - P1020514,45,10,4,1,2010,28,18,4,1,2010,,,
4245327120,40936370@N00,45.837448,4.826248,"portrait,sculpture,snow,streetart,france,art,mystery,museum,architecture,painting,graffiti,ruins,rawart,outsiderart,chaos,symbol,contemporaryart,secret,911,apocalypse,taz,peinture,container,freemasonry,anarchy,neige,artbrut,ddc,sanctuary,worldwar,bombing,mystic,cyberpunk,landart,devastation,alchemy,destroy,modernsculpture,prophecy,999,vanitas,endoftheworld,sanctuaire,dadaisme,artprice,salamanderspirit,organmuseum,saintromainaumontdor,demeureduchaos,thierryehrmann,alchimie,artsingulier,prophétie,abodeofchaos,facteurcheval,palaisideal,postapocalyptique,maisondartiste,artistshouses,sculpturemoderne,francmaconnerie,blackswantheory,gesamtkuntwerk,groupeserveur,lespritdelasalamandre,crashculture,oeuvreaublanc,internetactivist,servergroup",Oeuvre au blanc - P1020512,42,10,4,1,2010,28,18,4,1,2010,,,
4244552295,40936370@N00,45.837448,4.826248,"portrait,sculpture,snow,streetart,france,art,mystery,museum,architecture,painting,graffiti,ruins,rawart,outsiderart,chaos,symbol,contemporaryart,secret,911,apocalypse,taz,peinture,container,freemasonry,anarchy,neige,artbrut,ddc,sanctuary,worldwar,bombing,mystic,cyberpunk,landart,devastation,alchemy,destroy,modernsculpture,prophecy,999,vanitas,endoftheworld,sanctuaire,dadaisme,artprice,salamanderspirit,organmuseum,saintromainaumontdor,demeureduchaos,thierryehrmann,alchimie,artsingulier,prophétie,abodeofchaos,facteurcheval,palaisideal,postapocalyptique,maisondartiste,artistshouses,sculpturemoderne,francmaconnerie,blackswantheory,gesamtkuntwerk,groupeserveur,lespritdelasalamandre,crashculture,oeuvreaublanc,internetactivist,servergroup",Oeuvre au blanc - P1020511,41,10,4,1,2010,28,18,4,1,2010,,,
4245326906,40936370@N00,45.837448,4.826248,"portrait,sculpture,snow,streetart,france,art,mystery,museum,architecture,painting,graffiti,ruins,rawart,outsiderart,chaos,symbol,contemporaryart,secret,911,apocalypse,taz,peinture,container,freemasonry,anarchy,neige,artbrut,ddc,sanctuary,worldwar,bombing,mystic,cyberpunk,landart,devastation,alchemy,destroy,modernsculpture,prophecy,999,vanitas,endoftheworld,sanctuaire,dadaisme,artprice,salamanderspirit,organmuseum,saintromainaumontdor,demeureduchaos,thierryehrmann,alchimie,artsingulier,prophétie,abodeofchaos,facteurcheval,palaisideal,postapocalyptique,maisondartiste,artistshouses,sculpturemoderne,francmaconnerie,blackswantheory,gesamtkuntwerk,groupeserveur,lespritdelasalamandre,crashculture,oeuvreaublanc,internetactivist,servergroup",Oeuvre au blanc - P1020510,41,10,4,1,2010,28,18,4,1,2010,,,
4245326828,40936370@N00,45.837448,4.826248,"portrait,sculpture,snow,streetart,france,art,mystery,museum,architecture,painting,graffiti,ruins,rawart,outsiderart,chaos,symbol,contemporaryart,secret,911,apocalypse,taz,peinture,container,freemasonry,anarchy,neige,artbrut,ddc,sanctuary,worldwar,bombing,mystic,cyberpunk,landart,devastation,alchemy,destroy,modernsculpture,prophecy,999,vanitas,endoftheworld,sanctuaire,dadaisme,artprice,salamanderspirit,organmuseum,saintromainaumontdor,demeureduchaos,thierryehrmann,alchimie,artsingulier,prophétie,abodeofchaos,facteurcheval,palaisideal,postapocalyptique,maisondartiste,artistshouses,sculpturemoderne,francmaconnerie,blackswantheory,gesamtkuntwerk,groupeserveur,lespritdelasalamandre,crashculture,oeuvreaublanc,internetactivist,servergroup",Oeuvre au blanc - P1020509,37,10,4,1,2010,28,18,4,1,2010,,,
4244551957,40936370@N00,45.837448,4.826248,"oeuvreaublanc,neige,abodeofchaos,chaos,lespritdelasalamandre,salamanderspirit,demeureduchaos,thierryehrmann,ddc,999,groupeserveur,taz,organmuseum,servergroup,facteurcheval,palaisideal,sanctuaire,sanctuary,artprice,portrait,painting,peinture,france,museum,sculpture,architecture,maisondartiste,art,artistshouses,streetart,sculpturemoderne,modernsculpture,secret,alchimie,alchemy,landart,artbrut,artsingulier,rawart,symbol,911,contemporaryart,apocalypse,postapocalyptique,cyberpunk,graffiti,vanitas,ruins,prophecy,prophétie,container,dadaisme,outsiderart,mystery,francmaconnerie,endoftheworld,saintromainaumontdor,gesamtkuntwerk,mystic,destroy,bombing,internetactivist,crashculture,devastation,worldwar,anarchy,blackswantheory,snow,freemasonry",Oeuvre au blanc - P1020507,36,10,4,1,2010,28,18,4,1,2010,,,
4244551863,40936370@N00,45.837448,4.826248,"portrait,sculpture,snow,streetart,france,art,mystery,museum,architecture,painting,graffiti,ruins,rawart,outsiderart,chaos,symbol,contemporaryart,secret,911,apocalypse,taz,peinture,container,freemasonry,anarchy,neige,artbrut,ddc,sanctuary,worldwar,bombing,mystic,cyberpunk,landart,devastation,alchemy,destroy,modernsculpture,prophecy,999,vanitas,endoftheworld,sanctuaire,dadaisme,artprice,salamanderspirit,organmuseum,saintromainaumontdor,demeureduchaos,thierryehrmann,alchimie,artsingulier,prophétie,abodeofchaos,facteurcheval,palaisideal,postapocalyptique,maisondartiste,artistshouses,sculpturemoderne,francmaconnerie,blackswantheory,gesamtkuntwerk,groupeserveur,lespritdelasalamandre,crashculture,oeuvreaublanc,internetactivist,servergroup",Oeuvre au blanc - P1020506,36,10,4,1,2010,28,18,4,1,2010,,,
4244551705,40936370@N00,45.837448,4.826248,"portrait,sculpture,snow,streetart,france,art,mystery,museum,architecture,painting,graffiti,ruins,rawart,outsiderart,chaos,symbol,contemporaryart,secret,911,apocalypse,taz,peinture,container,freemasonry,anarchy,neige,artbrut,ddc,sanctuary,worldwar,bombing,mystic,cyberpunk,landart,devastation,alchemy,destroy,modernsculpture,prophecy,999,vanitas,endoftheworld,sanctuaire,dadaisme,artprice,salamanderspirit,organmuseum,saintromainaumontdor,demeureduchaos,thierryehrmann,alchimie,artsingulier,prophétie,abodeofchaos,facteurcheval,palaisideal,postapocalyptique,maisondartiste,artistshouses,sculpturemoderne,francmaconnerie,blackswantheory,gesamtkuntwerk,groupeserveur,lespritdelasalamandre,crashculture,oeuvreaublanc,internetactivist,servergroup",Oeuvre au blanc - P1020504,35,10,4,1,2010,27,18,4,1,2010,,,
4244551621,40936370@N00,45.837448,4.826248,"portrait,sculpture,snow,streetart,france,art,mystery,museum,architecture,painting,graffiti,ruins,rawart,outsiderart,chaos,symbol,contemporaryart,secret,911,apocalypse,taz,peinture,container,freemasonry,anarchy,neige,artbrut,ddc,sanctuary,worldwar,bombing,mystic,cyberpunk,landart,devastation,alchemy,destroy,modernsculpture,prophecy,999,vanitas,endoftheworld,sanctuaire,dadaisme,artprice,salamanderspirit,organmuseum,saintromainaumontdor,demeureduchaos,thierryehrmann,alchimie,artsingulier,prophétie,abodeofchaos,facteurcheval,palaisideal,postapocalyptique,maisondartiste,artistshouses,sculpturemoderne,francmaconnerie,blackswantheory,gesamtkuntwerk,groupeserveur,lespritdelasalamandre,crashculture,oeuvreaublanc,internetactivist,servergroup",Oeuvre au blanc - P1020503,35,10,4,1,2010,27,18,4,1,2010,,,
4244551479,40936370@N00,45.837448,4.826248,"portrait,sculpture,snow,streetart,france,art,mystery,museum,architecture,painting,graffiti,ruins,rawart,outsiderart,chaos,symbol,contemporaryart,secret,911,apocalypse,taz,peinture,container,freemasonry,anarchy,neige,artbrut,ddc,sanctuary,worldwar,bombing,mystic,cyberpunk,landart,devastation,alchemy,destroy,modernsculpture,prophecy,999,vanitas,endoftheworld,sanctuaire,dadaisme,artprice,salamanderspirit,organmuseum,saintromainaumontdor,demeureduchaos,thierryehrmann,alchimie,artsingulier,prophétie,abodeofchaos,facteurcheval,palaisideal,postapocalyptique,maisondartiste,artistshouses,sculpturemoderne,francmaconnerie,blackswantheory,gesamtkuntwerk,groupeserveur,lespritdelasalamandre,crashculture,oeuvreaublanc,internetactivist,servergroup",Oeuvre au blanc - P1020501,34,10,4,1,2010,27,18,4,1,2010,,,
4244551397,40936370@N00,45.837448,4.826248,"portrait,sculpture,snow,streetart,france,art,mystery,museum,architecture,painting,graffiti,ruins,rawart,outsiderart,chaos,symbol,contemporaryart,secret,911,apocalypse,taz,peinture,container,freemasonry,anarchy,neige,artbrut,ddc,sanctuary,worldwar,bombing,mystic,cyberpunk,landart,devastation,alchemy,destroy,modernsculpture,prophecy,999,vanitas,endoftheworld,sanctuaire,dadaisme,artprice,salamanderspirit,organmuseum,saintromainaumontdor,demeureduchaos,thierryehrmann,alchimie,artsingulier,prophétie,abodeofchaos,facteurcheval,palaisideal,postapocalyptique,maisondartiste,artistshouses,sculpturemoderne,francmaconnerie,blackswantheory,gesamtkuntwerk,groupeserveur,lespritdelasalamandre,crashculture,oeuvreaublanc,internetactivist,servergroup",Oeuvre au blanc - P1020500,34,10,4,1,2010,27,18,4,1,2010,,,
4245326094,40936370@N00,45.837448,4.826248,"portrait,sculpture,snow,streetart,france,art,mystery,museum,architecture,painting,graffiti,ruins,rawart,outsiderart,chaos,symbol,contemporaryart,secret,911,apocalypse,taz,peinture,container,freemasonry,anarchy,neige,artbrut,ddc,sanctuary,worldwar,bombing,mystic,cyberpunk,landart,devastation,alchemy,destroy,modernsculpture,prophecy,999,vanitas,endoftheworld,sanctuaire,dadaisme,artprice,salamanderspirit,organmuseum,saintromainaumontdor,demeureduchaos,thierryehrmann,alchimie,artsingulier,prophétie,abodeofchaos,facteurcheval,palaisideal,postapocalyptique,maisondartiste,artistshouses,sculpturemoderne,francmaconnerie,blackswantheory,gesamtkuntwerk,groupeserveur,lespritdelasalamandre,crashculture,oeuvreaublanc,internetactivist,servergroup",Oeuvre au blanc - P1020499,33,10,4,1,2010,27,18,4,1,2010,,,
4244489051,38806112@N05,45.784000,4.860666,"concert,lyon,archive,villeurbanne,transbordeur","Archive : Transbordeur, Villeurbanne - 07.10.2009",30,20,7,10,2009,4,18,4,1,2010,,,
4244204115,40292313@N08,45.751676,4.853811,"piano,lamps,fenetre,partitions",Chopin et Bach,44,19,18,12,2009,18,16,4,1,2010,,,
4244680956,24130765@N02,45.744804,4.830240,"lyon,hiver,rhône,neige",Traces mystérieuses,8,9,4,1,2010,12,14,4,1,2010,,,
4243907013,24130765@N02,45.744804,4.830240,"lyon,hiver,rhône,neige",Sans titre,7,9,4,1,2010,11,14,4,1,2010,,,
4244679426,24130765@N02,45.744804,4.830240,"lyon,hiver,rhône,neige,mouette,rieuse",Hivernante,6,9,4,1,2010,11,14,4,1,2010,,,
4243523143,24380554@N05,45.761402,4.827084,"france,lyon,lione",lost,3,14,11,12,2009,26,10,4,1,2010,,,
4244793873,14669387@N04,45.771389,4.830556,"bw,white,black,girl",my girl,32,19,3,1,2010,57,19,4,1,2010,,,
4244554163,40936370@N00,45.837448,4.826248,"portrait,sculpture,snow,streetart,france,art,mystery,museum,architecture,painting,graffiti,ruins,rawart,outsiderart,chaos,symbol,contemporaryart,secret,911,apocalypse,taz,peinture,container,freemasonry,anarchy,neige,artbrut,ddc,sanctuary,worldwar,bombing,mystic,cyberpunk,landart,devastation,alchemy,destroy,modernsculpture,prophecy,999,vanitas,endoftheworld,sanctuaire,dadaisme,artprice,salamanderspirit,organmuseum,saintromainaumontdor,demeureduchaos,thierryehrmann,alchimie,artsingulier,prophétie,abodeofchaos,facteurcheval,palaisideal,postapocalyptique,maisondartiste,artistshouses,sculpturemoderne,francmaconnerie,blackswantheory,gesamtkuntwerk,groupeserveur,lespritdelasalamandre,crashculture,oeuvreaublanc,internetactivist,servergroup",Oeuvre au blanc - P1020538,0,11,4,1,2010,28,18,4,1,2010,,,
4244552027,40936370@N00,45.837448,4.826248,"portrait,sculpture,snow,streetart,france,art,mystery,museum,architecture,painting,graffiti,ruins,rawart,outsiderart,chaos,symbol,contemporaryart,secret,911,apocalypse,taz,peinture,container,freemasonry,anarchy,neige,artbrut,ddc,sanctuary,worldwar,bombing,mystic,cyberpunk,landart,devastation,alchemy,destroy,modernsculpture,prophecy,999,vanitas,endoftheworld,sanctuaire,dadaisme,artprice,salamanderspirit,organmuseum,saintromainaumontdor,demeureduchaos,thierryehrmann,alchimie,artsingulier,prophétie,abodeofchaos,facteurcheval,palaisideal,postapocalyptique,maisondartiste,artistshouses,sculpturemoderne,francmaconnerie,blackswantheory,gesamtkuntwerk,groupeserveur,lespritdelasalamandre,crashculture,oeuvreaublanc,internetactivist,servergroup",Oeuvre au blanc - P1020508,37,10,4,1,2010,28,18,4,1,2010,,,
4244551551,40936370@N00,45.837448,4.826248,"portrait,sculpture,snow,streetart,france,art,mystery,museum,architecture,painting,graffiti,ruins,rawart,outsiderart,chaos,symbol,contemporaryart,secret,911,apocalypse,taz,peinture,container,freemasonry,anarchy,neige,artbrut,ddc,sanctuary,worldwar,bombing,mystic,cyberpunk,landart,devastation,alchemy,destroy,modernsculpture,prophecy,999,vanitas,endoftheworld,sanctuaire,dadaisme,artprice,salamanderspirit,organmuseum,saintromainaumontdor,demeureduchaos,thierryehrmann,alchimie,artsingulier,prophétie,abodeofchaos,facteurcheval,palaisideal,postapocalyptique,maisondartiste,artistshouses,sculpturemoderne,francmaconnerie,blackswantheory,gesamtkuntwerk,groupeserveur,lespritdelasalamandre,crashculture,oeuvreaublanc,internetactivist,servergroup",Oeuvre au blanc - P1020502,35,10,4,1,2010,27,18,4,1,2010,,,
4244551275,40936370@N00,45.837448,4.826248,"portrait,sculpture,snow,streetart,france,art,mystery,museum,architecture,painting,graffiti,ruins,rawart,outsiderart,chaos,symbol,contemporaryart,secret,911,apocalypse,taz,peinture,container,freemasonry,anarchy,neige,artbrut,ddc,sanctuary,worldwar,bombing,mystic,cyberpunk,landart,devastation,alchemy,destroy,modernsculpture,prophecy,999,vanitas,endoftheworld,sanctuaire,dadaisme,artprice,salamanderspirit,organmuseum,saintromainaumontdor,demeureduchaos,thierryehrmann,alchimie,artsingulier,prophétie,abodeofchaos,facteurcheval,palaisideal,postapocalyptique,maisondartiste,artistshouses,sculpturemoderne,francmaconnerie,blackswantheory,gesamtkuntwerk,groupeserveur,lespritdelasalamandre,crashculture,oeuvreaublanc,internetactivist,servergroup",Oeuvre au blanc - P1020498,32,10,4,1,2010,27,18,4,1,2010,,,
4244295116,24380554@N05,45.761402,4.827084,"france,lyon,lione",bouchon lyonnais,55,12,11,12,2009,25,10,4,1,2010,,,
4243517351,24380554@N05,45.761552,4.856621,"france,lyon,lione",skyline,44,11,11,12,2009,22,10,4,1,2010,,,
4243515545,24380554@N05,45.751329,4.835720,"france,lyon,lione",lungofiume,25,20,10,12,2009,21,10,4,1,2010,,,
4243513455,24380554@N05,45.751254,4.827416,"france,lyon,lione",marchè de noel lyon,44,18,10,12,2009,20,10,4,1,2010,,,
4244285136,24380554@N05,45.751254,4.827416,"stella,di,natale",IMG_0550,24,18,10,12,2009,18,10,4,1,2010,,,
4244256760,29161621@N03,45.725833,4.881000,"lyon,neige,2010",Neige 2010,56,9,4,1,2010,0,10,4,1,2010,,,
4243458683,40871466@N08,45.774717,4.833518,,photo,44,0,4,1,2010,44,9,4,1,2010,,,
4244222374,8934493@N05,45.831266,4.879458,"azul,geotagged,blu,1938,bleu,69,blau,lemans,coupé,racingcars,rhonealpes,brignais,lalogothequecom,valeromichel,weblogphotolalogofr,automobilessportives,peugeot402darlmat",Peugeot 402 Darl'Mat - 13,38,11,3,1,2010,39,9,4,1,2010,,,
4244222156,8934493@N05,45.831266,4.879458,"azul,geotagged,blu,1938,bleu,69,blau,lemans,coupé,racingcars,rhonealpes,brignais,lalogothequecom,valeromichel,weblogphotolalogofr,automobilessportives,peugeot402darlmat",Peugeot 402 Darl'Mat - 12,37,11,3,1,2010,39,9,4,1,2010,,,
4244221872,8934493@N05,45.831266,4.879458,"azul,geotagged,blu,1938,bleu,69,blau,lemans,coupé,racingcars,rhonealpes,brignais,lalogothequecom,valeromichel,weblogphotolalogofr,automobilessportives,peugeot402darlmat",Peugeot 402 Darl'Mat - 10,37,11,3,1,2010,38,9,4,1,2010,,,
4243447977,8934493@N05,45.831266,4.879458,"azul,geotagged,blu,1938,bleu,69,blau,lemans,coupé,racingcars,rhonealpes,brignais,lalogothequecom,valeromichel,weblogphotolalogofr,automobilessportives,peugeot402darlmat",Peugeot 402 Darl'Mat - 08,37,11,3,1,2010,38,9,4,1,2010,,,
4243447633,8934493@N05,45.831266,4.879458,"azul,geotagged,blu,1938,bleu,69,blau,lemans,coupé,racingcars,rhonealpes,brignais,lalogothequecom,valeromichel,weblogphotolalogofr,automobilessportives,peugeot402darlmat",Peugeot 402 Darl'Mat - 06,36,11,3,1,2010,38,9,4,1,2010,,,
4242728263,31980292@N05,45.726196,4.778441,"citroen,ami,saintefoylèslyon,aquaduct",IMG_1518,15,15,29,9,2007,29,4,4,1,2010,,,
4242086885,30090110@N02,45.736765,4.815123,"artcontemporain,biennaledelyon",Biennale 178,10,13,21,11,2009,11,1,4,1,2010,,,
4242086277,30090110@N02,45.736765,4.815123,"artcontemporain,biennaledelyon",Biennale 177,10,13,21,11,2009,11,1,4,1,2010,,,
4242084541,30090110@N02,45.736765,4.815123,"artcontemporain,biennaledelyon",Biennale 175,6,13,21,11,2009,10,1,4,1,2010,,,
4242079129,30090110@N02,45.736765,4.815123,"artcontemporain,biennaledelyon",Biennale 174,13,13,21,11,2009,8,1,4,1,2010,,,
4242078669,30090110@N02,45.736765,4.815123,"artcontemporain,biennaledelyon",Biennale 173,12,15,21,11,2009,8,1,4,1,2010,,,
4242078401,30090110@N02,45.736765,4.815123,"artcontemporain,biennaledelyon",Biennale 172,12,15,21,11,2009,8,1,4,1,2010,,,
4242850184,30090110@N02,45.736765,4.815123,"artcontemporain,biennaledelyon",Biennale 171,11,15,21,11,2009,8,1,4,1,2010,,,
4242848920,30090110@N02,45.736765,4.815123,"artcontemporain,biennaledelyon",Biennale 168,10,15,21,11,2009,8,1,4,1,2010,,,
4242847854,30090110@N02,45.736765,4.815123,"artcontemporain,biennaledelyon",Biennale 166,9,15,21,11,2009,7,1,4,1,2010,,,
4242847238,30090110@N02,45.736765,4.815123,"artcontemporain,biennaledelyon",Biennale 165,9,15,21,11,2009,7,1,4,1,2010,,,
4242074883,30090110@N02,45.736765,4.815123,"artcontemporain,biennaledelyon",Biennale 164,15,13,21,11,2009,7,1,4,1,2010,,,
4242073967,30090110@N02,45.736765,4.815123,"artcontemporain,biennaledelyon",Biennale 162,15,13,21,11,2009,7,1,4,1,2010,,,
4242845024,30090110@N02,45.736765,4.815123,"artcontemporain,biennaledelyon",Biennale 160,12,13,21,11,2009,6,1,4,1,2010,,,
4242841146,30090110@N02,45.736765,4.815123,"artcontemporain,biennaledelyon",Biennale 158,17,13,21,11,2009,5,1,4,1,2010,,,
4242064675,30090110@N02,45.736765,4.815123,"artcontemporain,biennaledelyon",Biennale 154,51,14,21,11,2009,4,1,4,1,2010,,,
4242836358,30090110@N02,45.736765,4.815123,"artcontemporain,biennaledelyon",Biennale 153,50,14,21,11,2009,4,1,4,1,2010,,,
4242063929,30090110@N02,45.736765,4.815123,"artcontemporain,biennaledelyon",Biennale 152,50,14,21,11,2009,4,1,4,1,2010,,,
4242059107,30090110@N02,45.736765,4.815123,"artcontemporain,biennaledelyon",Biennale 151,48,14,21,11,2009,2,1,4,1,2010,,,
4242058767,30090110@N02,45.736765,4.815123,"artcontemporain,biennaledelyon",Biennale 150,48,14,21,11,2009,2,1,4,1,2010,,,
4242830678,30090110@N02,45.736765,4.815123,"artcontemporain,biennaledelyon",Biennale 149,48,14,21,11,2009,2,1,4,1,2010,,,
4242830324,30090110@N02,45.736765,4.815123,"artcontemporain,biennaledelyon",Biennale 148,47,14,21,11,2009,2,1,4,1,2010,,,
4242057741,30090110@N02,45.736765,4.815123,"artcontemporain,biennaledelyon",Biennale 147,47,14,21,11,2009,2,1,4,1,2010,,,
4242829676,30090110@N02,45.736765,4.815123,"artcontemporain,biennaledelyon",Biennale 146,46,14,21,11,2009,2,1,4,1,2010,,,
4242057019,30090110@N02,45.736765,4.815123,"artcontemporain,biennaledelyon",Biennale 145,46,14,21,11,2009,2,1,4,1,2010,,,
4242828648,30090110@N02,45.736765,4.815123,"artcontemporain,biennaledelyon",Biennale 144,46,14,21,11,2009,1,1,4,1,2010,,,
4242056069,30090110@N02,45.736765,4.815123,"artcontemporain,biennaledelyon",Biennale 143,46,14,21,11,2009,1,1,4,1,2010,,,
4242827822,30090110@N02,45.736765,4.815123,"artcontemporain,biennaledelyon",Biennale 142,46,14,21,11,2009,1,1,4,1,2010,,,
4242055217,30090110@N02,45.736765,4.815123,"artcontemporain,biennaledelyon",Biennale 141,45,14,21,11,2009,1,1,4,1,2010,,,
4244222490,8934493@N05,45.831266,4.879458,"azul,geotagged,blu,1938,bleu,69,blau,lemans,coupé,racingcars,rhonealpes,brignais,lalogothequecom,valeromichel,weblogphotolalogofr,automobilessportives,peugeot402darlmat",Peugeot 402 Darl'Mat - 14,39,11,3,1,2010,39,9,4,1,2010,,,
4244222004,8934493@N05,45.831266,4.879458,"azul,geotagged,blu,1938,bleu,69,blau,lemans,coupé,racingcars,rhonealpes,brignais,lalogothequecom,valeromichel,weblogphotolalogofr,automobilessportives,peugeot402darlmat",Peugeot 402 Darl'Mat - 11,37,11,3,1,2010,38,9,4,1,2010,,,
4243448183,8934493@N05,45.831266,4.879458,"azul,geotagged,blu,1938,bleu,69,blau,lemans,coupé,racingcars,rhonealpes,brignais,lalogothequecom,valeromichel,weblogphotolalogofr,automobilessportives,peugeot402darlmat",Peugeot 402 Darl'Mat - 09,37,11,3,1,2010,38,9,4,1,2010,,,
4244221306,8934493@N05,45.831266,4.879458,"azul,geotagged,blu,1938,bleu,69,blau,lemans,coupé,racingcars,rhonealpes,brignais,lalogothequecom,valeromichel,weblogphotolalogofr,automobilessportives,peugeot402darlmat",Peugeot 402 Darl'Mat - 07,37,11,3,1,2010,38,9,4,1,2010,,,
4243447537,8934493@N05,45.831266,4.879458,"azul,geotagged,blu,1938,bleu,69,blau,lemans,coupé,racingcars,rhonealpes,brignais,lalogothequecom,valeromichel,weblogphotolalogofr,automobilessportives,peugeot402darlmat",Peugeot 402 Darl'Mat - 05,36,11,3,1,2010,38,9,4,1,2010,,,
4243447437,8934493@N05,45.831266,4.879458,"azul,geotagged,blu,1938,bleu,69,blau,lemans,coupé,racingcars,rhonealpes,brignais,lalogothequecom,valeromichel,weblogphotolalogofr,automobilessportives,peugeot402darlmat",Peugeot 402 Darl'Mat - 04,36,11,3,1,2010,38,9,4,1,2010,,,
4244220732,8934493@N05,45.831266,4.879458,"azul,geotagged,blu,1938,bleu,69,blau,lemans,coupé,racingcars,rhonealpes,brignais,lalogothequecom,valeromichel,weblogphotolalogofr,automobilessportives,peugeot402darlmat",Peugeot 402 Darl'Mat - 03,36,11,3,1,2010,38,9,4,1,2010,,,
4244220582,8934493@N05,45.831266,4.879458,"azul,geotagged,blu,1938,bleu,69,blau,lemans,coupé,racingcars,rhonealpes,brignais,lalogothequecom,valeromichel,weblogphotolalogofr,automobilessportives,peugeot402darlmat",Peugeot 402 Darl'Mat - 02,36,11,3,1,2010,38,9,4,1,2010,,,
4243446959,8934493@N05,45.831266,4.879458,"azul,geotagged,blu,1938,bleu,69,blau,lemans,coupé,racingcars,rhonealpes,brignais,lalogothequecom,valeromichel,weblogphotolalogofr,automobilessportives,peugeot402darlmat",Peugeot 402 Darl'Mat - 01,35,11,3,1,2010,38,9,4,1,2010,,,
4242827116,30090110@N02,45.736765,4.815123,"artcontemporain,biennaledelyon",Biennale 140,45,14,21,11,2009,1,1,4,1,2010,,,
4242826870,30090110@N02,45.736765,4.815123,"artcontemporain,biennaledelyon",Biennale 139,45,14,21,11,2009,1,1,4,1,2010,,,
4242054485,30090110@N02,45.736765,4.815123,"artcontemporain,biennaledelyon",Biennale 138,44,14,21,11,2009,1,1,4,1,2010,,,
4242819674,30090110@N02,45.736765,4.815123,"artcontemporain,biennaledelyon",Biennale 137,52,14,21,11,2009,59,0,4,1,2010,,,
4242047325,30090110@N02,45.736765,4.815123,"artcontemporain,biennaledelyon",Biennale 136,52,14,21,11,2009,59,0,4,1,2010,,,
4242818688,30090110@N02,45.736765,4.815123,"artcontemporain,biennaledelyon",Biennale 135,52,14,21,11,2009,58,0,4,1,2010,,,
4242818372,30090110@N02,45.736765,4.815123,"artcontemporain,biennaledelyon",Biennale 134,52,14,21,11,2009,58,0,4,1,2010,,,
4242046041,30090110@N02,45.736765,4.815123,"artcontemporain,biennaledelyon",Biennale 133,51,14,21,11,2009,58,0,4,1,2010,,,
4242045737,30090110@N02,45.736765,4.815123,"artcontemporain,biennaledelyon",Biennale 132,41,14,21,11,2009,58,0,4,1,2010,,,
4242045393,30090110@N02,45.736765,4.815123,"artcontemporain,biennaledelyon",Biennale 131,41,14,21,11,2009,58,0,4,1,2010,,,
4242045053,30090110@N02,45.736765,4.815123,"artcontemporain,biennaledelyon",Biennale 130,39,14,21,11,2009,58,0,4,1,2010,,,
4242811040,30090110@N02,45.736765,4.815123,"artcontemporain,biennaledelyon",Biennale 127,38,14,21,11,2009,56,0,4,1,2010,,,
4242810566,30090110@N02,45.736765,4.815123,"artcontemporain,biennaledelyon",Biennale 126,38,14,21,11,2009,56,0,4,1,2010,,,
4242038087,30090110@N02,45.736765,4.815123,"artcontemporain,biennaledelyon",Biennale 125,33,14,21,11,2009,56,0,4,1,2010,,,
4242037841,30090110@N02,45.736765,4.815123,"artcontemporain,biennaledelyon",Biennale 124,32,14,21,11,2009,56,0,4,1,2010,,,
4242809576,30090110@N02,45.736765,4.815123,"artcontemporain,biennaledelyon",Biennale 123,31,14,21,11,2009,55,0,4,1,2010,,,
4242037085,30090110@N02,45.736765,4.815123,"artcontemporain,biennaledelyon",Biennale 122,30,14,21,11,2009,55,0,4,1,2010,,,
4242033171,30090110@N02,45.736765,4.815123,"artcontemporain,biennaledelyon",Biennale 121,58,14,21,11,2009,54,0,4,1,2010,,,
4242032849,30090110@N02,45.736765,4.815123,"artcontemporain,biennaledelyon",Biennale 120,36,14,21,11,2009,54,0,4,1,2010,,,
4242032143,30090110@N02,45.736765,4.815123,"artcontemporain,biennaledelyon",Biennale 118,34,14,21,11,2009,54,0,4,1,2010,,,
4242031925,30090110@N02,45.736765,4.815123,"artcontemporain,biennaledelyon",Biennale 117,30,14,21,11,2009,54,0,4,1,2010,,,
4242802922,30090110@N02,45.736765,4.815123,"artcontemporain,biennaledelyon",Biennale 114,29,14,21,11,2009,53,0,4,1,2010,,,
4242023197,30090110@N02,45.736765,4.815123,"artcontemporain,biennaledelyon",Biennale 113,59,14,21,11,2009,51,0,4,1,2010,,,
4242022675,30090110@N02,45.736765,4.815123,"artcontemporain,biennaledelyon",Biennale 112,28,14,21,11,2009,51,0,4,1,2010,,,
4242794176,30090110@N02,45.736765,4.815123,"artcontemporain,biennaledelyon",Biennale 110,25,14,21,11,2009,50,0,4,1,2010,,,
4242793898,30090110@N02,45.736765,4.815123,"artcontemporain,biennaledelyon",Biennale 109,26,14,21,11,2009,50,0,4,1,2010,,,
4242793570,30090110@N02,45.736765,4.815123,"artcontemporain,biennaledelyon",Biennale 108,25,14,21,11,2009,50,0,4,1,2010,,,
4242793264,30090110@N02,45.736765,4.815123,"artcontemporain,biennaledelyon",Biennale 107,15,14,21,11,2009,50,0,4,1,2010,,,
4242792352,30090110@N02,45.736765,4.815123,"artcontemporain,biennaledelyon",Biennale 105,17,14,21,11,2009,50,0,4,1,2010,,,
4242019969,30090110@N02,45.736765,4.815123,"artcontemporain,biennaledelyon",Biennale 104,15,14,21,11,2009,50,0,4,1,2010,,,
4242791516,30090110@N02,45.736765,4.815123,"artcontemporain,biennaledelyon",Biennale 103,14,14,21,11,2009,50,0,4,1,2010,,,
4242019263,30090110@N02,45.736765,4.815123,"artcontemporain,biennaledelyon",Biennale 102,16,14,21,11,2009,49,0,4,1,2010,,,
4242018829,30090110@N02,45.736765,4.815123,"artcontemporain,biennaledelyon",Biennale 101,18,14,21,11,2009,49,0,4,1,2010,,,
4242790250,30090110@N02,45.736765,4.815123,"artcontemporain,biennaledelyon",Biennale 100,13,14,21,11,2009,49,0,4,1,2010,,,
4242017705,30090110@N02,45.736765,4.815123,"artcontemporain,biennaledelyon",Biennale 98,12,14,21,11,2009,49,0,4,1,2010,,,
4242789252,30090110@N02,45.736765,4.815123,"artcontemporain,biennaledelyon",Biennale 97,26,14,21,11,2009,49,0,4,1,2010,,,
4242017039,30090110@N02,45.736765,4.815123,"artcontemporain,biennaledelyon",Biennale 96,12,14,21,11,2009,49,0,4,1,2010,,,
4242016765,30090110@N02,45.736765,4.815123,"artcontemporain,biennaledelyon",Biennale 95,11,14,21,11,2009,49,0,4,1,2010,,,
4242016441,30090110@N02,45.736765,4.815123,"artcontemporain,biennaledelyon",Biennale 94,10,14,21,11,2009,49,0,4,1,2010,,,
4242787682,30090110@N02,45.736765,4.815123,"artcontemporain,biennaledelyon",Biennale 92,7,14,21,11,2009,48,0,4,1,2010,,,
4242787324,30090110@N02,45.736765,4.815123,"artcontemporain,biennaledelyon",Biennale 91,7,14,21,11,2009,48,0,4,1,2010,,,
4242786922,30090110@N02,45.736765,4.815123,"artcontemporain,biennaledelyon",Biennale 90,6,14,21,11,2009,48,0,4,1,2010,,,
4242786630,30090110@N02,45.736765,4.815123,"artcontemporain,biennaledelyon",Biennale 89,4,14,21,11,2009,48,0,4,1,2010,,,
4242003831,30090110@N02,45.736765,4.815123,"artcontemporain,biennaledelyon",Biennale 87,22,14,21,11,2009,45,0,4,1,2010,,,
4242003347,30090110@N02,45.736765,4.815123,"artcontemporain,biennaledelyon",Biennale 86,2,14,21,11,2009,45,0,4,1,2010,,,
4242002923,30090110@N02,45.736765,4.815123,"artcontemporain,biennaledelyon",Biennale 85,2,14,21,11,2009,44,0,4,1,2010,,,
4242002529,30090110@N02,45.736765,4.815123,"artcontemporain,biennaledelyon",Biennale 84,1,14,21,11,2009,44,0,4,1,2010,,,
4242774478,30090110@N02,45.736765,4.815123,"artcontemporain,biennaledelyon",Biennale 83,0,14,21,11,2009,44,0,4,1,2010,,,
4242773708,30090110@N02,45.736765,4.815123,"artcontemporain,biennaledelyon",Biennale 82,59,13,21,11,2009,44,0,4,1,2010,,,
4242773284,30090110@N02,45.736765,4.815123,"artcontemporain,biennaledelyon",Biennale 81,57,13,21,11,2009,44,0,4,1,2010,,,
4242772650,30090110@N02,45.736765,4.815123,"artcontemporain,biennaledelyon",Biennale 80,56,13,21,11,2009,44,0,4,1,2010,,,
4242772238,30090110@N02,45.736765,4.815123,"artcontemporain,biennaledelyon",Biennale 79,56,13,21,11,2009,44,0,4,1,2010,,,
4241999639,30090110@N02,45.736765,4.815123,"artcontemporain,biennaledelyon",Biennale 78,56,13,21,11,2009,43,0,4,1,2010,,,
4241999181,30090110@N02,45.736765,4.815123,"artcontemporain,biennaledelyon",Biennale 77,55,13,21,11,2009,43,0,4,1,2010,,,
4241998865,30090110@N02,45.736765,4.815123,"artcontemporain,biennaledelyon",Biennale 76,55,13,21,11,2009,43,0,4,1,2010,,,
4241998173,30090110@N02,45.736765,4.815123,"artcontemporain,biennaledelyon",Biennale 74,54,13,21,11,2009,43,0,4,1,2010,,,
4242769592,30090110@N02,45.736765,4.815123,"artcontemporain,biennaledelyon",Biennale 72,53,13,21,11,2009,43,0,4,1,2010,,,
4241997027,30090110@N02,45.736765,4.815123,"artcontemporain,biennaledelyon",Biennale 71,52,13,21,11,2009,43,0,4,1,2010,,,
4241996625,30090110@N02,45.736765,4.815123,"artcontemporain,biennaledelyon",Biennale 70,51,13,21,11,2009,42,0,4,1,2010,,,
4241994861,30090110@N02,45.736765,4.815123,"artcontemporain,biennaledelyon",Biennale 66,50,13,21,11,2009,42,0,4,1,2010,,,
4241994369,30090110@N02,45.736765,4.815123,"artcontemporain,biennaledelyon",Biennale 65,50,13,21,11,2009,42,0,4,1,2010,,,
4242765822,30090110@N02,45.736765,4.815123,"artcontemporain,biennaledelyon",Biennale 64,49,13,21,11,2009,41,0,4,1,2010,,,
4242765374,30090110@N02,45.736765,4.815123,"artcontemporain,biennaledelyon",Biennale 63,48,13,21,11,2009,41,0,4,1,2010,,,
4241992617,30090110@N02,45.736765,4.815123,"artcontemporain,biennaledelyon",Biennale 62,47,13,21,11,2009,41,0,4,1,2010,,,
4242764612,30090110@N02,45.736765,4.815123,"artcontemporain,biennaledelyon",Biennale 61,47,13,21,11,2009,41,0,4,1,2010,,,
4241991545,30090110@N02,45.736765,4.815123,"artcontemporain,biennaledelyon",Biennale 60,46,13,21,11,2009,41,0,4,1,2010,,,
4242763540,30090110@N02,45.736765,4.815123,"artcontemporain,biennaledelyon",Biennale 59,46,13,21,11,2009,41,0,4,1,2010,,,
4241990499,30090110@N02,45.736765,4.815123,"artcontemporain,biennaledelyon",Biennale 58,46,13,21,11,2009,41,0,4,1,2010,,,
4242762660,30090110@N02,45.736765,4.815123,"artcontemporain,biennaledelyon",Biennale 57,46,13,21,11,2009,40,0,4,1,2010,,,
4241988819,30090110@N02,45.736765,4.815123,"artcontemporain,biennaledelyon",Biennale 54,44,13,21,11,2009,40,0,4,1,2010,,,
4242760908,30090110@N02,45.736765,4.815123,"artcontemporain,biennaledelyon",Biennale 53,44,13,21,11,2009,40,0,4,1,2010,,,
4242760374,30090110@N02,45.736765,4.815123,"artcontemporain,biennaledelyon",Biennale 52,41,13,21,11,2009,40,0,4,1,2010,,,
4241987201,30090110@N02,45.736765,4.815123,"artcontemporain,biennaledelyon",Biennale 50,39,13,21,11,2009,39,0,4,1,2010,,,
4242759088,30090110@N02,45.736765,4.815123,"artcontemporain,biennaledelyon",Biennale 49,30,13,21,11,2009,39,0,4,1,2010,,,
4241986187,30090110@N02,45.736765,4.815123,"artcontemporain,biennaledelyon",Biennale 47,30,13,21,11,2009,39,0,4,1,2010,,,
4242757928,30090110@N02,45.736765,4.815123,"artcontemporain,biennaledelyon",Biennale 46,28,13,21,11,2009,39,0,4,1,2010,,,
4242752742,30090110@N02,45.784150,4.852502,"artcontemporain,biennaledelyon",Biennale 44,47,15,7,11,2009,37,0,4,1,2010,,,
4242752286,30090110@N02,45.784150,4.852502,"artcontemporain,biennaledelyon",Biennale 43,47,15,7,11,2009,37,0,4,1,2010,,,
4242751922,30090110@N02,45.784150,4.852502,"artcontemporain,biennaledelyon",Biennale 42,46,15,7,11,2009,37,0,4,1,2010,,,
4242751340,30090110@N02,45.784150,4.852502,"artcontemporain,biennaledelyon",Biennale 41,45,15,7,11,2009,37,0,4,1,2010,,,
4241978783,30090110@N02,45.784150,4.852502,"artcontemporain,biennaledelyon",Biennale 40,45,15,7,11,2009,37,0,4,1,2010,,,
4242750066,30090110@N02,45.784150,4.852502,"artcontemporain,biennaledelyon",Biennale 38,43,15,7,11,2009,36,0,4,1,2010,,,
4241977683,30090110@N02,45.784150,4.852502,"artcontemporain,biennaledelyon",Biennale 37,42,15,7,11,2009,36,0,4,1,2010,,,
4242749348,30090110@N02,45.784150,4.852502,"artcontemporain,biennaledelyon",Biennale 36,41,15,7,11,2009,36,0,4,1,2010,,,
4241976811,30090110@N02,45.784150,4.852502,"artcontemporain,biennaledelyon",Biennale 35,50,15,7,11,2009,36,0,4,1,2010,,,
4242748574,30090110@N02,45.784150,4.852502,"artcontemporain,biennaledelyon",Biennale 34,40,15,7,11,2009,36,0,4,1,2010,,,
4242748330,30090110@N02,45.784150,4.852502,"artcontemporain,biennaledelyon",Biennale 33,40,15,7,11,2009,36,0,4,1,2010,,,
4242741456,30090110@N02,45.784150,4.852502,"artcontemporain,biennaledelyon",Biennale 32,0,16,7,11,2009,34,0,4,1,2010,,,
4241968713,30090110@N02,45.784150,4.852502,"artcontemporain,biennaledelyon",Biennale 30,29,15,7,11,2009,33,0,4,1,2010,,,
4242739100,30090110@N02,45.784150,4.852502,"artcontemporain,biennaledelyon",Biennale 28,30,15,7,11,2009,33,0,4,1,2010,,,
4241966215,30090110@N02,45.784150,4.852502,"artcontemporain,biennaledelyon",Biennale 26,59,15,7,11,2009,33,0,4,1,2010,,,
4242737730,30090110@N02,45.784150,4.852502,"artcontemporain,biennaledelyon",Biennale 24,35,15,7,11,2009,32,0,4,1,2010,,,
4242737356,30090110@N02,45.784150,4.852502,"artcontemporain,biennaledelyon",Biennale 23,34,15,7,11,2009,32,0,4,1,2010,,,
4242737048,30090110@N02,45.784150,4.852502,"artcontemporain,biennaledelyon",Biennale 22,29,15,7,11,2009,32,0,4,1,2010,,,
4241964279,30090110@N02,45.784150,4.852502,"artcontemporain,biennaledelyon",Biennale 20,28,15,7,11,2009,32,0,4,1,2010,,,
4242735808,30090110@N02,45.784150,4.852502,"artcontemporain,biennaledelyon",Biennale 18,14,15,7,11,2009,32,0,4,1,2010,,,
4241963425,30090110@N02,45.784150,4.852502,"artcontemporain,biennaledelyon",Biennale 17,14,15,7,11,2009,32,0,4,1,2010,,,
4241963171,30090110@N02,45.784150,4.852502,"artcontemporain,biennaledelyon",Biennale 16,9,15,7,11,2009,32,0,4,1,2010,,,
4241954453,30090110@N02,45.784150,4.852502,"artcontemporain,biennaledelyon",Biennale 14,16,15,7,11,2009,29,0,4,1,2010,,,
4242726602,30090110@N02,45.784150,4.852502,"artcontemporain,biennaledelyon",Biennale 13,15,15,7,11,2009,29,0,4,1,2010,,,
4241953703,30090110@N02,45.784150,4.852502,"artcontemporain,biennaledelyon",Biennale 12,15,15,7,11,2009,29,0,4,1,2010,,,
4241953203,30090110@N02,45.784150,4.852502,"artcontemporain,biennaledelyon",Biennale 11,8,15,7,11,2009,29,0,4,1,2010,,,
4241952887,30090110@N02,45.784150,4.852502,"artcontemporain,biennaledelyon",Biennale 10,7,15,7,11,2009,28,0,4,1,2010,,,
4242721306,30090110@N02,45.784150,4.852502,"artcontemporain,biennaledelyon",Biennale 9,19,15,7,11,2009,27,0,4,1,2010,,,
4241878225,30090110@N02,45.784150,4.852502,"artcontemporain,biennaledelyon",Biennale 8,5,16,7,11,2009,4,0,4,1,2010,,,
4242650266,30090110@N02,45.784150,4.852502,"artcontemporain,biennaledelyon",Biennale 7,4,16,7,11,2009,4,0,4,1,2010,,,
4242649640,30090110@N02,45.784150,4.852502,"artcontemporain,biennaledelyon",Biennale 5,2,16,7,11,2009,4,0,4,1,2010,,,
4242649342,30090110@N02,45.784150,4.852502,"artcontemporain,biennaledelyon",Biennale 4,21,15,7,11,2009,4,0,4,1,2010,,,
4242648872,30090110@N02,45.784150,4.852502,"artcontemporain,biennaledelyon",Biennale 2,5,15,7,11,2009,4,0,4,1,2010,,,
4242106140,45717618@N00,45.758872,4.867681,"rabbit,bokeh,day6,bokeh365",Bokeh - Day 6 : Laaapin !,54,21,2,1,2010,27,21,3,1,2010,,,
4241081659,62051585@N00,45.767366,4.818750,"famille,love,amour,bébé,fratrie",Blablabla,15,20,3,1,2010,16,20,3,1,2010,,,
4240372815,14669387@N04,45.770333,4.831000,"urban,art,lyon,lisbon",Kapital,6,9,22,6,2009,42,16,3,1,2010,,,
4241144330,14669387@N04,45.771833,4.833500,"urban,art,lyon,lisbon,gainsbourg,serge,sergegainsbourg",Serge,8,21,31,7,2009,42,16,3,1,2010,,,
4240349097,14669387@N04,45.755833,4.841667,"street,art",Father & Son,34,8,10,9,2009,35,16,3,1,2010,,,
4241120772,14669387@N04,45.769833,4.833000,"street,white,art,paint,peinture,blanc",Paint It White,34,23,12,9,2009,34,16,3,1,2010,,,
4241120258,14669387@N04,45.768667,4.830500,"art,pochoir,urabn",Small Bro,16,15,17,9,2009,34,16,3,1,2010,,,
4240347531,14669387@N04,45.771500,4.830667,"graph,funk",funk,19,21,19,9,2009,34,16,3,1,2010,,,
4241119336,14669387@N04,45.768333,4.832833,"urban,art,sticker",PKG,11,14,21,9,2009,34,16,3,1,2010,,,
4240346109,14669387@N04,45.771294,4.828255,"graph,michel,pochoir,sardou,michelsardou",Bah !,20,12,2,10,2009,34,16,3,1,2010,,,
4240345531,14669387@N04,45.770333,4.826167,"urban,art,leaf,feuille",Leaf,21,12,2,10,2009,34,16,3,1,2010,,,
4240345039,14669387@N04,45.771294,4.828255,"sheep,graph",Sheep,34,23,10,10,2009,33,16,3,1,2010,,,
4241116760,14669387@N04,45.772333,4.832333,"urban,art,graph,pochoir",Butcher Carmen,47,12,8,11,2009,33,16,3,1,2010,,,
4241116316,14669387@N04,45.770333,4.830667,"joe,clash,strummer,theclash,joestrummer",The Clash,12,13,25,11,2009,33,16,3,1,2010,,,
4240343649,14669387@N04,45.769167,4.829000,"graph,pochoir",X,56,14,3,12,2009,33,16,3,1,2010,,,
4240343217,14669387@N04,45.770833,4.831833,"graph,pochoir",Caddie,9,13,7,12,2009,33,16,3,1,2010,,,
4240342841,14669387@N04,45.770833,4.831833,"police,graph,tourist,pochoir",Pochoir,9,13,7,12,2009,33,16,3,1,2010,,,
4241114660,14669387@N04,45.769000,4.832333,"light,red,urban,art,sheep,graph,redlight",Red Sheep,28,18,8,12,2009,32,16,3,1,2010,,,
4241114202,14669387@N04,45.766167,4.848000,"urban,art,graph,smiley,pirate",Pirate Smiley,28,12,16,12,2009,32,16,3,1,2010,,,
4240341583,14669387@N04,45.775667,4.828667,"bird,graph,blackbird,violon,osru,hndmdcom",Blackbird,35,15,16,12,2009,32,16,3,1,2010,,,
4241113472,14669387@N04,45.775667,4.828667,"handmade,hndmdcom",hndmd.com,35,15,16,12,2009,32,16,3,1,2010,,,
4240340721,14669387@N04,45.771500,4.830833,"urban,art,graph,vandal",Vandal,15,19,8,12,2009,32,16,3,1,2010,,,
4240914044,14669387@N04,45.748500,4.875667,,Shadow,32,23,5,9,2009,20,15,3,1,2010,,,
4240913542,14669387@N04,45.748500,4.875667,,Paint,31,23,5,9,2009,19,15,3,1,2010,,,
4240140291,14669387@N04,45.748500,4.875667,,HNDMD.COM,30,23,5,9,2009,19,15,3,1,2010,,,
4240911534,14669387@N04,45.771500,4.830667,,My Pinky,2,17,8,5,2009,19,15,3,1,2010,,,
4240137667,14669387@N04,45.769000,4.831167,,IMG_0838.JPG,40,13,2,12,2008,18,15,3,1,2010,,,
4237973057,14838845@N08,45.767567,4.833791,,"Lyon, décembre 2009",46,23,6,12,2009,29,23,2,1,2010,,,
4237972789,14838845@N08,45.767567,4.833791,,"Lyon, décembre 2009",44,23,6,12,2009,29,23,2,1,2010,,,
4237972537,14838845@N08,45.767657,4.834837,,"Lyon, décembre 2009",58,23,6,12,2009,29,23,2,1,2010,,,
4237754975,7759978@N04,45.764742,4.833592,"panorama,lyon,gothicarchitecture,hugin,presquile,eglisesaintnizier,saintnizierchurch",Eglise Saint-Nizier,45,16,31,12,2009,19,22,2,1,2010,,,
4237644803,23332049@N07,45.760749,4.835336,"city,panorama,france,architecture,dark,square,lights,evening,nikon,lyon,1685mm",Lyon,44,21,2,1,2010,44,21,2,1,2010,,,
4237394513,45717618@N00,45.758872,4.867681,"cat,bokeh,billy,day5,bokeh365","Bokeh - Day 5 : Billy? Oui, c'est moi ..",20,14,2,1,2010,24,20,2,1,2010,,,
4237736784,16173245@N00,45.789028,4.777459,"shop,canon,shopping,de,lyon,mort,parking,85mm,carrefour,part,pack,adobe,ii,l,killed,carts,sdf,murdered,société,bière,dieu,lightroom,f12,consommation,jeune,caddie,tué,vigiles,décédé,wwwsimontremblayfr,etouffé",Killed by security guys,38,14,2,1,2010,6,18,2,1,2010,,,
4236129053,16197488@N06,45.743883,4.816088,pigeon,,19,13,27,12,2009,48,11,2,1,2010,,,
4234804648,45717618@N00,45.790277,4.924793,"car,bokeh,chocolate,voiture,day4,gateau,bokeh365",Bokey - Day 4 : Miam miam vroum vroum,58,1,1,1,2010,19,21,1,1,2010,,,
4233973045,25834160@N02,45.745073,4.841773,"de,jean,lyon,gare,macé",P1010406,54,11,13,12,2009,0,21,1,1,2010,,,
4234605314,62051585@N00,45.767360,4.818782,"famille,love,amour,bébé,fratrie",,13,20,1,1,2010,14,20,1,1,2010,,,
4234595138,25834160@N02,45.745073,4.841773,"de,jean,lyon,gare,macé",P1010425,11,12,13,12,2009,11,20,1,1,2010,,,
4234593054,25834160@N02,45.745073,4.841773,"de,jean,lyon,gare,macé",P1010424,10,12,13,12,2009,10,20,1,1,2010,,,
4234590172,25834160@N02,45.745073,4.841773,"de,jean,lyon,gare,macé",P1010423,5,12,13,12,2009,9,20,1,1,2010,,,
4233814769,25834160@N02,45.745073,4.841773,"de,jean,lyon,gare,macé",P1010422,5,12,13,12,2009,8,20,1,1,2010,,,
4233812863,25834160@N02,45.745073,4.841773,"de,jean,lyon,gare,macé",P1010421,4,12,13,12,2009,8,20,1,1,2010,,,
4233810655,25834160@N02,45.745073,4.841773,"de,jean,lyon,gare,macé",P1010420,4,12,13,12,2009,7,20,1,1,2010,,,
4233808535,25834160@N02,45.745073,4.841773,"de,jean,lyon,gare,macé",P1010419,4,12,13,12,2009,6,20,1,1,2010,,,
4234579936,25834160@N02,45.745073,4.841773,"de,jean,lyon,gare,macé",P1010418,3,12,13,12,2009,6,20,1,1,2010,,,
4234578586,25834160@N02,45.745073,4.841773,"de,jean,lyon,gare,macé",P1010416,1,12,13,12,2009,5,20,1,1,2010,,,
4234576558,25834160@N02,45.745073,4.841773,"de,jean,lyon,gare,macé",P1010415,1,12,13,12,2009,4,20,1,1,2010,,,
4234574492,25834160@N02,45.745073,4.841773,"de,jean,lyon,gare,macé",P1010414,0,12,13,12,2009,4,20,1,1,2010,,,
4234572834,25834160@N02,45.745073,4.841773,"de,jean,lyon,gare,macé",P1010413,59,11,13,12,2009,3,20,1,1,2010,,,
4234571434,25834160@N02,45.745073,4.841773,"de,jean,lyon,gare,macé",P1010412,59,11,13,12,2009,3,20,1,1,2010,,,
4234569176,25834160@N02,45.745073,4.841773,"de,jean,lyon,gare,macé",P1010411,58,11,13,12,2009,2,20,1,1,2010,,,
4233793303,25834160@N02,45.745073,4.841773,"de,jean,lyon,gare,macé",P1010409,56,11,13,12,2009,1,20,1,1,2010,,,
4234564920,25834160@N02,45.745073,4.841773,"de,jean,lyon,gare,macé",P1010408,55,11,13,12,2009,1,20,1,1,2010,,,
4234562978,25834160@N02,45.745073,4.841773,"de,jean,lyon,gare,macé",P1010407,55,11,13,12,2009,0,20,1,1,2010,,,
4233656324,19606862@N00,45.761146,4.836291,"lyon,ruepresidentcarnot",Lyon 30.12.2009,59,15,30,12,2009,55,13,1,1,2010,,,
4232570961,41746313@N04,45.762216,4.822933,"lyon,couleurs,cathédrale,horloge,temps,fourvière,astronomique","Fourvière, l'horloge astronomique",11,10,1,1,2010,11,10,1,1,2010,,,
4232579246,33646230@N03,45.762755,4.811775,"friedhof,france,cemetery,grave,graveyard,lyon,tomb,graves,tombs,cimitiere,loyasse","Lyon, Cimitière de Loyasse",35,8,14,4,2007,20,1,1,1,2010,,,
4230889301,22583865@N02,45.718615,4.793064,"nikon,2009,105mmf28gvrmicro,d700,thedigitalfly,bokehliciousimage,bokeh365,lotfidakhli,avecdesbandes",Nose On The Floor 1.00,30,14,31,12,2009,53,17,31,12,2009,,,
4230888871,22583865@N02,45.718615,4.793064,"nikon,2009,105mmf28gvrmicro,d700,thedigitalfly,lotfidakhli,avecdesbandes",Nose On The Floor 1.01,26,14,31,12,2009,53,17,31,12,2009,,,
4231553220,14669387@N04,45.769167,4.830500,,Lyon Fontaine,7,19,8,12,2009,8,17,31,12,2009,,,
4231552890,14669387@N04,45.771167,4.831500,,Pochoir Pentes,8,13,7,12,2009,8,17,31,12,2009,,,
4230785365,14669387@N04,45.767403,4.833298,,Hôtel de ville 8 décembre,46,18,8,12,2009,8,17,31,12,2009,,,
4230784279,14669387@N04,45.768333,4.836167,,Opéra 8 décembre,35,18,8,12,2009,8,17,31,12,2009,,,
4231550158,14669387@N04,45.769000,4.832333,,Mouton Rouge,28,18,8,12,2009,7,17,31,12,2009,,,
4230777843,14669387@N04,45.765833,4.828333,,Frigo bleu,47,12,26,9,2009,5,17,31,12,2009,,,
4230776847,14669387@N04,45.724167,4.834167,,gerland,32,20,16,9,2009,4,17,31,12,2009,,,
4230775967,14669387@N04,45.748500,4.875667,,Atelier Handmade,30,23,5,9,2009,4,17,31,12,2009,,,
4230773687,14669387@N04,45.755833,4.841667,,Père & Fils,34,8,10,9,2009,3,17,31,12,2009,,,
4231539838,14669387@N04,45.771833,4.833500,,Gainsbourg pentes,8,21,31,7,2009,3,17,31,12,2009,,,
4231539458,14669387@N04,45.763333,4.828167,,Oliphant,8,23,2,7,2009,3,17,31,12,2009,,,
4230772069,14669387@N04,45.770167,4.830833,,Graph,58,15,27,6,2009,2,17,31,12,2009,,,
4230769303,14669387@N04,45.769000,4.831167,,GNR pentes,40,13,2,12,2008,1,17,31,12,2009,,,
4230683355,45717618@N00,45.781845,4.937238,"bokeh,day3,arttoy,wesh,bokeh365",Bokeh - Day 3 : Wesh,30,14,31,12,2009,21,16,31,12,2009,,,
4230602921,14838845@N08,45.760846,4.827230,,"Lyon, décembre 2009",6,22,6,12,2009,40,15,31,12,2009,,,
4230602805,14838845@N08,45.761048,4.826640,,"Lyon, décembre 2009",52,21,6,12,2009,40,15,31,12,2009,,,
4231369972,14838845@N08,45.761048,4.826640,,"Lyon, décembre 2009",56,21,6,12,2009,40,15,31,12,2009,,,
4230480689,9661897@N08,45.782495,4.872575,"skateboarding,rhône,skate,skateboard,69,feeble",La fin des haricots (1/2),22,15,24,10,2009,28,14,31,12,2009,,,
4231246496,9661897@N08,45.782495,4.872575,"rhône,69",La fin des haricots (2/2),23,15,24,10,2009,27,14,31,12,2009,,,
4229733518,45717618@N00,45.758872,4.867681,"day2,cat,bokeh,billy,bokeh365",Bokeh - Day 2 : C'est à moi que tu causes ?,33,1,31,12,2009,6,0,31,12,2009,,,
4229526782,35054281@N08,45.760588,4.826259,,Nikon 17-55mm f/2.8,41,15,5,12,2009,35,22,30,12,2009,,,
4228449385,9259848@N08,45.774707,4.834992,"light,hat,night,square,tricot,lyon,11,bonnet,lumières,carré,croixrousse,8décembre,ponpon,groscaillou,lx3,fêtedeslumière,tricotscanuts",Le gros Cailloux de la Croix-Rousse couvert pour l'hiver !,12,20,5,12,2009,24,20,30,12,2009,,,
4228443395,9259848@N08,45.774407,4.828834,"light,night,square,shadows,lyon,11,ombre,lumières,ombres,croixrousse,fêtedeslumières,8décembre,ombreschinoises,lx3,lecarréfrançais","Ombres chinoises des gonnes, Bd de la X-Rousse",25,19,5,12,2009,21,20,30,12,2009,,,
4228133779,12984605@N05,45.773480,4.841108,"tictaclanuitdestemps,poetictac,montage,8décembre2009,fêtedeslumières,festivaloflights,bergesdurhône,lyon,france,light,lumière,night,nuit,scale,ladder,échelle,colors,couleurs,ya,explore,2009,abstraction,capteursdelumière,©annedhuart,intertwining,entrelacs,annedhuart",Color scale,12,19,3,12,2009,14,18,30,12,2009,,,
4227457755,40936370@N00,45.837448,4.826248,"portrait,sculpture,snow,streetart,france,art,mystery,museum,architecture,night,painting,ruins,rawart,outsiderart,chaos,symbol,contemporaryart,secret,911,apocalypse,taz,peinture,container,freemasonry,anarchy,neige,artbrut,nuit,ddc,sanctuary,worldwar,bombing,mystic,cyberpunk,landart,devastation,alchemy,destroy,modernsculpture,prophecy,999,vanitas,endoftheworld,sanctuaire,postapocalyptic,dadaisme,artprice,salamanderspirit,organmuseum,saintromainaumontdor,demeureduchaos,thierryehrmann,alchimie,artsingulier,ephemeralart,prophétie,abodeofchaos,facteurcheval,palaisideal,kurtehrmann,artéphémère,postapocalyptique,maisondartiste,artistshouses,sculpturemoderne,francmaconnerie,ehrmannscrew,groupeserveur,lespritdelasalamandre,crashculture,servergroup",Ether by Ehrmann's Crew K SANY0047 (glissé(e)s),34,16,18,12,2009,32,12,30,12,2009,,,
4227457729,40936370@N00,45.837448,4.826248,"portrait,sculpture,snow,streetart,france,art,mystery,museum,architecture,night,painting,ruins,rawart,outsiderart,chaos,symbol,contemporaryart,secret,911,apocalypse,taz,peinture,container,freemasonry,anarchy,neige,artbrut,nuit,ddc,sanctuary,worldwar,bombing,mystic,cyberpunk,landart,devastation,alchemy,destroy,modernsculpture,prophecy,999,vanitas,endoftheworld,sanctuaire,postapocalyptic,dadaisme,artprice,salamanderspirit,organmuseum,saintromainaumontdor,demeureduchaos,thierryehrmann,alchimie,artsingulier,ephemeralart,prophétie,abodeofchaos,facteurcheval,palaisideal,kurtehrmann,artéphémère,postapocalyptique,maisondartiste,artistshouses,sculpturemoderne,francmaconnerie,ehrmannscrew,groupeserveur,lespritdelasalamandre,crashculture,servergroup",Ether by Ehrmann's Crew K IMGP0690 (glissé(e)s),0,16,23,1,2007,32,12,30,12,2009,,,
4227457689,40936370@N00,45.837448,4.826248,"portrait,sculpture,snow,streetart,france,art,mystery,museum,architecture,night,painting,ruins,rawart,outsiderart,chaos,symbol,contemporaryart,secret,911,apocalypse,taz,peinture,container,freemasonry,anarchy,neige,artbrut,nuit,ddc,sanctuary,worldwar,bombing,mystic,cyberpunk,landart,devastation,alchemy,destroy,modernsculpture,prophecy,999,vanitas,endoftheworld,sanctuaire,postapocalyptic,dadaisme,artprice,salamanderspirit,organmuseum,saintromainaumontdor,demeureduchaos,thierryehrmann,alchimie,artsingulier,ephemeralart,prophétie,abodeofchaos,facteurcheval,palaisideal,kurtehrmann,artéphémère,postapocalyptique,maisondartiste,artistshouses,sculpturemoderne,francmaconnerie,ehrmannscrew,groupeserveur,lespritdelasalamandre,crashculture,servergroup",Ether by Ehrmann's Crew K IMGP0233 (glissé(e)s),43,5,21,1,2007,32,12,30,12,2009,,,
4228227444,40936370@N00,45.837448,4.826248,"portrait,sculpture,snow,streetart,france,art,mystery,museum,architecture,night,painting,ruins,rawart,outsiderart,chaos,symbol,contemporaryart,secret,911,apocalypse,taz,peinture,container,freemasonry,anarchy,neige,artbrut,nuit,ddc,sanctuary,worldwar,bombing,mystic,cyberpunk,landart,devastation,alchemy,destroy,modernsculpture,prophecy,999,vanitas,endoftheworld,sanctuaire,postapocalyptic,dadaisme,artprice,salamanderspirit,organmuseum,saintromainaumontdor,demeureduchaos,thierryehrmann,alchimie,artsingulier,ephemeralart,prophétie,abodeofchaos,facteurcheval,palaisideal,kurtehrmann,artéphémère,postapocalyptique,maisondartiste,artistshouses,sculpturemoderne,francmaconnerie,ehrmannscrew,groupeserveur,lespritdelasalamandre,crashculture,servergroup",Ether by Ehrmann's Crew K IMGP0235 (glissé(e)s),43,5,21,1,2007,32,12,30,12,2009,,,
4227457613,40936370@N00,45.837448,4.826248,"portrait,sculpture,snow,streetart,france,art,mystery,museum,architecture,night,painting,ruins,rawart,outsiderart,chaos,symbol,contemporaryart,secret,911,apocalypse,taz,peinture,container,freemasonry,anarchy,neige,artbrut,nuit,ddc,sanctuary,worldwar,bombing,mystic,cyberpunk,landart,devastation,alchemy,destroy,modernsculpture,prophecy,999,vanitas,endoftheworld,sanctuaire,postapocalyptic,dadaisme,artprice,salamanderspirit,organmuseum,saintromainaumontdor,demeureduchaos,thierryehrmann,alchimie,artsingulier,ephemeralart,prophétie,abodeofchaos,facteurcheval,palaisideal,kurtehrmann,artéphémère,postapocalyptique,maisondartiste,artistshouses,sculpturemoderne,francmaconnerie,ehrmannscrew,groupeserveur,lespritdelasalamandre,crashculture,servergroup",Ether by Ehrmann's Crew K IMGP0243 (glissé(e)s),44,5,21,1,2007,32,12,30,12,2009,,,
4314088051,16869529@N06,45.760127,4.840578,michelemp,"Lyon, fête des lumières 8 décembre 2009",4,20,8,12,2009,15,17,31,12,2009,,,
4230800207,16869529@N06,45.763481,4.840078,"bridge,france,night,geotagged,lights,europe,lyon,newyear,rhône,wishes,pont,nuit,soe,lumières,2010,voeux,vœux,fêtedeslumières,nouvelleannée,pontlafayette,mywinners,anawesomeshot,michelemp,geo:lat=45763481,geo:lon=4840078",Bonne Année 2010 ~ Happy New Year 2010,4,20,8,12,2009,15,17,31,12,2009,,,
4228227378,40936370@N00,45.837448,4.826248,"portrait,sculpture,snow,streetart,france,art,mystery,museum,architecture,night,painting,ruins,rawart,outsiderart,chaos,symbol,contemporaryart,secret,911,apocalypse,taz,peinture,container,freemasonry,anarchy,neige,artbrut,nuit,ddc,sanctuary,worldwar,bombing,mystic,cyberpunk,landart,devastation,alchemy,destroy,modernsculpture,prophecy,999,vanitas,endoftheworld,sanctuaire,postapocalyptic,dadaisme,artprice,salamanderspirit,organmuseum,saintromainaumontdor,demeureduchaos,thierryehrmann,alchimie,artsingulier,ephemeralart,prophétie,abodeofchaos,facteurcheval,palaisideal,kurtehrmann,artéphémère,postapocalyptique,maisondartiste,artistshouses,sculpturemoderne,francmaconnerie,ehrmannscrew,groupeserveur,lespritdelasalamandre,crashculture,servergroup",Ether by Ehrmann's Crew K IMGP0255 (glissé(e)s),47,5,21,1,2007,32,12,30,12,2009,,,
4228227338,40936370@N00,45.837448,4.826248,"portrait,sculpture,snow,streetart,france,art,mystery,museum,architecture,night,painting,ruins,rawart,outsiderart,chaos,symbol,contemporaryart,secret,911,apocalypse,taz,peinture,container,freemasonry,anarchy,neige,artbrut,nuit,ddc,sanctuary,worldwar,bombing,mystic,cyberpunk,landart,devastation,alchemy,destroy,modernsculpture,prophecy,999,vanitas,endoftheworld,sanctuaire,postapocalyptic,dadaisme,artprice,salamanderspirit,organmuseum,saintromainaumontdor,demeureduchaos,thierryehrmann,alchimie,artsingulier,ephemeralart,prophétie,abodeofchaos,facteurcheval,palaisideal,kurtehrmann,artéphémère,postapocalyptique,maisondartiste,artistshouses,sculpturemoderne,francmaconnerie,ehrmannscrew,groupeserveur,lespritdelasalamandre,crashculture,servergroup",Ether by Ehrmann's Crew K IMGP0258 (glissé(e)s),48,5,21,1,2007,32,12,30,12,2009,,,
4228227298,40936370@N00,45.837448,4.826248,"portrait,sculpture,snow,streetart,france,art,mystery,museum,architecture,night,painting,ruins,rawart,outsiderart,chaos,symbol,contemporaryart,secret,911,apocalypse,taz,peinture,container,freemasonry,anarchy,neige,artbrut,nuit,ddc,sanctuary,worldwar,bombing,mystic,cyberpunk,landart,devastation,alchemy,destroy,modernsculpture,prophecy,999,vanitas,endoftheworld,sanctuaire,postapocalyptic,dadaisme,artprice,salamanderspirit,organmuseum,saintromainaumontdor,demeureduchaos,thierryehrmann,alchimie,artsingulier,ephemeralart,prophétie,abodeofchaos,facteurcheval,palaisideal,kurtehrmann,artéphémère,postapocalyptique,maisondartiste,artistshouses,sculpturemoderne,francmaconnerie,ehrmannscrew,groupeserveur,lespritdelasalamandre,crashculture,servergroup",Ether by Ehrmann's Crew K IMGP0275 (glissé(e)s),51,5,21,1,2007,32,12,30,12,2009,,,
4227457491,40936370@N00,45.837448,4.826248,"portrait,sculpture,snow,streetart,france,art,mystery,museum,architecture,night,painting,ruins,rawart,outsiderart,chaos,symbol,contemporaryart,secret,911,apocalypse,taz,peinture,container,freemasonry,anarchy,neige,artbrut,nuit,ddc,sanctuary,worldwar,bombing,mystic,cyberpunk,landart,devastation,alchemy,destroy,modernsculpture,prophecy,999,vanitas,endoftheworld,sanctuaire,postapocalyptic,dadaisme,artprice,salamanderspirit,organmuseum,saintromainaumontdor,demeureduchaos,thierryehrmann,alchimie,artsingulier,ephemeralart,prophétie,abodeofchaos,facteurcheval,palaisideal,kurtehrmann,artéphémère,postapocalyptique,maisondartiste,artistshouses,sculpturemoderne,francmaconnerie,ehrmannscrew,groupeserveur,lespritdelasalamandre,crashculture,servergroup",Ether by Ehrmann's Crew K IMGP0278 (glissé(e)s),52,5,21,1,2007,32,12,30,12,2009,,,
4228227230,40936370@N00,45.837448,4.826248,"portrait,sculpture,snow,streetart,france,art,mystery,museum,architecture,night,painting,ruins,rawart,outsiderart,chaos,symbol,contemporaryart,secret,911,apocalypse,taz,peinture,container,freemasonry,anarchy,neige,artbrut,nuit,ddc,sanctuary,worldwar,bombing,mystic,cyberpunk,landart,devastation,alchemy,destroy,modernsculpture,prophecy,999,vanitas,endoftheworld,sanctuaire,postapocalyptic,dadaisme,artprice,salamanderspirit,organmuseum,saintromainaumontdor,demeureduchaos,thierryehrmann,alchimie,artsingulier,ephemeralart,prophétie,abodeofchaos,facteurcheval,palaisideal,kurtehrmann,artéphémère,postapocalyptique,maisondartiste,artistshouses,sculpturemoderne,francmaconnerie,ehrmannscrew,groupeserveur,lespritdelasalamandre,crashculture,servergroup",Ether by Ehrmann's Crew K IMGP0283 (glissé(e)s),53,5,21,1,2007,32,12,30,12,2009,,,
4228227184,40936370@N00,45.837448,4.826248,"portrait,sculpture,snow,streetart,france,art,mystery,museum,architecture,night,painting,ruins,rawart,outsiderart,chaos,symbol,contemporaryart,secret,911,apocalypse,taz,peinture,container,freemasonry,anarchy,neige,artbrut,nuit,ddc,sanctuary,worldwar,bombing,mystic,cyberpunk,landart,devastation,alchemy,destroy,modernsculpture,prophecy,999,vanitas,endoftheworld,sanctuaire,postapocalyptic,dadaisme,artprice,salamanderspirit,organmuseum,saintromainaumontdor,demeureduchaos,thierryehrmann,alchimie,artsingulier,ephemeralart,prophétie,abodeofchaos,facteurcheval,palaisideal,kurtehrmann,artéphémère,postapocalyptique,maisondartiste,artistshouses,sculpturemoderne,francmaconnerie,ehrmannscrew,groupeserveur,lespritdelasalamandre,crashculture,servergroup",Ether by Ehrmann's Crew K IMGP0285 (glissé(e)s),54,5,21,1,2007,32,12,30,12,2009,,,
4227457389,40936370@N00,45.837448,4.826248,"portrait,sculpture,snow,streetart,france,art,mystery,museum,architecture,night,painting,ruins,rawart,outsiderart,chaos,symbol,contemporaryart,secret,911,apocalypse,taz,peinture,container,freemasonry,anarchy,neige,artbrut,nuit,ddc,sanctuary,worldwar,bombing,mystic,cyberpunk,landart,devastation,alchemy,destroy,modernsculpture,prophecy,999,vanitas,endoftheworld,sanctuaire,postapocalyptic,dadaisme,artprice,salamanderspirit,organmuseum,saintromainaumontdor,demeureduchaos,thierryehrmann,alchimie,artsingulier,ephemeralart,prophétie,abodeofchaos,facteurcheval,palaisideal,kurtehrmann,artéphémère,postapocalyptique,maisondartiste,artistshouses,sculpturemoderne,francmaconnerie,ehrmannscrew,groupeserveur,lespritdelasalamandre,crashculture,servergroup",Ether by Ehrmann's Crew K IMGP0287 (glissé(e)s),55,5,21,1,2007,32,12,30,12,2009,,,
4228227116,40936370@N00,45.837448,4.826248,"portrait,sculpture,snow,streetart,france,art,mystery,museum,architecture,night,painting,ruins,rawart,outsiderart,chaos,symbol,contemporaryart,secret,911,apocalypse,taz,peinture,container,freemasonry,anarchy,neige,artbrut,nuit,ddc,sanctuary,worldwar,bombing,mystic,cyberpunk,landart,devastation,alchemy,destroy,modernsculpture,prophecy,999,vanitas,endoftheworld,sanctuaire,postapocalyptic,dadaisme,artprice,salamanderspirit,organmuseum,saintromainaumontdor,demeureduchaos,thierryehrmann,alchimie,artsingulier,ephemeralart,prophétie,abodeofchaos,facteurcheval,palaisideal,kurtehrmann,artéphémère,postapocalyptique,maisondartiste,artistshouses,sculpturemoderne,francmaconnerie,ehrmannscrew,groupeserveur,lespritdelasalamandre,crashculture,servergroup",Ether by Ehrmann's Crew K IMGP0301 (glissé(e)s),34,7,21,1,2007,32,12,30,12,2009,,,
4228227088,40936370@N00,45.837448,4.826248,"portrait,sculpture,snow,streetart,france,art,mystery,museum,architecture,night,painting,ruins,rawart,outsiderart,chaos,symbol,contemporaryart,secret,911,apocalypse,taz,peinture,container,freemasonry,anarchy,neige,artbrut,nuit,ddc,sanctuary,worldwar,bombing,mystic,cyberpunk,landart,devastation,alchemy,destroy,modernsculpture,prophecy,999,vanitas,endoftheworld,sanctuaire,postapocalyptic,dadaisme,artprice,salamanderspirit,organmuseum,saintromainaumontdor,demeureduchaos,thierryehrmann,alchimie,artsingulier,ephemeralart,prophétie,abodeofchaos,facteurcheval,palaisideal,kurtehrmann,artéphémère,postapocalyptique,maisondartiste,artistshouses,sculpturemoderne,francmaconnerie,ehrmannscrew,groupeserveur,lespritdelasalamandre,crashculture,servergroup",Ether by Ehrmann's Crew K IMGP0311 (glissé(e)s),42,7,21,1,2007,32,12,30,12,2009,,,
4227457231,40936370@N00,45.837448,4.826248,"portrait,sculpture,snow,streetart,france,art,mystery,museum,architecture,night,painting,ruins,rawart,outsiderart,chaos,symbol,contemporaryart,secret,911,apocalypse,taz,peinture,container,freemasonry,anarchy,neige,artbrut,nuit,ddc,sanctuary,worldwar,bombing,mystic,cyberpunk,landart,devastation,alchemy,destroy,modernsculpture,prophecy,999,vanitas,endoftheworld,sanctuaire,postapocalyptic,dadaisme,artprice,salamanderspirit,organmuseum,saintromainaumontdor,demeureduchaos,thierryehrmann,alchimie,artsingulier,ephemeralart,prophétie,abodeofchaos,facteurcheval,palaisideal,kurtehrmann,artéphémère,postapocalyptique,maisondartiste,artistshouses,sculpturemoderne,francmaconnerie,ehrmannscrew,groupeserveur,lespritdelasalamandre,crashculture,servergroup",Ether by Ehrmann's Crew K IMGP0322 (glissé(e)s),45,7,21,1,2007,32,12,30,12,2009,,,
4227457187,40936370@N00,45.837448,4.826248,"portrait,sculpture,snow,streetart,france,art,mystery,museum,architecture,night,painting,ruins,rawart,outsiderart,chaos,symbol,contemporaryart,secret,911,apocalypse,taz,peinture,container,freemasonry,anarchy,neige,artbrut,nuit,ddc,sanctuary,worldwar,bombing,mystic,cyberpunk,landart,devastation,alchemy,destroy,modernsculpture,prophecy,999,vanitas,endoftheworld,sanctuaire,postapocalyptic,dadaisme,artprice,salamanderspirit,organmuseum,saintromainaumontdor,demeureduchaos,thierryehrmann,alchimie,artsingulier,ephemeralart,prophétie,abodeofchaos,facteurcheval,palaisideal,kurtehrmann,artéphémère,postapocalyptique,maisondartiste,artistshouses,sculpturemoderne,francmaconnerie,ehrmannscrew,groupeserveur,lespritdelasalamandre,crashculture,servergroup",Ether by Ehrmann's Crew K IMGP0338 (glissé(e)s),49,7,21,1,2007,32,12,30,12,2009,,,
4228226964,40936370@N00,45.837448,4.826248,"portrait,sculpture,snow,streetart,france,art,mystery,museum,architecture,night,painting,ruins,rawart,outsiderart,chaos,symbol,contemporaryart,secret,911,apocalypse,taz,peinture,container,freemasonry,anarchy,neige,artbrut,nuit,ddc,sanctuary,worldwar,bombing,mystic,cyberpunk,landart,devastation,alchemy,destroy,modernsculpture,prophecy,999,vanitas,endoftheworld,sanctuaire,postapocalyptic,dadaisme,artprice,salamanderspirit,organmuseum,saintromainaumontdor,demeureduchaos,thierryehrmann,alchimie,artsingulier,ephemeralart,prophétie,abodeofchaos,facteurcheval,palaisideal,kurtehrmann,artéphémère,postapocalyptique,maisondartiste,artistshouses,sculpturemoderne,francmaconnerie,ehrmannscrew,groupeserveur,lespritdelasalamandre,crashculture,servergroup",Ether by Ehrmann's Crew K IMGP0342 (glissé(e)s),50,7,21,1,2007,32,12,30,12,2009,,,
4228226936,40936370@N00,45.837448,4.826248,"portrait,sculpture,snow,streetart,france,art,mystery,museum,architecture,night,painting,ruins,rawart,outsiderart,chaos,symbol,contemporaryart,secret,911,apocalypse,taz,peinture,container,freemasonry,anarchy,neige,artbrut,nuit,ddc,sanctuary,worldwar,bombing,mystic,cyberpunk,landart,devastation,alchemy,destroy,modernsculpture,prophecy,999,vanitas,endoftheworld,sanctuaire,postapocalyptic,dadaisme,artprice,salamanderspirit,organmuseum,saintromainaumontdor,demeureduchaos,thierryehrmann,alchimie,artsingulier,ephemeralart,prophétie,abodeofchaos,facteurcheval,palaisideal,kurtehrmann,artéphémère,postapocalyptique,maisondartiste,artistshouses,sculpturemoderne,francmaconnerie,ehrmannscrew,groupeserveur,lespritdelasalamandre,crashculture,servergroup",Ether by Ehrmann's Crew K IMGP0357 (glissé(e)s),55,7,21,1,2007,32,12,30,12,2009,,,
4227457065,40936370@N00,45.837448,4.826248,"portrait,sculpture,snow,streetart,france,art,mystery,museum,architecture,night,painting,ruins,rawart,outsiderart,chaos,symbol,contemporaryart,secret,911,apocalypse,taz,peinture,container,freemasonry,anarchy,neige,artbrut,nuit,ddc,sanctuary,worldwar,bombing,mystic,cyberpunk,landart,devastation,alchemy,destroy,modernsculpture,prophecy,999,vanitas,endoftheworld,sanctuaire,postapocalyptic,dadaisme,artprice,salamanderspirit,organmuseum,saintromainaumontdor,demeureduchaos,thierryehrmann,alchimie,artsingulier,ephemeralart,prophétie,abodeofchaos,facteurcheval,palaisideal,kurtehrmann,artéphémère,postapocalyptique,maisondartiste,artistshouses,sculpturemoderne,francmaconnerie,ehrmannscrew,groupeserveur,lespritdelasalamandre,crashculture,servergroup",Ether by Ehrmann's Crew K IMGP0359 (glissé(e)s),56,7,21,1,2007,32,12,30,12,2009,,,
4228226866,40936370@N00,45.837448,4.826248,"portrait,sculpture,snow,streetart,france,art,mystery,museum,architecture,night,painting,ruins,rawart,outsiderart,chaos,symbol,contemporaryart,secret,911,apocalypse,taz,peinture,container,freemasonry,anarchy,neige,artbrut,nuit,ddc,sanctuary,worldwar,bombing,mystic,cyberpunk,landart,devastation,alchemy,destroy,modernsculpture,prophecy,999,vanitas,endoftheworld,sanctuaire,postapocalyptic,dadaisme,artprice,salamanderspirit,organmuseum,saintromainaumontdor,demeureduchaos,thierryehrmann,alchimie,artsingulier,ephemeralart,prophétie,abodeofchaos,facteurcheval,palaisideal,kurtehrmann,artéphémère,postapocalyptique,maisondartiste,artistshouses,sculpturemoderne,francmaconnerie,ehrmannscrew,groupeserveur,lespritdelasalamandre,crashculture,servergroup",Ether by Ehrmann's Crew K IMGP0373 (glissé(e)s) 1,44,9,21,1,2007,32,12,30,12,2009,,,
4228226790,40936370@N00,45.837448,4.826248,"portrait,sculpture,snow,streetart,france,art,mystery,museum,architecture,night,painting,ruins,rawart,outsiderart,chaos,symbol,contemporaryart,secret,911,apocalypse,taz,peinture,container,freemasonry,anarchy,neige,artbrut,nuit,ddc,sanctuary,worldwar,bombing,mystic,cyberpunk,landart,devastation,alchemy,destroy,modernsculpture,prophecy,999,vanitas,endoftheworld,sanctuaire,postapocalyptic,dadaisme,artprice,salamanderspirit,organmuseum,saintromainaumontdor,demeureduchaos,thierryehrmann,alchimie,artsingulier,ephemeralart,prophétie,abodeofchaos,facteurcheval,palaisideal,kurtehrmann,artéphémère,postapocalyptique,maisondartiste,artistshouses,sculpturemoderne,francmaconnerie,ehrmannscrew,groupeserveur,lespritdelasalamandre,crashculture,servergroup",Ether by Ehrmann's Crew K IMGP0396 (glissé(e)s),56,9,21,1,2007,32,12,30,12,2009,,,
4227456911,40936370@N00,45.837448,4.826248,"portrait,sculpture,snow,streetart,france,art,mystery,museum,architecture,night,painting,ruins,rawart,outsiderart,chaos,symbol,contemporaryart,secret,911,apocalypse,taz,peinture,container,freemasonry,anarchy,neige,artbrut,nuit,ddc,sanctuary,worldwar,bombing,mystic,cyberpunk,landart,devastation,alchemy,destroy,modernsculpture,prophecy,999,vanitas,endoftheworld,sanctuaire,postapocalyptic,dadaisme,artprice,salamanderspirit,organmuseum,saintromainaumontdor,demeureduchaos,thierryehrmann,alchimie,artsingulier,ephemeralart,prophétie,abodeofchaos,facteurcheval,palaisideal,kurtehrmann,artéphémère,postapocalyptique,maisondartiste,artistshouses,sculpturemoderne,francmaconnerie,ehrmannscrew,groupeserveur,lespritdelasalamandre,crashculture,servergroup",Ether by Ehrmann's Crew K IMGP0418 (glissé(e)s),5,10,21,1,2007,32,12,30,12,2009,,,
4228226704,40936370@N00,45.837448,4.826248,"portrait,sculpture,snow,streetart,france,art,mystery,museum,architecture,night,painting,ruins,rawart,outsiderart,chaos,symbol,contemporaryart,secret,911,apocalypse,taz,peinture,container,freemasonry,anarchy,neige,artbrut,nuit,ddc,sanctuary,worldwar,bombing,mystic,cyberpunk,landart,devastation,alchemy,destroy,modernsculpture,prophecy,999,vanitas,endoftheworld,sanctuaire,postapocalyptic,dadaisme,artprice,salamanderspirit,organmuseum,saintromainaumontdor,demeureduchaos,thierryehrmann,alchimie,artsingulier,ephemeralart,prophétie,abodeofchaos,facteurcheval,palaisideal,kurtehrmann,artéphémère,postapocalyptique,maisondartiste,artistshouses,sculpturemoderne,francmaconnerie,ehrmannscrew,groupeserveur,lespritdelasalamandre,crashculture,servergroup",Ether by Ehrmann's Crew K IMGP0447 (glissé(e)s),15,10,21,1,2007,32,12,30,12,2009,,,
4228226656,40936370@N00,45.837448,4.826248,"portrait,sculpture,snow,streetart,france,art,mystery,museum,architecture,night,painting,ruins,rawart,outsiderart,chaos,symbol,contemporaryart,secret,911,apocalypse,taz,peinture,container,freemasonry,anarchy,neige,artbrut,nuit,ddc,sanctuary,worldwar,bombing,mystic,cyberpunk,landart,devastation,alchemy,destroy,modernsculpture,prophecy,999,vanitas,endoftheworld,sanctuaire,postapocalyptic,dadaisme,artprice,salamanderspirit,organmuseum,saintromainaumontdor,demeureduchaos,thierryehrmann,alchimie,artsingulier,ephemeralart,prophétie,abodeofchaos,facteurcheval,palaisideal,kurtehrmann,artéphémère,postapocalyptique,maisondartiste,artistshouses,sculpturemoderne,francmaconnerie,ehrmannscrew,groupeserveur,lespritdelasalamandre,crashculture,servergroup",Ether by Ehrmann's Crew K IMGP0465 (glissé(e)s),22,10,21,1,2007,32,12,30,12,2009,,,
4227456801,40936370@N00,45.837448,4.826248,"portrait,sculpture,snow,streetart,france,art,mystery,museum,architecture,night,painting,ruins,rawart,outsiderart,chaos,symbol,contemporaryart,secret,911,apocalypse,taz,peinture,container,freemasonry,anarchy,neige,artbrut,nuit,ddc,sanctuary,worldwar,bombing,mystic,cyberpunk,landart,devastation,alchemy,destroy,modernsculpture,prophecy,999,vanitas,endoftheworld,sanctuaire,postapocalyptic,dadaisme,artprice,salamanderspirit,organmuseum,saintromainaumontdor,demeureduchaos,thierryehrmann,alchimie,artsingulier,ephemeralart,prophétie,abodeofchaos,facteurcheval,palaisideal,kurtehrmann,artéphémère,postapocalyptique,maisondartiste,artistshouses,sculpturemoderne,francmaconnerie,ehrmannscrew,groupeserveur,lespritdelasalamandre,crashculture,servergroup",Ether by Ehrmann's Crew K IMGP0467 (glissé(e)s),23,10,21,1,2007,32,12,30,12,2009,,,
4227456765,40936370@N00,45.837448,4.826248,"portrait,sculpture,snow,streetart,france,art,mystery,museum,architecture,night,painting,ruins,rawart,outsiderart,chaos,symbol,contemporaryart,secret,911,apocalypse,taz,peinture,container,freemasonry,anarchy,neige,artbrut,nuit,ddc,sanctuary,worldwar,bombing,mystic,cyberpunk,landart,devastation,alchemy,destroy,modernsculpture,prophecy,999,vanitas,endoftheworld,sanctuaire,postapocalyptic,dadaisme,artprice,salamanderspirit,organmuseum,saintromainaumontdor,demeureduchaos,thierryehrmann,alchimie,artsingulier,ephemeralart,prophétie,abodeofchaos,facteurcheval,palaisideal,kurtehrmann,artéphémère,postapocalyptique,maisondartiste,artistshouses,sculpturemoderne,francmaconnerie,ehrmannscrew,groupeserveur,lespritdelasalamandre,crashculture,servergroup",Ether by Ehrmann's Crew K IMGP0495 (glissé(e)s),33,10,21,1,2007,32,12,30,12,2009,,,
4228226570,40936370@N00,45.837448,4.826248,"portrait,sculpture,snow,streetart,france,art,mystery,museum,architecture,night,painting,ruins,rawart,outsiderart,chaos,symbol,contemporaryart,secret,911,apocalypse,taz,peinture,container,freemasonry,anarchy,neige,artbrut,nuit,ddc,sanctuary,worldwar,bombing,mystic,cyberpunk,landart,devastation,alchemy,destroy,modernsculpture,prophecy,999,vanitas,endoftheworld,sanctuaire,postapocalyptic,dadaisme,artprice,salamanderspirit,organmuseum,saintromainaumontdor,demeureduchaos,thierryehrmann,alchimie,artsingulier,ephemeralart,prophétie,abodeofchaos,facteurcheval,palaisideal,kurtehrmann,artéphémère,postapocalyptique,maisondartiste,artistshouses,sculpturemoderne,francmaconnerie,ehrmannscrew,groupeserveur,lespritdelasalamandre,crashculture,servergroup",Ether by Ehrmann's Crew K IMGP0505 (glissé(e)s),36,10,21,1,2007,32,12,30,12,2009,,,
4228226514,40936370@N00,45.837448,4.826248,"portrait,sculpture,snow,streetart,france,art,mystery,museum,architecture,night,painting,ruins,rawart,outsiderart,chaos,symbol,contemporaryart,secret,911,apocalypse,taz,peinture,container,freemasonry,anarchy,neige,artbrut,nuit,ddc,sanctuary,worldwar,bombing,mystic,cyberpunk,landart,devastation,alchemy,destroy,modernsculpture,prophecy,999,vanitas,endoftheworld,sanctuaire,postapocalyptic,dadaisme,artprice,salamanderspirit,organmuseum,saintromainaumontdor,demeureduchaos,thierryehrmann,alchimie,artsingulier,ephemeralart,prophétie,abodeofchaos,facteurcheval,palaisideal,kurtehrmann,artéphémère,postapocalyptique,maisondartiste,artistshouses,sculpturemoderne,francmaconnerie,ehrmannscrew,groupeserveur,lespritdelasalamandre,crashculture,servergroup",Ether by Ehrmann's Crew K IMGP0526 (glissé(e)s),46,10,21,1,2007,31,12,30,12,2009,,,
4228226480,40936370@N00,45.837448,4.826248,"portrait,sculpture,snow,streetart,france,art,mystery,museum,architecture,night,painting,ruins,rawart,outsiderart,chaos,symbol,contemporaryart,secret,911,apocalypse,taz,peinture,container,freemasonry,anarchy,neige,artbrut,nuit,ddc,sanctuary,worldwar,bombing,mystic,cyberpunk,landart,devastation,alchemy,destroy,modernsculpture,prophecy,999,vanitas,endoftheworld,sanctuaire,postapocalyptic,dadaisme,artprice,salamanderspirit,organmuseum,saintromainaumontdor,demeureduchaos,thierryehrmann,alchimie,artsingulier,ephemeralart,prophétie,abodeofchaos,facteurcheval,palaisideal,kurtehrmann,artéphémère,postapocalyptique,maisondartiste,artistshouses,sculpturemoderne,francmaconnerie,ehrmannscrew,groupeserveur,lespritdelasalamandre,crashculture,servergroup",Ether by Ehrmann's Crew K IMGP0553 (glissé(e)s),58,10,21,1,2007,31,12,30,12,2009,,,
4227456581,40936370@N00,45.837448,4.826248,"portrait,sculpture,snow,streetart,france,art,mystery,museum,architecture,night,painting,ruins,rawart,outsiderart,chaos,symbol,contemporaryart,secret,911,apocalypse,taz,peinture,container,freemasonry,anarchy,neige,artbrut,nuit,ddc,sanctuary,worldwar,bombing,mystic,cyberpunk,landart,devastation,alchemy,destroy,modernsculpture,prophecy,999,vanitas,endoftheworld,sanctuaire,postapocalyptic,dadaisme,artprice,salamanderspirit,organmuseum,saintromainaumontdor,demeureduchaos,thierryehrmann,alchimie,artsingulier,ephemeralart,prophétie,abodeofchaos,facteurcheval,palaisideal,kurtehrmann,artéphémère,postapocalyptique,maisondartiste,artistshouses,sculpturemoderne,francmaconnerie,ehrmannscrew,groupeserveur,lespritdelasalamandre,crashculture,servergroup",Ether by Ehrmann's Crew K IMGP0606 (glissé(e)s),17,11,21,1,2007,31,12,30,12,2009,,,
4227456533,40936370@N00,45.837448,4.826248,"portrait,sculpture,snow,streetart,france,art,mystery,museum,architecture,night,painting,ruins,rawart,outsiderart,chaos,symbol,contemporaryart,secret,911,apocalypse,taz,peinture,container,freemasonry,anarchy,neige,artbrut,nuit,ddc,sanctuary,worldwar,bombing,mystic,cyberpunk,landart,devastation,alchemy,destroy,modernsculpture,prophecy,999,vanitas,endoftheworld,sanctuaire,postapocalyptic,dadaisme,artprice,salamanderspirit,organmuseum,saintromainaumontdor,demeureduchaos,thierryehrmann,alchimie,artsingulier,ephemeralart,prophétie,abodeofchaos,facteurcheval,palaisideal,kurtehrmann,artéphémère,postapocalyptique,maisondartiste,artistshouses,sculpturemoderne,francmaconnerie,ehrmannscrew,groupeserveur,lespritdelasalamandre,crashculture,servergroup",Ether by Ehrmann's Crew K IMGP0623 (glissé(e)s),4,2,22,1,2007,31,12,30,12,2009,,,
4228226368,40936370@N00,45.837448,4.826248,"portrait,sculpture,snow,streetart,france,art,mystery,museum,architecture,night,painting,ruins,rawart,outsiderart,chaos,symbol,contemporaryart,secret,911,apocalypse,taz,peinture,container,freemasonry,anarchy,neige,artbrut,nuit,ddc,sanctuary,worldwar,bombing,mystic,cyberpunk,landart,devastation,alchemy,destroy,modernsculpture,prophecy,999,vanitas,endoftheworld,sanctuaire,postapocalyptic,dadaisme,artprice,salamanderspirit,organmuseum,saintromainaumontdor,demeureduchaos,thierryehrmann,alchimie,artsingulier,ephemeralart,prophétie,abodeofchaos,facteurcheval,palaisideal,kurtehrmann,artéphémère,postapocalyptique,maisondartiste,artistshouses,sculpturemoderne,francmaconnerie,ehrmannscrew,groupeserveur,lespritdelasalamandre,crashculture,servergroup",Ether by Ehrmann's Crew K IMGP0624 (glissé(e)s),4,2,22,1,2007,31,12,30,12,2009,,,
4227456459,40936370@N00,45.837448,4.826248,"portrait,sculpture,snow,streetart,france,art,mystery,museum,architecture,night,painting,ruins,rawart,outsiderart,chaos,symbol,contemporaryart,secret,911,apocalypse,taz,peinture,container,freemasonry,anarchy,neige,artbrut,nuit,ddc,sanctuary,worldwar,bombing,mystic,cyberpunk,landart,devastation,alchemy,destroy,modernsculpture,prophecy,999,vanitas,endoftheworld,sanctuaire,postapocalyptic,dadaisme,artprice,salamanderspirit,organmuseum,saintromainaumontdor,demeureduchaos,thierryehrmann,alchimie,artsingulier,ephemeralart,prophétie,abodeofchaos,facteurcheval,palaisideal,kurtehrmann,artéphémère,postapocalyptique,maisondartiste,artistshouses,sculpturemoderne,francmaconnerie,ehrmannscrew,groupeserveur,lespritdelasalamandre,crashculture,servergroup",Ether by Ehrmann's Crew K IMGP0633 (glissé(e)s),6,2,22,1,2007,31,12,30,12,2009,,,
4227456421,40936370@N00,45.837448,4.826248,"portrait,sculpture,snow,streetart,france,art,mystery,museum,architecture,night,painting,ruins,rawart,outsiderart,chaos,symbol,contemporaryart,secret,911,apocalypse,taz,peinture,container,freemasonry,anarchy,neige,artbrut,nuit,ddc,sanctuary,worldwar,bombing,mystic,cyberpunk,landart,devastation,alchemy,destroy,modernsculpture,prophecy,999,vanitas,endoftheworld,sanctuaire,postapocalyptic,dadaisme,artprice,salamanderspirit,organmuseum,saintromainaumontdor,demeureduchaos,thierryehrmann,alchimie,artsingulier,ephemeralart,prophétie,abodeofchaos,facteurcheval,palaisideal,kurtehrmann,artéphémère,postapocalyptique,maisondartiste,artistshouses,sculpturemoderne,francmaconnerie,ehrmannscrew,groupeserveur,lespritdelasalamandre,crashculture,servergroup",Ether by Ehrmann's Crew K IMGP0635 (glissé(e)s),7,2,22,1,2007,31,12,30,12,2009,,,
4228226234,40936370@N00,45.837448,4.826248,"portrait,sculpture,snow,streetart,france,art,mystery,museum,architecture,night,painting,ruins,rawart,outsiderart,chaos,symbol,contemporaryart,secret,911,apocalypse,taz,peinture,container,freemasonry,anarchy,neige,artbrut,nuit,ddc,sanctuary,worldwar,bombing,mystic,cyberpunk,landart,devastation,alchemy,destroy,modernsculpture,prophecy,999,vanitas,endoftheworld,sanctuaire,postapocalyptic,dadaisme,artprice,salamanderspirit,organmuseum,saintromainaumontdor,demeureduchaos,thierryehrmann,alchimie,artsingulier,ephemeralart,prophétie,abodeofchaos,facteurcheval,palaisideal,kurtehrmann,artéphémère,postapocalyptique,maisondartiste,artistshouses,sculpturemoderne,francmaconnerie,ehrmannscrew,groupeserveur,lespritdelasalamandre,crashculture,servergroup",Ether by Ehrmann's Crew K IMGP0636 (glissé(e)s),7,2,22,1,2007,31,12,30,12,2009,,,
4227456337,40936370@N00,45.837448,4.826248,"portrait,sculpture,snow,streetart,france,art,mystery,museum,architecture,night,painting,ruins,rawart,outsiderart,chaos,symbol,contemporaryart,secret,911,apocalypse,taz,peinture,container,freemasonry,anarchy,neige,artbrut,nuit,ddc,sanctuary,worldwar,bombing,mystic,cyberpunk,landart,devastation,alchemy,destroy,modernsculpture,prophecy,999,vanitas,endoftheworld,sanctuaire,postapocalyptic,dadaisme,artprice,salamanderspirit,organmuseum,saintromainaumontdor,demeureduchaos,thierryehrmann,alchimie,artsingulier,ephemeralart,prophétie,abodeofchaos,facteurcheval,palaisideal,kurtehrmann,artéphémère,postapocalyptique,maisondartiste,artistshouses,sculpturemoderne,francmaconnerie,ehrmannscrew,groupeserveur,lespritdelasalamandre,crashculture,servergroup",Ether by Ehrmann's Crew K IMGP0637 (glissé(e)s),50,4,22,1,2007,31,12,30,12,2009,,,
4228226164,40936370@N00,45.837448,4.826248,"portrait,sculpture,snow,streetart,france,art,mystery,museum,architecture,night,painting,ruins,rawart,outsiderart,chaos,symbol,contemporaryart,secret,911,apocalypse,taz,peinture,container,freemasonry,anarchy,neige,artbrut,nuit,ddc,sanctuary,worldwar,bombing,mystic,cyberpunk,landart,devastation,alchemy,destroy,modernsculpture,prophecy,999,vanitas,endoftheworld,sanctuaire,postapocalyptic,dadaisme,artprice,salamanderspirit,organmuseum,saintromainaumontdor,demeureduchaos,thierryehrmann,alchimie,artsingulier,ephemeralart,prophétie,abodeofchaos,facteurcheval,palaisideal,kurtehrmann,artéphémère,postapocalyptique,maisondartiste,artistshouses,sculpturemoderne,francmaconnerie,ehrmannscrew,groupeserveur,lespritdelasalamandre,crashculture,servergroup",Ether by Ehrmann's Crew K IMGP0664 (glissé(e)s),54,15,23,1,2007,31,12,30,12,2009,,,
4228226118,40936370@N00,45.837448,4.826248,"portrait,sculpture,snow,streetart,france,art,mystery,museum,architecture,night,painting,ruins,rawart,outsiderart,chaos,symbol,contemporaryart,secret,911,apocalypse,taz,peinture,container,freemasonry,anarchy,neige,artbrut,nuit,ddc,sanctuary,worldwar,bombing,mystic,cyberpunk,landart,devastation,alchemy,destroy,modernsculpture,prophecy,999,vanitas,endoftheworld,sanctuaire,postapocalyptic,dadaisme,artprice,salamanderspirit,organmuseum,saintromainaumontdor,demeureduchaos,thierryehrmann,alchimie,artsingulier,ephemeralart,prophétie,abodeofchaos,facteurcheval,palaisideal,kurtehrmann,artéphémère,postapocalyptique,maisondartiste,artistshouses,sculpturemoderne,francmaconnerie,ehrmannscrew,groupeserveur,lespritdelasalamandre,crashculture,servergroup",Ether by Ehrmann's Crew K IMGP0671 (glissé(e)s),55,15,23,1,2007,31,12,30,12,2009,,,
4228164166,74448427@N00,45.772933,4.856407,"xmas,snow,france,lyon,card,1900,pto",LYON 1910 - 2010,46,10,30,12,2009,46,11,30,12,2009,,,
4228039344,97211956@N00,45.761447,4.830227,"trumpet,dailypicture",Trumpet's point of view,9,12,8,11,2009,8,10,30,12,2009,,,
4227221405,9259848@N08,45.768226,4.836666,"blue,light,night,fance,illumination,panasonic,bleu,nuit,staires,lx3,8écembre",Fête des lumières - Lyon,48,23,6,12,2009,30,9,30,12,2009,,,
4227899046,24380554@N05,45.760498,4.826624,"france,lyon,lione",bouchon,38,18,13,12,2009,27,8,30,12,2009,,,
4227894794,24380554@N05,45.761402,4.827084,"france,lyon,lione",vieux lion,44,18,13,12,2009,24,8,30,12,2009,,,
4227892698,24380554@N05,45.777303,4.853575,"france,lyon,lione",parc de la tete d'or,27,13,13,12,2009,23,8,30,12,2009,,,
4227890558,24380554@N05,45.776218,4.853532,"france,lyon,lione",parc de la tete d'or,20,13,13,12,2009,21,8,30,12,2009,,,
4227887062,24380554@N05,45.761552,4.856621,"france,lyon,lione",part dieu,53,10,12,12,2009,19,8,30,12,2009,,,
4227885166,24380554@N05,45.762570,4.821816,"france,lyon,lione",fauvriere,44,11,11,12,2009,18,8,30,12,2009,,,
4227883464,24380554@N05,45.758477,4.831452,"france,lyon,lione",la grande ruota,24,19,10,12,2009,17,8,30,12,2009,,,
4226039307,31654698@N03,45.760036,4.826350,"france,night,lyon,nuit,basilique,fourvière,funiculaire",Funiculaire - Fourvière,5,14,29,12,2009,53,23,29,12,2009,,,
4226806480,31654698@N03,45.760036,4.826350,"france,night,lyon,nuit,basilique,fourvière,funiculaire",Alarme,4,14,29,12,2009,52,23,29,12,2009,,,
4226035583,31654698@N03,45.760036,4.826350,"france,night,lyon,nuit,basilique,fourvière,funiculaire",-,59,13,29,12,2009,51,23,29,12,2009,,,
4226802884,31654698@N03,45.762671,4.822917,"france,night,lyon,nuit,basilique,fourvière,funiculaire",-,54,13,29,12,2009,50,23,29,12,2009,,,
4226801522,31654698@N03,45.762731,4.822960,"france,night,lyon,nuit,basilique,fourvière,funiculaire",Stolen,50,13,29,12,2009,50,23,29,12,2009,,,
4226029311,31654698@N03,45.762731,4.822960,"portrait,france,night,lyon,nuit,basilique,fourvière,funiculaire",-,34,13,29,12,2009,48,23,29,12,2009,,,
4228226826,40936370@N00,45.837448,4.826248,"portrait,sculpture,snow,streetart,france,art,mystery,museum,architecture,night,painting,ruins,rawart,outsiderart,chaos,symbol,contemporaryart,secret,911,apocalypse,taz,peinture,container,freemasonry,anarchy,neige,artbrut,nuit,ddc,sanctuary,worldwar,bombing,mystic,cyberpunk,landart,devastation,alchemy,destroy,modernsculpture,prophecy,999,vanitas,endoftheworld,sanctuaire,postapocalyptic,dadaisme,artprice,salamanderspirit,organmuseum,saintromainaumontdor,demeureduchaos,thierryehrmann,alchimie,artsingulier,ephemeralart,prophétie,abodeofchaos,facteurcheval,palaisideal,kurtehrmann,artéphémère,postapocalyptique,maisondartiste,artistshouses,sculpturemoderne,francmaconnerie,ehrmannscrew,groupeserveur,lespritdelasalamandre,crashculture,servergroup",Ether by Ehrmann's Crew K IMGP0385 (glissé(e)s),52,9,21,1,2007,32,12,30,12,2009,,,
4226793880,31654698@N03,45.762731,4.822960,"france,night,lyon,nuit,basilique,fourvière,funiculaire",-,28,13,29,12,2009,46,23,29,12,2009,,,
4226791396,31654698@N03,45.762731,4.822960,"france,night,lyon,nuit,basilique,fourvière,funiculaire",-,18,13,29,12,2009,45,23,29,12,2009,,,
4226789434,31654698@N03,45.762731,4.822960,"france,night,lyon,nuit,basilique,fourvière,funiculaire",-,14,13,29,12,2009,44,23,29,12,2009,,,
4226019517,31654698@N03,45.762731,4.822960,"france,night,lyon,nuit,basilique,fourvière,funiculaire",-,9,13,29,12,2009,44,23,29,12,2009,,,
4225749135,9259848@N08,45.774146,4.825723,"lyon,illumination,enfants,croixrousse,8décembre,lightfestival,panansonic,lx3,lecarréfrançais,placetabareau","Fête des Lumières, la Croix Rousse - Lyon",56,19,5,12,2009,54,21,29,12,2009,,,
4225685635,46001722@N02,45.756887,4.848918,,,56,13,10,10,2007,27,21,29,12,2009,,,
4226453504,46001722@N02,45.756864,4.848725,,P1060069,22,7,7,10,2007,27,21,29,12,2009,,,
4226187074,40936370@N00,45.837448,4.826248,"portrait,sculpture,snow,streetart,france,art,mystery,museum,architecture,night,painting,ruins,rawart,outsiderart,chaos,symbol,contemporaryart,secret,911,apocalypse,taz,peinture,container,freemasonry,anarchy,neige,artbrut,nuit,ddc,sanctuary,worldwar,bombing,mystic,cyberpunk,landart,devastation,alchemy,destroy,modernsculpture,prophecy,999,vanitas,endoftheworld,sanctuaire,postapocalyptic,dadaisme,artprice,salamanderspirit,organmuseum,saintromainaumontdor,demeureduchaos,thierryehrmann,alchimie,artsingulier,ephemeralart,prophétie,abodeofchaos,facteurcheval,palaisideal,kurtehrmann,artéphémère,postapocalyptique,maisondartiste,artistshouses,sculpturemoderne,francmaconnerie,ehrmannscrew,groupeserveur,lespritdelasalamandre,crashculture,servergroup",Ether by Ehrmann's Crew K _DDC0012,5,5,21,12,2009,39,19,29,12,2009,,,
4226187030,40936370@N00,45.837448,4.826248,"portrait,sculpture,snow,streetart,france,art,mystery,museum,architecture,night,painting,ruins,rawart,outsiderart,chaos,symbol,contemporaryart,secret,911,apocalypse,taz,peinture,container,freemasonry,anarchy,neige,artbrut,nuit,ddc,sanctuary,worldwar,bombing,mystic,cyberpunk,landart,devastation,alchemy,destroy,modernsculpture,prophecy,999,vanitas,endoftheworld,sanctuaire,postapocalyptic,dadaisme,artprice,salamanderspirit,organmuseum,saintromainaumontdor,demeureduchaos,thierryehrmann,alchimie,artsingulier,ephemeralart,prophétie,abodeofchaos,facteurcheval,palaisideal,kurtehrmann,artéphémère,postapocalyptique,maisondartiste,artistshouses,sculpturemoderne,francmaconnerie,ehrmannscrew,groupeserveur,lespritdelasalamandre,crashculture,servergroup",Ether by Ehrmann's Crew K _DDC0031,9,5,21,12,2009,39,19,29,12,2009,,,
4225419231,40936370@N00,45.837448,4.826248,"portrait,sculpture,snow,streetart,france,art,mystery,museum,architecture,night,painting,ruins,rawart,outsiderart,chaos,symbol,contemporaryart,secret,911,apocalypse,taz,peinture,container,freemasonry,anarchy,neige,artbrut,nuit,ddc,sanctuary,worldwar,bombing,mystic,cyberpunk,landart,devastation,alchemy,destroy,modernsculpture,prophecy,999,vanitas,endoftheworld,sanctuaire,postapocalyptic,dadaisme,artprice,salamanderspirit,organmuseum,saintromainaumontdor,demeureduchaos,thierryehrmann,alchimie,artsingulier,ephemeralart,prophétie,abodeofchaos,facteurcheval,palaisideal,kurtehrmann,artéphémère,postapocalyptique,maisondartiste,artistshouses,sculpturemoderne,francmaconnerie,ehrmannscrew,groupeserveur,lespritdelasalamandre,crashculture,servergroup",Ether by Ehrmann's Crew K _DDC0047,14,5,21,12,2009,39,19,29,12,2009,,,
4226186874,40936370@N00,45.837448,4.826248,"portrait,sculpture,snow,streetart,france,art,mystery,museum,architecture,night,painting,ruins,rawart,outsiderart,chaos,symbol,contemporaryart,secret,911,apocalypse,taz,peinture,container,freemasonry,anarchy,neige,artbrut,nuit,ddc,sanctuary,worldwar,bombing,mystic,cyberpunk,landart,devastation,alchemy,destroy,modernsculpture,prophecy,999,vanitas,endoftheworld,sanctuaire,postapocalyptic,dadaisme,artprice,salamanderspirit,organmuseum,saintromainaumontdor,demeureduchaos,thierryehrmann,alchimie,artsingulier,ephemeralart,prophétie,abodeofchaos,facteurcheval,palaisideal,kurtehrmann,artéphémère,postapocalyptique,maisondartiste,artistshouses,sculpturemoderne,francmaconnerie,ehrmannscrew,groupeserveur,lespritdelasalamandre,crashculture,servergroup",Ether by Ehrmann's Crew K _DDC0073,18,5,21,12,2009,39,19,29,12,2009,,,
4226186808,40936370@N00,45.837448,4.826248,"portrait,sculpture,snow,streetart,france,art,mystery,museum,architecture,night,painting,ruins,rawart,outsiderart,chaos,symbol,contemporaryart,secret,911,apocalypse,taz,peinture,container,freemasonry,anarchy,neige,artbrut,nuit,ddc,sanctuary,worldwar,bombing,mystic,cyberpunk,landart,devastation,alchemy,destroy,modernsculpture,prophecy,999,vanitas,endoftheworld,sanctuaire,postapocalyptic,dadaisme,artprice,salamanderspirit,organmuseum,saintromainaumontdor,demeureduchaos,thierryehrmann,alchimie,artsingulier,ephemeralart,prophétie,abodeofchaos,facteurcheval,palaisideal,kurtehrmann,artéphémère,postapocalyptique,maisondartiste,artistshouses,sculpturemoderne,francmaconnerie,ehrmannscrew,groupeserveur,lespritdelasalamandre,crashculture,servergroup",Ether by Ehrmann's Crew K _DDC0081,20,5,21,12,2009,39,19,29,12,2009,,,
4226186752,40936370@N00,45.837448,4.826248,"portrait,sculpture,snow,streetart,france,art,mystery,museum,architecture,night,painting,ruins,rawart,outsiderart,chaos,symbol,contemporaryart,secret,911,apocalypse,taz,peinture,container,freemasonry,anarchy,neige,artbrut,nuit,ddc,sanctuary,worldwar,bombing,mystic,cyberpunk,landart,devastation,alchemy,destroy,modernsculpture,prophecy,999,vanitas,endoftheworld,sanctuaire,postapocalyptic,dadaisme,artprice,salamanderspirit,organmuseum,saintromainaumontdor,demeureduchaos,thierryehrmann,alchimie,artsingulier,ephemeralart,prophétie,abodeofchaos,facteurcheval,palaisideal,kurtehrmann,artéphémère,postapocalyptique,maisondartiste,artistshouses,sculpturemoderne,francmaconnerie,ehrmannscrew,groupeserveur,lespritdelasalamandre,crashculture,servergroup",Ether by Ehrmann's Crew K _DDC0099,23,5,21,12,2009,39,19,29,12,2009,,,
4226186654,40936370@N00,45.837448,4.826248,"portrait,sculpture,snow,streetart,france,art,mystery,museum,architecture,night,painting,ruins,rawart,outsiderart,chaos,symbol,contemporaryart,secret,911,apocalypse,taz,peinture,container,freemasonry,anarchy,neige,artbrut,nuit,ddc,sanctuary,worldwar,bombing,mystic,cyberpunk,landart,devastation,alchemy,destroy,modernsculpture,prophecy,999,vanitas,endoftheworld,sanctuaire,postapocalyptic,dadaisme,artprice,salamanderspirit,organmuseum,saintromainaumontdor,demeureduchaos,thierryehrmann,alchimie,artsingulier,ephemeralart,prophétie,abodeofchaos,facteurcheval,palaisideal,kurtehrmann,artéphémère,postapocalyptique,maisondartiste,artistshouses,sculpturemoderne,francmaconnerie,ehrmannscrew,groupeserveur,lespritdelasalamandre,crashculture,servergroup",Ether by Ehrmann's Crew K _DDC0109,25,5,21,12,2009,39,19,29,12,2009,,,
4225418857,40936370@N00,45.837448,4.826248,"portrait,sculpture,snow,streetart,france,art,mystery,museum,architecture,night,painting,ruins,rawart,outsiderart,chaos,symbol,contemporaryart,secret,911,apocalypse,taz,peinture,container,freemasonry,anarchy,neige,artbrut,nuit,ddc,sanctuary,worldwar,bombing,mystic,cyberpunk,landart,devastation,alchemy,destroy,modernsculpture,prophecy,999,vanitas,endoftheworld,sanctuaire,postapocalyptic,dadaisme,artprice,salamanderspirit,organmuseum,saintromainaumontdor,demeureduchaos,thierryehrmann,alchimie,artsingulier,ephemeralart,prophétie,abodeofchaos,facteurcheval,palaisideal,kurtehrmann,artéphémère,postapocalyptique,maisondartiste,artistshouses,sculpturemoderne,francmaconnerie,ehrmannscrew,groupeserveur,lespritdelasalamandre,crashculture,servergroup",Ether by Ehrmann's Crew K _DDC0126,28,5,21,12,2009,38,19,29,12,2009,,,
4225418777,40936370@N00,45.837448,4.826248,"portrait,sculpture,snow,streetart,france,art,mystery,museum,architecture,night,painting,ruins,rawart,outsiderart,chaos,symbol,contemporaryart,secret,911,apocalypse,taz,peinture,container,freemasonry,anarchy,neige,artbrut,nuit,ddc,sanctuary,worldwar,bombing,mystic,cyberpunk,landart,devastation,alchemy,destroy,modernsculpture,prophecy,999,vanitas,endoftheworld,sanctuaire,postapocalyptic,dadaisme,artprice,salamanderspirit,organmuseum,saintromainaumontdor,demeureduchaos,thierryehrmann,alchimie,artsingulier,ephemeralart,prophétie,abodeofchaos,facteurcheval,palaisideal,kurtehrmann,artéphémère,postapocalyptique,maisondartiste,artistshouses,sculpturemoderne,francmaconnerie,ehrmannscrew,groupeserveur,lespritdelasalamandre,crashculture,servergroup",Ether by Ehrmann's Crew K _DDC0141,30,5,21,12,2009,38,19,29,12,2009,,,
4225418685,40936370@N00,45.837448,4.826248,"portrait,sculpture,snow,streetart,france,art,mystery,museum,architecture,night,painting,ruins,rawart,outsiderart,chaos,symbol,contemporaryart,secret,911,apocalypse,taz,peinture,container,freemasonry,anarchy,neige,artbrut,nuit,ddc,sanctuary,worldwar,bombing,mystic,cyberpunk,landart,devastation,alchemy,destroy,modernsculpture,prophecy,999,vanitas,endoftheworld,sanctuaire,postapocalyptic,dadaisme,artprice,salamanderspirit,organmuseum,saintromainaumontdor,demeureduchaos,thierryehrmann,alchimie,artsingulier,ephemeralart,prophétie,abodeofchaos,facteurcheval,palaisideal,kurtehrmann,artéphémère,postapocalyptique,maisondartiste,artistshouses,sculpturemoderne,francmaconnerie,ehrmannscrew,groupeserveur,lespritdelasalamandre,crashculture,servergroup",Ether by Ehrmann's Crew K _DDC0158,34,5,21,12,2009,38,19,29,12,2009,,,
4226186392,40936370@N00,45.837448,4.826248,"portrait,sculpture,snow,streetart,france,art,mystery,museum,architecture,night,painting,ruins,rawart,outsiderart,chaos,symbol,contemporaryart,secret,911,apocalypse,taz,peinture,container,freemasonry,anarchy,neige,artbrut,nuit,ddc,sanctuary,worldwar,bombing,mystic,cyberpunk,landart,devastation,alchemy,destroy,modernsculpture,prophecy,999,vanitas,endoftheworld,sanctuaire,postapocalyptic,dadaisme,artprice,salamanderspirit,organmuseum,saintromainaumontdor,demeureduchaos,thierryehrmann,alchimie,artsingulier,ephemeralart,prophétie,abodeofchaos,facteurcheval,palaisideal,kurtehrmann,artéphémère,postapocalyptique,maisondartiste,artistshouses,sculpturemoderne,francmaconnerie,ehrmannscrew,groupeserveur,lespritdelasalamandre,crashculture,servergroup",Ether by Ehrmann's Crew K _DDC0165,36,5,21,12,2009,38,19,29,12,2009,,,
4226186310,40936370@N00,45.837448,4.826248,"portrait,sculpture,snow,streetart,france,art,mystery,museum,architecture,night,painting,ruins,rawart,outsiderart,chaos,symbol,contemporaryart,secret,911,apocalypse,taz,peinture,container,freemasonry,anarchy,neige,artbrut,nuit,ddc,sanctuary,worldwar,bombing,mystic,cyberpunk,landart,devastation,alchemy,destroy,modernsculpture,prophecy,999,vanitas,endoftheworld,sanctuaire,postapocalyptic,dadaisme,artprice,salamanderspirit,organmuseum,saintromainaumontdor,demeureduchaos,thierryehrmann,alchimie,artsingulier,ephemeralart,prophétie,abodeofchaos,facteurcheval,palaisideal,kurtehrmann,artéphémère,postapocalyptique,maisondartiste,artistshouses,sculpturemoderne,francmaconnerie,ehrmannscrew,groupeserveur,lespritdelasalamandre,crashculture,servergroup",Ether by Ehrmann's Crew K _DDC0183,38,5,21,12,2009,38,19,29,12,2009,,,
4226186242,40936370@N00,45.837448,4.826248,"portrait,sculpture,snow,streetart,france,art,mystery,museum,architecture,night,painting,ruins,rawart,outsiderart,chaos,symbol,contemporaryart,secret,911,apocalypse,taz,peinture,container,freemasonry,anarchy,neige,artbrut,nuit,ddc,sanctuary,worldwar,bombing,mystic,cyberpunk,landart,devastation,alchemy,destroy,modernsculpture,prophecy,999,vanitas,endoftheworld,sanctuaire,postapocalyptic,dadaisme,artprice,salamanderspirit,organmuseum,saintromainaumontdor,demeureduchaos,thierryehrmann,alchimie,artsingulier,ephemeralart,prophétie,abodeofchaos,facteurcheval,palaisideal,kurtehrmann,artéphémère,postapocalyptique,maisondartiste,artistshouses,sculpturemoderne,francmaconnerie,ehrmannscrew,groupeserveur,lespritdelasalamandre,crashculture,servergroup",Ether by Ehrmann's Crew K _DDC0193,39,5,21,12,2009,38,19,29,12,2009,,,
4225418405,40936370@N00,45.837448,4.826248,"portrait,sculpture,snow,streetart,france,art,mystery,museum,architecture,night,painting,ruins,rawart,outsiderart,chaos,symbol,contemporaryart,secret,911,apocalypse,taz,peinture,container,freemasonry,anarchy,neige,artbrut,nuit,ddc,sanctuary,worldwar,bombing,mystic,cyberpunk,landart,devastation,alchemy,destroy,modernsculpture,prophecy,999,vanitas,endoftheworld,sanctuaire,postapocalyptic,dadaisme,artprice,salamanderspirit,organmuseum,saintromainaumontdor,demeureduchaos,thierryehrmann,alchimie,artsingulier,ephemeralart,prophétie,abodeofchaos,facteurcheval,palaisideal,kurtehrmann,artéphémère,postapocalyptique,maisondartiste,artistshouses,sculpturemoderne,francmaconnerie,ehrmannscrew,groupeserveur,lespritdelasalamandre,crashculture,servergroup",Ether by Ehrmann's Crew K _DDC0210,41,5,21,12,2009,38,19,29,12,2009,,,
4225418329,40936370@N00,45.837448,4.826248,"portrait,sculpture,snow,streetart,france,art,mystery,museum,architecture,night,painting,ruins,rawart,outsiderart,chaos,symbol,contemporaryart,secret,911,apocalypse,taz,peinture,container,freemasonry,anarchy,neige,artbrut,nuit,ddc,sanctuary,worldwar,bombing,mystic,cyberpunk,landart,devastation,alchemy,destroy,modernsculpture,prophecy,999,vanitas,endoftheworld,sanctuaire,postapocalyptic,dadaisme,artprice,salamanderspirit,organmuseum,saintromainaumontdor,demeureduchaos,thierryehrmann,alchimie,artsingulier,ephemeralart,prophétie,abodeofchaos,facteurcheval,palaisideal,kurtehrmann,artéphémère,postapocalyptique,maisondartiste,artistshouses,sculpturemoderne,francmaconnerie,ehrmannscrew,groupeserveur,lespritdelasalamandre,crashculture,servergroup",Ether by Ehrmann's Crew K _DDC0223,42,5,21,12,2009,38,19,29,12,2009,,,
4226186024,40936370@N00,45.837448,4.826248,"portrait,sculpture,snow,streetart,france,art,mystery,museum,architecture,night,painting,ruins,rawart,outsiderart,chaos,symbol,contemporaryart,secret,911,apocalypse,taz,peinture,container,freemasonry,anarchy,neige,artbrut,nuit,ddc,sanctuary,worldwar,bombing,mystic,cyberpunk,landart,devastation,alchemy,destroy,modernsculpture,prophecy,999,vanitas,endoftheworld,sanctuaire,postapocalyptic,dadaisme,artprice,salamanderspirit,organmuseum,saintromainaumontdor,demeureduchaos,thierryehrmann,alchimie,artsingulier,ephemeralart,prophétie,abodeofchaos,facteurcheval,palaisideal,kurtehrmann,artéphémère,postapocalyptique,maisondartiste,artistshouses,sculpturemoderne,francmaconnerie,ehrmannscrew,groupeserveur,lespritdelasalamandre,crashculture,servergroup",Ether by Ehrmann's Crew K _DDC0238,44,5,21,12,2009,38,19,29,12,2009,,,
4226185946,40936370@N00,45.837448,4.826248,"portrait,sculpture,snow,streetart,france,art,mystery,museum,architecture,night,painting,ruins,rawart,outsiderart,chaos,symbol,contemporaryart,secret,911,apocalypse,taz,peinture,container,freemasonry,anarchy,neige,artbrut,nuit,ddc,sanctuary,worldwar,bombing,mystic,cyberpunk,landart,devastation,alchemy,destroy,modernsculpture,prophecy,999,vanitas,endoftheworld,sanctuaire,postapocalyptic,dadaisme,artprice,salamanderspirit,organmuseum,saintromainaumontdor,demeureduchaos,thierryehrmann,alchimie,artsingulier,ephemeralart,prophétie,abodeofchaos,facteurcheval,palaisideal,kurtehrmann,artéphémère,postapocalyptique,maisondartiste,artistshouses,sculpturemoderne,francmaconnerie,ehrmannscrew,groupeserveur,lespritdelasalamandre,crashculture,servergroup",Ether by Ehrmann's Crew K _DDC0257,47,5,21,12,2009,38,19,29,12,2009,,,
4226185854,40936370@N00,45.837448,4.826248,"portrait,sculpture,snow,streetart,france,art,mystery,museum,architecture,night,painting,ruins,rawart,outsiderart,chaos,symbol,contemporaryart,secret,911,apocalypse,taz,peinture,container,freemasonry,anarchy,neige,artbrut,nuit,ddc,sanctuary,worldwar,bombing,mystic,cyberpunk,landart,devastation,alchemy,destroy,modernsculpture,prophecy,999,vanitas,endoftheworld,sanctuaire,postapocalyptic,dadaisme,artprice,salamanderspirit,organmuseum,saintromainaumontdor,demeureduchaos,thierryehrmann,alchimie,artsingulier,ephemeralart,prophétie,abodeofchaos,facteurcheval,palaisideal,kurtehrmann,artéphémère,postapocalyptique,maisondartiste,artistshouses,sculpturemoderne,francmaconnerie,ehrmannscrew,groupeserveur,lespritdelasalamandre,crashculture,servergroup",Ether by Ehrmann's Crew K _DDC0260,48,5,21,12,2009,38,19,29,12,2009,,,
4226185796,40936370@N00,45.837448,4.826248,"portrait,sculpture,snow,streetart,france,art,mystery,museum,architecture,night,painting,ruins,rawart,outsiderart,chaos,symbol,contemporaryart,secret,911,apocalypse,taz,peinture,container,freemasonry,anarchy,neige,artbrut,nuit,ddc,sanctuary,worldwar,bombing,mystic,cyberpunk,landart,devastation,alchemy,destroy,modernsculpture,prophecy,999,vanitas,endoftheworld,sanctuaire,postapocalyptic,dadaisme,artprice,salamanderspirit,organmuseum,saintromainaumontdor,demeureduchaos,thierryehrmann,alchimie,artsingulier,ephemeralart,prophétie,abodeofchaos,facteurcheval,palaisideal,kurtehrmann,artéphémère,postapocalyptique,maisondartiste,artistshouses,sculpturemoderne,francmaconnerie,ehrmannscrew,groupeserveur,lespritdelasalamandre,crashculture,servergroup",Ether by Ehrmann's Crew K _DDC0280,50,5,21,12,2009,38,19,29,12,2009,,,
4226185712,40936370@N00,45.837448,4.826248,"portrait,sculpture,snow,streetart,france,art,mystery,museum,architecture,night,painting,ruins,rawart,outsiderart,chaos,symbol,contemporaryart,secret,911,apocalypse,taz,peinture,container,freemasonry,anarchy,neige,artbrut,nuit,ddc,sanctuary,worldwar,bombing,mystic,cyberpunk,landart,devastation,alchemy,destroy,modernsculpture,prophecy,999,vanitas,endoftheworld,sanctuaire,postapocalyptic,dadaisme,artprice,salamanderspirit,organmuseum,saintromainaumontdor,demeureduchaos,thierryehrmann,alchimie,artsingulier,ephemeralart,prophétie,abodeofchaos,facteurcheval,palaisideal,kurtehrmann,artéphémère,postapocalyptique,maisondartiste,artistshouses,sculpturemoderne,francmaconnerie,ehrmannscrew,groupeserveur,lespritdelasalamandre,crashculture,servergroup",Ether by Ehrmann's Crew K _DDC0299,55,5,21,12,2009,38,19,29,12,2009,,,
4225417875,40936370@N00,45.837448,4.826248,"portrait,sculpture,snow,streetart,france,art,mystery,museum,architecture,night,painting,ruins,rawart,outsiderart,chaos,symbol,contemporaryart,secret,911,apocalypse,taz,peinture,container,freemasonry,anarchy,neige,artbrut,nuit,ddc,sanctuary,worldwar,bombing,mystic,cyberpunk,landart,devastation,alchemy,destroy,modernsculpture,prophecy,999,vanitas,endoftheworld,sanctuaire,postapocalyptic,dadaisme,artprice,salamanderspirit,organmuseum,saintromainaumontdor,demeureduchaos,thierryehrmann,alchimie,artsingulier,ephemeralart,prophétie,abodeofchaos,facteurcheval,palaisideal,kurtehrmann,artéphémère,postapocalyptique,maisondartiste,artistshouses,sculpturemoderne,francmaconnerie,ehrmannscrew,groupeserveur,lespritdelasalamandre,crashculture,servergroup",Ether by Ehrmann's Crew K _DDC0333,43,2,22,12,2009,38,19,29,12,2009,,,
4226185590,40936370@N00,45.837448,4.826248,"portrait,sculpture,snow,streetart,france,art,mystery,museum,architecture,night,painting,ruins,rawart,outsiderart,chaos,symbol,contemporaryart,secret,911,apocalypse,taz,peinture,container,freemasonry,anarchy,neige,artbrut,nuit,ddc,sanctuary,worldwar,bombing,mystic,cyberpunk,landart,devastation,alchemy,destroy,modernsculpture,prophecy,999,vanitas,endoftheworld,sanctuaire,postapocalyptic,dadaisme,artprice,salamanderspirit,organmuseum,saintromainaumontdor,demeureduchaos,thierryehrmann,alchimie,artsingulier,ephemeralart,prophétie,abodeofchaos,facteurcheval,palaisideal,kurtehrmann,artéphémère,postapocalyptique,maisondartiste,artistshouses,sculpturemoderne,francmaconnerie,ehrmannscrew,groupeserveur,lespritdelasalamandre,crashculture,servergroup",Ether by Ehrmann's Crew K _DDC0345,46,2,22,12,2009,38,19,29,12,2009,,,
4225417717,40936370@N00,45.837448,4.826248,"portrait,sculpture,snow,streetart,france,art,mystery,museum,architecture,night,painting,ruins,rawart,outsiderart,chaos,symbol,contemporaryart,secret,911,apocalypse,taz,peinture,container,freemasonry,anarchy,neige,artbrut,nuit,ddc,sanctuary,worldwar,bombing,mystic,cyberpunk,landart,devastation,alchemy,destroy,modernsculpture,prophecy,999,vanitas,endoftheworld,sanctuaire,postapocalyptic,dadaisme,artprice,salamanderspirit,organmuseum,saintromainaumontdor,demeureduchaos,thierryehrmann,alchimie,artsingulier,ephemeralart,prophétie,abodeofchaos,facteurcheval,palaisideal,kurtehrmann,artéphémère,postapocalyptique,maisondartiste,artistshouses,sculpturemoderne,francmaconnerie,ehrmannscrew,groupeserveur,lespritdelasalamandre,crashculture,servergroup",Ether by Ehrmann's Crew K _DDC0357,49,2,22,12,2009,38,19,29,12,2009,,,
4226185470,40936370@N00,45.837448,4.826248,"portrait,sculpture,snow,streetart,france,art,mystery,museum,architecture,night,painting,ruins,rawart,outsiderart,chaos,symbol,contemporaryart,secret,911,apocalypse,taz,peinture,container,freemasonry,anarchy,neige,artbrut,nuit,ddc,sanctuary,worldwar,bombing,mystic,cyberpunk,landart,devastation,alchemy,destroy,modernsculpture,prophecy,999,vanitas,endoftheworld,sanctuaire,postapocalyptic,dadaisme,artprice,salamanderspirit,organmuseum,saintromainaumontdor,demeureduchaos,thierryehrmann,alchimie,artsingulier,ephemeralart,prophétie,abodeofchaos,facteurcheval,palaisideal,kurtehrmann,artéphémère,postapocalyptique,maisondartiste,artistshouses,sculpturemoderne,francmaconnerie,ehrmannscrew,groupeserveur,lespritdelasalamandre,crashculture,servergroup",Ether by Ehrmann's Crew K _DDC0362 1,52,2,22,12,2009,38,19,29,12,2009,,,
4226185400,40936370@N00,45.837448,4.826248,"portrait,sculpture,snow,streetart,france,art,mystery,museum,architecture,night,painting,ruins,rawart,outsiderart,chaos,symbol,contemporaryart,secret,911,apocalypse,taz,peinture,container,freemasonry,anarchy,neige,artbrut,nuit,ddc,sanctuary,worldwar,bombing,mystic,cyberpunk,landart,devastation,alchemy,destroy,modernsculpture,prophecy,999,vanitas,endoftheworld,sanctuaire,postapocalyptic,dadaisme,artprice,salamanderspirit,organmuseum,saintromainaumontdor,demeureduchaos,thierryehrmann,alchimie,artsingulier,ephemeralart,prophétie,abodeofchaos,facteurcheval,palaisideal,kurtehrmann,artéphémère,postapocalyptique,maisondartiste,artistshouses,sculpturemoderne,francmaconnerie,ehrmannscrew,groupeserveur,lespritdelasalamandre,crashculture,servergroup",Ether by Ehrmann's Crew K _DDC9388,47,20,16,12,2009,38,19,29,12,2009,,,
4226185332,40936370@N00,45.837448,4.826248,"portrait,sculpture,snow,streetart,france,art,mystery,museum,architecture,night,painting,ruins,rawart,outsiderart,chaos,symbol,contemporaryart,secret,911,apocalypse,taz,peinture,container,freemasonry,anarchy,neige,artbrut,nuit,ddc,sanctuary,worldwar,bombing,mystic,cyberpunk,landart,devastation,alchemy,destroy,modernsculpture,prophecy,999,vanitas,endoftheworld,sanctuaire,postapocalyptic,dadaisme,artprice,salamanderspirit,organmuseum,saintromainaumontdor,demeureduchaos,thierryehrmann,alchimie,artsingulier,ephemeralart,prophétie,abodeofchaos,facteurcheval,palaisideal,kurtehrmann,artéphémère,postapocalyptique,maisondartiste,artistshouses,sculpturemoderne,francmaconnerie,ehrmannscrew,groupeserveur,lespritdelasalamandre,crashculture,servergroup",Ether by Ehrmann's Crew K _DDC9416,31,2,17,12,2009,38,19,29,12,2009,,,
4225417335,40936370@N00,45.837448,4.826248,"portrait,sculpture,snow,streetart,france,art,mystery,museum,architecture,night,painting,ruins,rawart,outsiderart,chaos,symbol,contemporaryart,secret,911,apocalypse,taz,peinture,container,freemasonry,anarchy,neige,artbrut,nuit,ddc,sanctuary,worldwar,bombing,mystic,cyberpunk,landart,devastation,alchemy,destroy,modernsculpture,prophecy,999,vanitas,endoftheworld,sanctuaire,postapocalyptic,dadaisme,artprice,salamanderspirit,organmuseum,saintromainaumontdor,demeureduchaos,thierryehrmann,alchimie,artsingulier,ephemeralart,prophétie,abodeofchaos,facteurcheval,palaisideal,kurtehrmann,artéphémère,postapocalyptique,maisondartiste,artistshouses,sculpturemoderne,francmaconnerie,ehrmannscrew,groupeserveur,lespritdelasalamandre,crashculture,servergroup",Ether by Ehrmann's Crew K _DDC9417,32,2,17,12,2009,38,19,29,12,2009,,,
4226185112,40936370@N00,45.837448,4.826248,"portrait,sculpture,snow,streetart,france,art,mystery,museum,architecture,night,painting,ruins,rawart,outsiderart,chaos,symbol,contemporaryart,secret,911,apocalypse,taz,peinture,container,freemasonry,anarchy,neige,artbrut,nuit,ddc,sanctuary,worldwar,bombing,mystic,cyberpunk,landart,devastation,alchemy,destroy,modernsculpture,prophecy,999,vanitas,endoftheworld,sanctuaire,postapocalyptic,dadaisme,artprice,salamanderspirit,organmuseum,saintromainaumontdor,demeureduchaos,thierryehrmann,alchimie,artsingulier,ephemeralart,prophétie,abodeofchaos,facteurcheval,palaisideal,kurtehrmann,artéphémère,postapocalyptique,maisondartiste,artistshouses,sculpturemoderne,francmaconnerie,ehrmannscrew,groupeserveur,lespritdelasalamandre,crashculture,servergroup",Ether by Ehrmann's Crew K _DDC9425,40,2,17,12,2009,38,19,29,12,2009,,,
4226185040,40936370@N00,45.837448,4.826248,"portrait,sculpture,snow,streetart,france,art,mystery,museum,architecture,night,painting,ruins,rawart,outsiderart,chaos,symbol,contemporaryart,secret,911,apocalypse,taz,peinture,container,freemasonry,anarchy,neige,artbrut,nuit,ddc,sanctuary,worldwar,bombing,mystic,cyberpunk,landart,devastation,alchemy,destroy,modernsculpture,prophecy,999,vanitas,endoftheworld,sanctuaire,postapocalyptic,dadaisme,artprice,salamanderspirit,organmuseum,saintromainaumontdor,demeureduchaos,thierryehrmann,alchimie,artsingulier,ephemeralart,prophétie,abodeofchaos,facteurcheval,palaisideal,kurtehrmann,artéphémère,postapocalyptique,maisondartiste,artistshouses,sculpturemoderne,francmaconnerie,ehrmannscrew,groupeserveur,lespritdelasalamandre,crashculture,servergroup",Ether by Ehrmann's Crew K _DDC9429,18,6,20,12,2009,38,19,29,12,2009,,,
4226184980,40936370@N00,45.837448,4.826248,"portrait,sculpture,snow,streetart,france,art,mystery,museum,architecture,night,painting,ruins,rawart,outsiderart,chaos,symbol,contemporaryart,secret,911,apocalypse,taz,peinture,container,freemasonry,anarchy,neige,artbrut,nuit,ddc,sanctuary,worldwar,bombing,mystic,cyberpunk,landart,devastation,alchemy,destroy,modernsculpture,prophecy,999,vanitas,endoftheworld,sanctuaire,postapocalyptic,dadaisme,artprice,salamanderspirit,organmuseum,saintromainaumontdor,demeureduchaos,thierryehrmann,alchimie,artsingulier,ephemeralart,prophétie,abodeofchaos,facteurcheval,palaisideal,kurtehrmann,artéphémère,postapocalyptique,maisondartiste,artistshouses,sculpturemoderne,francmaconnerie,ehrmannscrew,groupeserveur,lespritdelasalamandre,crashculture,servergroup",Ether by Ehrmann's Crew K _DDC9464,22,6,20,12,2009,38,19,29,12,2009,,,
4225417143,40936370@N00,45.837448,4.826248,"portrait,sculpture,snow,streetart,france,art,mystery,museum,architecture,night,painting,ruins,rawart,outsiderart,chaos,symbol,contemporaryart,secret,911,apocalypse,taz,peinture,container,freemasonry,anarchy,neige,artbrut,nuit,ddc,sanctuary,worldwar,bombing,mystic,cyberpunk,landart,devastation,alchemy,destroy,modernsculpture,prophecy,999,vanitas,endoftheworld,sanctuaire,postapocalyptic,dadaisme,artprice,salamanderspirit,organmuseum,saintromainaumontdor,demeureduchaos,thierryehrmann,alchimie,artsingulier,ephemeralart,prophétie,abodeofchaos,facteurcheval,palaisideal,kurtehrmann,artéphémère,postapocalyptique,maisondartiste,artistshouses,sculpturemoderne,francmaconnerie,ehrmannscrew,groupeserveur,lespritdelasalamandre,crashculture,servergroup",Ether by Ehrmann's Crew K _DDC9523,32,6,20,12,2009,38,19,29,12,2009,,,
4226184864,40936370@N00,45.837448,4.826248,"portrait,sculpture,snow,streetart,france,art,mystery,museum,architecture,night,painting,ruins,rawart,outsiderart,chaos,symbol,contemporaryart,secret,911,apocalypse,taz,peinture,container,freemasonry,anarchy,neige,artbrut,nuit,ddc,sanctuary,worldwar,bombing,mystic,cyberpunk,landart,devastation,alchemy,destroy,modernsculpture,prophecy,999,vanitas,endoftheworld,sanctuaire,postapocalyptic,dadaisme,artprice,salamanderspirit,organmuseum,saintromainaumontdor,demeureduchaos,thierryehrmann,alchimie,artsingulier,ephemeralart,prophétie,abodeofchaos,facteurcheval,palaisideal,kurtehrmann,artéphémère,postapocalyptique,maisondartiste,artistshouses,sculpturemoderne,francmaconnerie,ehrmannscrew,groupeserveur,lespritdelasalamandre,crashculture,servergroup",Ether by Ehrmann's Crew K _DDC9530,33,6,20,12,2009,38,19,29,12,2009,,,
4225417013,40936370@N00,45.837448,4.826248,"portrait,sculpture,snow,streetart,france,art,mystery,museum,architecture,night,painting,ruins,rawart,outsiderart,chaos,symbol,contemporaryart,secret,911,apocalypse,taz,peinture,container,freemasonry,anarchy,neige,artbrut,nuit,ddc,sanctuary,worldwar,bombing,mystic,cyberpunk,landart,devastation,alchemy,destroy,modernsculpture,prophecy,999,vanitas,endoftheworld,sanctuaire,postapocalyptic,dadaisme,artprice,salamanderspirit,organmuseum,saintromainaumontdor,demeureduchaos,thierryehrmann,alchimie,artsingulier,ephemeralart,prophétie,abodeofchaos,facteurcheval,palaisideal,kurtehrmann,artéphémère,postapocalyptique,maisondartiste,artistshouses,sculpturemoderne,francmaconnerie,ehrmannscrew,groupeserveur,lespritdelasalamandre,crashculture,servergroup",Ether by Ehrmann's Crew K _DDC9553,38,6,20,12,2009,38,19,29,12,2009,,,
4226184744,40936370@N00,45.837448,4.826248,"portrait,sculpture,snow,streetart,france,art,mystery,museum,architecture,night,painting,ruins,rawart,outsiderart,chaos,symbol,contemporaryart,secret,911,apocalypse,taz,peinture,container,freemasonry,anarchy,neige,artbrut,nuit,ddc,sanctuary,worldwar,bombing,mystic,cyberpunk,landart,devastation,alchemy,destroy,modernsculpture,prophecy,999,vanitas,endoftheworld,sanctuaire,postapocalyptic,dadaisme,artprice,salamanderspirit,organmuseum,saintromainaumontdor,demeureduchaos,thierryehrmann,alchimie,artsingulier,ephemeralart,prophétie,abodeofchaos,facteurcheval,palaisideal,kurtehrmann,artéphémère,postapocalyptique,maisondartiste,artistshouses,sculpturemoderne,francmaconnerie,ehrmannscrew,groupeserveur,lespritdelasalamandre,crashculture,servergroup",Ether by Ehrmann's Crew K _DDC9560,40,6,20,12,2009,38,19,29,12,2009,,,
4226184666,40936370@N00,45.837448,4.826248,"portrait,sculpture,snow,streetart,france,art,mystery,museum,architecture,night,painting,ruins,rawart,outsiderart,chaos,symbol,contemporaryart,secret,911,apocalypse,taz,peinture,container,freemasonry,anarchy,neige,artbrut,nuit,ddc,sanctuary,worldwar,bombing,mystic,cyberpunk,landart,devastation,alchemy,destroy,modernsculpture,prophecy,999,vanitas,endoftheworld,sanctuaire,postapocalyptic,dadaisme,artprice,salamanderspirit,organmuseum,saintromainaumontdor,demeureduchaos,thierryehrmann,alchimie,artsingulier,ephemeralart,prophétie,abodeofchaos,facteurcheval,palaisideal,kurtehrmann,artéphémère,postapocalyptique,maisondartiste,artistshouses,sculpturemoderne,francmaconnerie,ehrmannscrew,groupeserveur,lespritdelasalamandre,crashculture,servergroup",Ether by Ehrmann's Crew K _DDC9568,43,6,20,12,2009,38,19,29,12,2009,,,
4225416807,40936370@N00,45.837448,4.826248,"portrait,sculpture,snow,streetart,france,art,mystery,museum,architecture,night,painting,ruins,rawart,outsiderart,chaos,symbol,contemporaryart,secret,911,apocalypse,taz,peinture,container,freemasonry,anarchy,neige,artbrut,nuit,ddc,sanctuary,worldwar,bombing,mystic,cyberpunk,landart,devastation,alchemy,destroy,modernsculpture,prophecy,999,vanitas,endoftheworld,sanctuaire,postapocalyptic,dadaisme,artprice,salamanderspirit,organmuseum,saintromainaumontdor,demeureduchaos,thierryehrmann,alchimie,artsingulier,ephemeralart,prophétie,abodeofchaos,facteurcheval,palaisideal,kurtehrmann,artéphémère,postapocalyptique,maisondartiste,artistshouses,sculpturemoderne,francmaconnerie,ehrmannscrew,groupeserveur,lespritdelasalamandre,crashculture,servergroup",Ether by Ehrmann's Crew K _DDC9628,51,6,20,12,2009,38,19,29,12,2009,,,
4226184554,40936370@N00,45.837448,4.826248,"portrait,sculpture,snow,streetart,france,art,mystery,museum,architecture,night,painting,ruins,rawart,outsiderart,chaos,symbol,contemporaryart,secret,911,apocalypse,taz,peinture,container,freemasonry,anarchy,neige,artbrut,nuit,ddc,sanctuary,worldwar,bombing,mystic,cyberpunk,landart,devastation,alchemy,destroy,modernsculpture,prophecy,999,vanitas,endoftheworld,sanctuaire,postapocalyptic,dadaisme,artprice,salamanderspirit,organmuseum,saintromainaumontdor,demeureduchaos,thierryehrmann,alchimie,artsingulier,ephemeralart,prophétie,abodeofchaos,facteurcheval,palaisideal,kurtehrmann,artéphémère,postapocalyptique,maisondartiste,artistshouses,sculpturemoderne,francmaconnerie,ehrmannscrew,groupeserveur,lespritdelasalamandre,crashculture,servergroup",Ether by Ehrmann's Crew K _DDC9654,54,6,20,12,2009,38,19,29,12,2009,,,
4226184470,40936370@N00,45.837448,4.826248,"portrait,sculpture,snow,streetart,france,art,mystery,museum,architecture,night,painting,ruins,rawart,outsiderart,chaos,symbol,contemporaryart,secret,911,apocalypse,taz,peinture,container,freemasonry,anarchy,neige,artbrut,nuit,ddc,sanctuary,worldwar,bombing,mystic,cyberpunk,landart,devastation,alchemy,destroy,modernsculpture,prophecy,999,vanitas,endoftheworld,sanctuaire,postapocalyptic,dadaisme,artprice,salamanderspirit,organmuseum,saintromainaumontdor,demeureduchaos,thierryehrmann,alchimie,artsingulier,ephemeralart,prophétie,abodeofchaos,facteurcheval,palaisideal,kurtehrmann,artéphémère,postapocalyptique,maisondartiste,artistshouses,sculpturemoderne,francmaconnerie,ehrmannscrew,groupeserveur,lespritdelasalamandre,crashculture,servergroup",Ether by Ehrmann's Crew K _DDC9661,55,6,20,12,2009,38,19,29,12,2009,,,
4226184398,40936370@N00,45.837448,4.826248,"portrait,sculpture,snow,streetart,france,art,mystery,museum,architecture,night,painting,ruins,rawart,outsiderart,chaos,symbol,contemporaryart,secret,911,apocalypse,taz,peinture,container,freemasonry,anarchy,neige,artbrut,nuit,ddc,sanctuary,worldwar,bombing,mystic,cyberpunk,landart,devastation,alchemy,destroy,modernsculpture,prophecy,999,vanitas,endoftheworld,sanctuaire,postapocalyptic,dadaisme,artprice,salamanderspirit,organmuseum,saintromainaumontdor,demeureduchaos,thierryehrmann,alchimie,artsingulier,ephemeralart,prophétie,abodeofchaos,facteurcheval,palaisideal,kurtehrmann,artéphémère,postapocalyptique,maisondartiste,artistshouses,sculpturemoderne,francmaconnerie,ehrmannscrew,groupeserveur,lespritdelasalamandre,crashculture,servergroup",Ether by Ehrmann's Crew K _DDC9676,57,6,20,12,2009,38,19,29,12,2009,,,
4225416565,40936370@N00,45.837448,4.826248,"portrait,sculpture,snow,streetart,france,art,mystery,museum,architecture,night,painting,ruins,rawart,outsiderart,chaos,symbol,contemporaryart,secret,911,apocalypse,taz,peinture,container,freemasonry,anarchy,neige,artbrut,nuit,ddc,sanctuary,worldwar,bombing,mystic,cyberpunk,landart,devastation,alchemy,destroy,modernsculpture,prophecy,999,vanitas,endoftheworld,sanctuaire,postapocalyptic,dadaisme,artprice,salamanderspirit,organmuseum,saintromainaumontdor,demeureduchaos,thierryehrmann,alchimie,artsingulier,ephemeralart,prophétie,abodeofchaos,facteurcheval,palaisideal,kurtehrmann,artéphémère,postapocalyptique,maisondartiste,artistshouses,sculpturemoderne,francmaconnerie,ehrmannscrew,groupeserveur,lespritdelasalamandre,crashculture,servergroup",Ether by Ehrmann's Crew K _DDC9713,2,7,20,12,2009,38,19,29,12,2009,,,
4225416443,40936370@N00,45.837448,4.826248,"portrait,sculpture,snow,streetart,france,art,mystery,museum,architecture,night,painting,ruins,rawart,outsiderart,chaos,symbol,contemporaryart,secret,911,apocalypse,taz,peinture,container,freemasonry,anarchy,neige,artbrut,nuit,ddc,sanctuary,worldwar,bombing,mystic,cyberpunk,landart,devastation,alchemy,destroy,modernsculpture,prophecy,999,vanitas,endoftheworld,sanctuaire,postapocalyptic,dadaisme,artprice,salamanderspirit,organmuseum,saintromainaumontdor,demeureduchaos,thierryehrmann,alchimie,artsingulier,ephemeralart,prophétie,abodeofchaos,facteurcheval,palaisideal,kurtehrmann,artéphémère,postapocalyptique,maisondartiste,artistshouses,sculpturemoderne,francmaconnerie,ehrmannscrew,groupeserveur,lespritdelasalamandre,crashculture,servergroup",Ether by Ehrmann's Crew K _DDC9744,7,7,20,12,2009,38,19,29,12,2009,,,
4225416347,40936370@N00,45.837448,4.826248,"portrait,sculpture,snow,streetart,france,art,mystery,museum,architecture,night,painting,ruins,rawart,outsiderart,chaos,symbol,contemporaryart,secret,911,apocalypse,taz,peinture,container,freemasonry,anarchy,neige,artbrut,nuit,ddc,sanctuary,worldwar,bombing,mystic,cyberpunk,landart,devastation,alchemy,destroy,modernsculpture,prophecy,999,vanitas,endoftheworld,sanctuaire,postapocalyptic,dadaisme,artprice,salamanderspirit,organmuseum,saintromainaumontdor,demeureduchaos,thierryehrmann,alchimie,artsingulier,ephemeralart,prophétie,abodeofchaos,facteurcheval,palaisideal,kurtehrmann,artéphémère,postapocalyptique,maisondartiste,artistshouses,sculpturemoderne,francmaconnerie,ehrmannscrew,groupeserveur,lespritdelasalamandre,crashculture,servergroup",Ether by Ehrmann's Crew K _DDC9756,10,7,20,12,2009,38,19,29,12,2009,,,
4226184106,40936370@N00,45.837448,4.826248,"portrait,sculpture,snow,streetart,france,art,mystery,museum,architecture,night,painting,ruins,rawart,outsiderart,chaos,symbol,contemporaryart,secret,911,apocalypse,taz,peinture,container,freemasonry,anarchy,neige,artbrut,nuit,ddc,sanctuary,worldwar,bombing,mystic,cyberpunk,landart,devastation,alchemy,destroy,modernsculpture,prophecy,999,vanitas,endoftheworld,sanctuaire,postapocalyptic,dadaisme,artprice,salamanderspirit,organmuseum,saintromainaumontdor,demeureduchaos,thierryehrmann,alchimie,artsingulier,ephemeralart,prophétie,abodeofchaos,facteurcheval,palaisideal,kurtehrmann,artéphémère,postapocalyptique,maisondartiste,artistshouses,sculpturemoderne,francmaconnerie,ehrmannscrew,groupeserveur,lespritdelasalamandre,crashculture,servergroup",Ether by Ehrmann's Crew K _DDC9780,15,7,20,12,2009,37,19,29,12,2009,,,
4225416213,40936370@N00,45.837448,4.826248,"portrait,sculpture,snow,streetart,france,art,mystery,museum,architecture,night,painting,ruins,rawart,outsiderart,chaos,symbol,contemporaryart,secret,911,apocalypse,taz,peinture,container,freemasonry,anarchy,neige,artbrut,nuit,ddc,sanctuary,worldwar,bombing,mystic,cyberpunk,landart,devastation,alchemy,destroy,modernsculpture,prophecy,999,vanitas,endoftheworld,sanctuaire,postapocalyptic,dadaisme,artprice,salamanderspirit,organmuseum,saintromainaumontdor,demeureduchaos,thierryehrmann,alchimie,artsingulier,ephemeralart,prophétie,abodeofchaos,facteurcheval,palaisideal,kurtehrmann,artéphémère,postapocalyptique,maisondartiste,artistshouses,sculpturemoderne,francmaconnerie,ehrmannscrew,groupeserveur,lespritdelasalamandre,crashculture,servergroup",Ether by Ehrmann's Crew K _DDC9785,15,7,20,12,2009,37,19,29,12,2009,,,
4226183892,40936370@N00,45.837448,4.826248,"portrait,sculpture,snow,streetart,france,art,mystery,museum,architecture,night,painting,ruins,rawart,outsiderart,chaos,symbol,contemporaryart,secret,911,apocalypse,taz,peinture,container,freemasonry,anarchy,neige,artbrut,nuit,ddc,sanctuary,worldwar,bombing,mystic,cyberpunk,landart,devastation,alchemy,destroy,modernsculpture,prophecy,999,vanitas,endoftheworld,sanctuaire,postapocalyptic,dadaisme,artprice,salamanderspirit,organmuseum,saintromainaumontdor,demeureduchaos,thierryehrmann,alchimie,artsingulier,ephemeralart,prophétie,abodeofchaos,facteurcheval,palaisideal,kurtehrmann,artéphémère,postapocalyptique,maisondartiste,artistshouses,sculpturemoderne,francmaconnerie,ehrmannscrew,groupeserveur,lespritdelasalamandre,crashculture,servergroup",Ether by Ehrmann's Crew K _DDC9789,16,7,20,12,2009,37,19,29,12,2009,,,
4226183792,40936370@N00,45.837448,4.826248,"portrait,sculpture,snow,streetart,france,art,mystery,museum,architecture,night,painting,ruins,rawart,outsiderart,chaos,symbol,contemporaryart,secret,911,apocalypse,taz,peinture,container,freemasonry,anarchy,neige,artbrut,nuit,ddc,sanctuary,worldwar,bombing,mystic,cyberpunk,landart,devastation,alchemy,destroy,modernsculpture,prophecy,999,vanitas,endoftheworld,sanctuaire,postapocalyptic,dadaisme,artprice,salamanderspirit,organmuseum,saintromainaumontdor,demeureduchaos,thierryehrmann,alchimie,artsingulier,ephemeralart,prophétie,abodeofchaos,facteurcheval,palaisideal,kurtehrmann,artéphémère,postapocalyptique,maisondartiste,artistshouses,sculpturemoderne,francmaconnerie,ehrmannscrew,groupeserveur,lespritdelasalamandre,crashculture,servergroup",Ether by Ehrmann's Crew K _DDC9806,17,7,20,12,2009,37,19,29,12,2009,,,
4225415933,40936370@N00,45.837448,4.826248,"portrait,sculpture,snow,streetart,france,art,mystery,museum,architecture,night,painting,ruins,rawart,outsiderart,chaos,symbol,contemporaryart,secret,911,apocalypse,taz,peinture,container,freemasonry,anarchy,neige,artbrut,nuit,ddc,sanctuary,worldwar,bombing,mystic,cyberpunk,landart,devastation,alchemy,destroy,modernsculpture,prophecy,999,vanitas,endoftheworld,sanctuaire,postapocalyptic,dadaisme,artprice,salamanderspirit,organmuseum,saintromainaumontdor,demeureduchaos,thierryehrmann,alchimie,artsingulier,ephemeralart,prophétie,abodeofchaos,facteurcheval,palaisideal,kurtehrmann,artéphémère,postapocalyptique,maisondartiste,artistshouses,sculpturemoderne,francmaconnerie,ehrmannscrew,groupeserveur,lespritdelasalamandre,crashculture,servergroup",Ether by Ehrmann's Crew K _DDC9822,22,7,20,12,2009,37,19,29,12,2009,,,
4226183670,40936370@N00,45.837448,4.826248,"portrait,sculpture,snow,streetart,france,art,mystery,museum,architecture,night,painting,ruins,rawart,outsiderart,chaos,symbol,contemporaryart,secret,911,apocalypse,taz,peinture,container,freemasonry,anarchy,neige,artbrut,nuit,ddc,sanctuary,worldwar,bombing,mystic,cyberpunk,landart,devastation,alchemy,destroy,modernsculpture,prophecy,999,vanitas,endoftheworld,sanctuaire,postapocalyptic,dadaisme,artprice,salamanderspirit,organmuseum,saintromainaumontdor,demeureduchaos,thierryehrmann,alchimie,artsingulier,ephemeralart,prophétie,abodeofchaos,facteurcheval,palaisideal,kurtehrmann,artéphémère,postapocalyptique,maisondartiste,artistshouses,sculpturemoderne,francmaconnerie,ehrmannscrew,groupeserveur,lespritdelasalamandre,crashculture,servergroup",Ether by Ehrmann's Crew K _DDC9837,26,7,20,12,2009,37,19,29,12,2009,,,
4226183566,40936370@N00,45.837448,4.826248,"portrait,sculpture,snow,streetart,france,art,mystery,museum,architecture,night,painting,ruins,rawart,outsiderart,chaos,symbol,contemporaryart,secret,911,apocalypse,taz,peinture,container,freemasonry,anarchy,neige,artbrut,nuit,ddc,sanctuary,worldwar,bombing,mystic,cyberpunk,landart,devastation,alchemy,destroy,modernsculpture,prophecy,999,vanitas,endoftheworld,sanctuaire,postapocalyptic,dadaisme,artprice,salamanderspirit,organmuseum,saintromainaumontdor,demeureduchaos,thierryehrmann,alchimie,artsingulier,ephemeralart,prophétie,abodeofchaos,facteurcheval,palaisideal,kurtehrmann,artéphémère,postapocalyptique,maisondartiste,artistshouses,sculpturemoderne,francmaconnerie,ehrmannscrew,groupeserveur,lespritdelasalamandre,crashculture,servergroup",Ether by Ehrmann's Crew K _DDC9846,26,7,20,12,2009,37,19,29,12,2009,,,
4225415693,40936370@N00,45.837448,4.826248,"portrait,sculpture,snow,streetart,france,art,mystery,museum,architecture,night,painting,ruins,rawart,outsiderart,chaos,symbol,contemporaryart,secret,911,apocalypse,taz,peinture,container,freemasonry,anarchy,neige,artbrut,nuit,ddc,sanctuary,worldwar,bombing,mystic,cyberpunk,landart,devastation,alchemy,destroy,modernsculpture,prophecy,999,vanitas,endoftheworld,sanctuaire,postapocalyptic,dadaisme,artprice,salamanderspirit,organmuseum,saintromainaumontdor,demeureduchaos,thierryehrmann,alchimie,artsingulier,ephemeralart,prophétie,abodeofchaos,facteurcheval,palaisideal,kurtehrmann,artéphémère,postapocalyptique,maisondartiste,artistshouses,sculpturemoderne,francmaconnerie,ehrmannscrew,groupeserveur,lespritdelasalamandre,crashculture,servergroup",Ether by Ehrmann's Crew K _DDC9855,29,7,20,12,2009,37,19,29,12,2009,,,
4225415623,40936370@N00,45.837448,4.826248,"portrait,sculpture,snow,streetart,france,art,mystery,museum,architecture,night,painting,ruins,rawart,outsiderart,chaos,symbol,contemporaryart,secret,911,apocalypse,taz,peinture,container,freemasonry,anarchy,neige,artbrut,nuit,ddc,sanctuary,worldwar,bombing,mystic,cyberpunk,landart,devastation,alchemy,destroy,modernsculpture,prophecy,999,vanitas,endoftheworld,sanctuaire,postapocalyptic,dadaisme,artprice,salamanderspirit,organmuseum,saintromainaumontdor,demeureduchaos,thierryehrmann,alchimie,artsingulier,ephemeralart,prophétie,abodeofchaos,facteurcheval,palaisideal,kurtehrmann,artéphémère,postapocalyptique,maisondartiste,artistshouses,sculpturemoderne,francmaconnerie,ehrmannscrew,groupeserveur,lespritdelasalamandre,crashculture,servergroup",Ether by Ehrmann's Crew K _DDC9867,52,7,20,12,2009,37,19,29,12,2009,,,
4225415543,40936370@N00,45.837448,4.826248,"portrait,sculpture,snow,streetart,france,art,mystery,museum,architecture,night,painting,ruins,rawart,outsiderart,chaos,symbol,contemporaryart,secret,911,apocalypse,taz,peinture,container,freemasonry,anarchy,neige,artbrut,nuit,ddc,sanctuary,worldwar,bombing,mystic,cyberpunk,landart,devastation,alchemy,destroy,modernsculpture,prophecy,999,vanitas,endoftheworld,sanctuaire,postapocalyptic,dadaisme,artprice,salamanderspirit,organmuseum,saintromainaumontdor,demeureduchaos,thierryehrmann,alchimie,artsingulier,ephemeralart,prophétie,abodeofchaos,facteurcheval,palaisideal,kurtehrmann,artéphémère,postapocalyptique,maisondartiste,artistshouses,sculpturemoderne,francmaconnerie,ehrmannscrew,groupeserveur,lespritdelasalamandre,crashculture,servergroup",Ether by Ehrmann's Crew K _DDC9891,41,4,21,12,2009,37,19,29,12,2009,,,
4225415473,40936370@N00,45.837448,4.826248,"portrait,sculpture,snow,streetart,france,art,mystery,museum,architecture,night,painting,ruins,rawart,outsiderart,chaos,symbol,contemporaryart,secret,911,apocalypse,taz,peinture,container,freemasonry,anarchy,neige,artbrut,nuit,ddc,sanctuary,worldwar,bombing,mystic,cyberpunk,landart,devastation,alchemy,destroy,modernsculpture,prophecy,999,vanitas,endoftheworld,sanctuaire,postapocalyptic,dadaisme,artprice,salamanderspirit,organmuseum,saintromainaumontdor,demeureduchaos,thierryehrmann,alchimie,artsingulier,ephemeralart,prophétie,abodeofchaos,facteurcheval,palaisideal,kurtehrmann,artéphémère,postapocalyptique,maisondartiste,artistshouses,sculpturemoderne,francmaconnerie,ehrmannscrew,groupeserveur,lespritdelasalamandre,crashculture,servergroup",Ether by Ehrmann's Crew K _DDC9901,43,4,21,12,2009,37,19,29,12,2009,,,
4226183156,40936370@N00,45.837448,4.826248,"portrait,sculpture,snow,streetart,france,art,mystery,museum,architecture,night,painting,ruins,rawart,outsiderart,chaos,symbol,contemporaryart,secret,911,apocalypse,taz,peinture,container,freemasonry,anarchy,neige,artbrut,nuit,ddc,sanctuary,worldwar,bombing,mystic,cyberpunk,landart,devastation,alchemy,destroy,modernsculpture,prophecy,999,vanitas,endoftheworld,sanctuaire,postapocalyptic,dadaisme,artprice,salamanderspirit,organmuseum,saintromainaumontdor,demeureduchaos,thierryehrmann,alchimie,artsingulier,ephemeralart,prophétie,abodeofchaos,facteurcheval,palaisideal,kurtehrmann,artéphémère,postapocalyptique,maisondartiste,artistshouses,sculpturemoderne,francmaconnerie,ehrmannscrew,groupeserveur,lespritdelasalamandre,crashculture,servergroup",Ether by Ehrmann's Crew K _DDC9906,44,4,21,12,2009,37,19,29,12,2009,,,
4226183114,40936370@N00,45.837448,4.826248,"portrait,sculpture,snow,streetart,france,art,mystery,museum,architecture,night,painting,ruins,rawart,outsiderart,chaos,symbol,contemporaryart,secret,911,apocalypse,taz,peinture,container,freemasonry,anarchy,neige,artbrut,nuit,ddc,sanctuary,worldwar,bombing,mystic,cyberpunk,landart,devastation,alchemy,destroy,modernsculpture,prophecy,999,vanitas,endoftheworld,sanctuaire,postapocalyptic,dadaisme,artprice,salamanderspirit,organmuseum,saintromainaumontdor,demeureduchaos,thierryehrmann,alchimie,artsingulier,ephemeralart,prophétie,abodeofchaos,facteurcheval,palaisideal,kurtehrmann,artéphémère,postapocalyptique,maisondartiste,artistshouses,sculpturemoderne,francmaconnerie,ehrmannscrew,groupeserveur,lespritdelasalamandre,crashculture,servergroup",Ether by Ehrmann's Crew K _DDC9921,46,4,21,12,2009,37,19,29,12,2009,,,
4226183054,40936370@N00,45.837448,4.826248,"portrait,sculpture,snow,streetart,france,art,mystery,museum,architecture,night,painting,ruins,rawart,outsiderart,chaos,symbol,contemporaryart,secret,911,apocalypse,taz,peinture,container,freemasonry,anarchy,neige,artbrut,nuit,ddc,sanctuary,worldwar,bombing,mystic,cyberpunk,landart,devastation,alchemy,destroy,modernsculpture,prophecy,999,vanitas,endoftheworld,sanctuaire,postapocalyptic,dadaisme,artprice,salamanderspirit,organmuseum,saintromainaumontdor,demeureduchaos,thierryehrmann,alchimie,artsingulier,ephemeralart,prophétie,abodeofchaos,facteurcheval,palaisideal,kurtehrmann,artéphémère,postapocalyptique,maisondartiste,artistshouses,sculpturemoderne,francmaconnerie,ehrmannscrew,groupeserveur,lespritdelasalamandre,crashculture,servergroup",Ether by Ehrmann's Crew K _DDC9923,47,4,21,12,2009,37,19,29,12,2009,,,
4225415179,40936370@N00,45.837448,4.826248,"portrait,sculpture,snow,streetart,france,art,mystery,museum,architecture,night,painting,ruins,rawart,outsiderart,chaos,symbol,contemporaryart,secret,911,apocalypse,taz,peinture,container,freemasonry,anarchy,neige,artbrut,nuit,ddc,sanctuary,worldwar,bombing,mystic,cyberpunk,landart,devastation,alchemy,destroy,modernsculpture,prophecy,999,vanitas,endoftheworld,sanctuaire,postapocalyptic,dadaisme,artprice,salamanderspirit,organmuseum,saintromainaumontdor,demeureduchaos,thierryehrmann,alchimie,artsingulier,ephemeralart,prophétie,abodeofchaos,facteurcheval,palaisideal,kurtehrmann,artéphémère,postapocalyptique,maisondartiste,artistshouses,sculpturemoderne,francmaconnerie,ehrmannscrew,groupeserveur,lespritdelasalamandre,crashculture,servergroup",Ether by Ehrmann's Crew K _DDC9931,49,4,21,12,2009,37,19,29,12,2009,,,
4226182950,40936370@N00,45.837448,4.826248,"portrait,sculpture,snow,streetart,france,art,mystery,museum,architecture,night,painting,ruins,rawart,outsiderart,chaos,symbol,contemporaryart,secret,911,apocalypse,taz,peinture,container,freemasonry,anarchy,neige,artbrut,nuit,ddc,sanctuary,worldwar,bombing,mystic,cyberpunk,landart,devastation,alchemy,destroy,modernsculpture,prophecy,999,vanitas,endoftheworld,sanctuaire,postapocalyptic,dadaisme,artprice,salamanderspirit,organmuseum,saintromainaumontdor,demeureduchaos,thierryehrmann,alchimie,artsingulier,ephemeralart,prophétie,abodeofchaos,facteurcheval,palaisideal,kurtehrmann,artéphémère,postapocalyptique,maisondartiste,artistshouses,sculpturemoderne,francmaconnerie,ehrmannscrew,groupeserveur,lespritdelasalamandre,crashculture,servergroup",Ether by Ehrmann's Crew K _DDC9939,50,4,21,12,2009,37,19,29,12,2009,,,
4226182878,40936370@N00,45.837448,4.826248,"portrait,sculpture,snow,streetart,france,art,mystery,museum,architecture,night,painting,ruins,rawart,outsiderart,chaos,symbol,contemporaryart,secret,911,apocalypse,taz,peinture,container,freemasonry,anarchy,neige,artbrut,nuit,ddc,sanctuary,worldwar,bombing,mystic,cyberpunk,landart,devastation,alchemy,destroy,modernsculpture,prophecy,999,vanitas,endoftheworld,sanctuaire,postapocalyptic,dadaisme,artprice,salamanderspirit,organmuseum,saintromainaumontdor,demeureduchaos,thierryehrmann,alchimie,artsingulier,ephemeralart,prophétie,abodeofchaos,facteurcheval,palaisideal,kurtehrmann,artéphémère,postapocalyptique,maisondartiste,artistshouses,sculpturemoderne,francmaconnerie,ehrmannscrew,groupeserveur,lespritdelasalamandre,crashculture,servergroup",Ether by Ehrmann's Crew K _DDC9961,53,4,21,12,2009,37,19,29,12,2009,,,
4226182834,40936370@N00,45.837448,4.826248,"portrait,sculpture,snow,streetart,france,art,mystery,museum,architecture,night,painting,ruins,rawart,outsiderart,chaos,symbol,contemporaryart,secret,911,apocalypse,taz,peinture,container,freemasonry,anarchy,neige,artbrut,nuit,ddc,sanctuary,worldwar,bombing,mystic,cyberpunk,landart,devastation,alchemy,destroy,modernsculpture,prophecy,999,vanitas,endoftheworld,sanctuaire,postapocalyptic,dadaisme,artprice,salamanderspirit,organmuseum,saintromainaumontdor,demeureduchaos,thierryehrmann,alchimie,artsingulier,ephemeralart,prophétie,abodeofchaos,facteurcheval,palaisideal,kurtehrmann,artéphémère,postapocalyptique,maisondartiste,artistshouses,sculpturemoderne,francmaconnerie,ehrmannscrew,groupeserveur,lespritdelasalamandre,crashculture,servergroup",Ether by Ehrmann's Crew K _DDC9976,58,4,21,12,2009,37,19,29,12,2009,,,
4226182766,40936370@N00,45.837448,4.826248,"portrait,sculpture,snow,streetart,france,art,mystery,museum,architecture,night,painting,ruins,rawart,outsiderart,chaos,symbol,contemporaryart,secret,911,apocalypse,taz,peinture,container,freemasonry,anarchy,neige,artbrut,nuit,ddc,sanctuary,worldwar,bombing,mystic,cyberpunk,landart,devastation,alchemy,destroy,modernsculpture,prophecy,999,vanitas,endoftheworld,sanctuaire,postapocalyptic,dadaisme,artprice,salamanderspirit,organmuseum,saintromainaumontdor,demeureduchaos,thierryehrmann,alchimie,artsingulier,ephemeralart,prophétie,abodeofchaos,facteurcheval,palaisideal,kurtehrmann,artéphémère,postapocalyptique,maisondartiste,artistshouses,sculpturemoderne,francmaconnerie,ehrmannscrew,groupeserveur,lespritdelasalamandre,crashculture,servergroup",Ether by Ehrmann's Crew K _DDC9985,0,5,21,12,2009,37,19,29,12,2009,,,
4226182664,40936370@N00,45.837448,4.826248,"portrait,sculpture,snow,streetart,france,art,mystery,museum,architecture,night,painting,ruins,rawart,outsiderart,chaos,symbol,contemporaryart,secret,911,apocalypse,taz,peinture,container,freemasonry,anarchy,neige,artbrut,nuit,ddc,sanctuary,worldwar,bombing,mystic,cyberpunk,landart,devastation,alchemy,destroy,modernsculpture,prophecy,999,vanitas,endoftheworld,sanctuaire,postapocalyptic,dadaisme,artprice,salamanderspirit,organmuseum,saintromainaumontdor,demeureduchaos,thierryehrmann,alchimie,artsingulier,ephemeralart,prophétie,abodeofchaos,facteurcheval,palaisideal,kurtehrmann,artéphémère,postapocalyptique,maisondartiste,artistshouses,sculpturemoderne,francmaconnerie,ehrmannscrew,groupeserveur,lespritdelasalamandre,crashculture,servergroup",Ether by Ehrmann's Crew K _DDC9989,1,5,21,12,2009,37,19,29,12,2009,,,
4226182598,40936370@N00,45.837448,4.826248,"portrait,sculpture,snow,streetart,france,art,mystery,museum,architecture,night,painting,ruins,rawart,outsiderart,chaos,symbol,contemporaryart,secret,911,apocalypse,taz,peinture,container,freemasonry,anarchy,neige,artbrut,nuit,ddc,sanctuary,worldwar,bombing,mystic,cyberpunk,landart,devastation,alchemy,destroy,modernsculpture,prophecy,999,vanitas,endoftheworld,sanctuaire,postapocalyptic,dadaisme,artprice,salamanderspirit,organmuseum,saintromainaumontdor,demeureduchaos,thierryehrmann,alchimie,artsingulier,ephemeralart,prophétie,abodeofchaos,facteurcheval,palaisideal,kurtehrmann,artéphémère,postapocalyptique,maisondartiste,artistshouses,sculpturemoderne,francmaconnerie,ehrmannscrew,groupeserveur,lespritdelasalamandre,crashculture,servergroup",Ether by Ehrmann's Crew K _DDC9993,1,5,21,12,2009,37,19,29,12,2009,,,
4226182532,40936370@N00,45.837448,4.826248,"portrait,sculpture,snow,streetart,france,art,mystery,museum,architecture,night,painting,ruins,rawart,outsiderart,chaos,symbol,contemporaryart,secret,911,apocalypse,taz,peinture,container,freemasonry,anarchy,neige,artbrut,nuit,ddc,sanctuary,worldwar,bombing,mystic,cyberpunk,landart,devastation,alchemy,destroy,modernsculpture,prophecy,999,vanitas,endoftheworld,sanctuaire,postapocalyptic,dadaisme,artprice,salamanderspirit,organmuseum,saintromainaumontdor,demeureduchaos,thierryehrmann,alchimie,artsingulier,ephemeralart,prophétie,abodeofchaos,facteurcheval,palaisideal,kurtehrmann,artéphémère,postapocalyptique,maisondartiste,artistshouses,sculpturemoderne,francmaconnerie,ehrmannscrew,groupeserveur,lespritdelasalamandre,crashculture,servergroup",Ether by Ehrmann's Crew K _DDC9999,3,5,21,12,2009,37,19,29,12,2009,,,
4226182462,40936370@N00,45.837448,4.826248,"portrait,sculpture,snow,streetart,france,art,mystery,museum,architecture,night,painting,ruins,rawart,outsiderart,chaos,symbol,contemporaryart,secret,911,apocalypse,taz,peinture,container,freemasonry,anarchy,neige,artbrut,nuit,ddc,sanctuary,worldwar,bombing,mystic,cyberpunk,landart,devastation,alchemy,destroy,modernsculpture,prophecy,999,vanitas,endoftheworld,sanctuaire,postapocalyptic,dadaisme,artprice,salamanderspirit,organmuseum,saintromainaumontdor,demeureduchaos,thierryehrmann,alchimie,artsingulier,ephemeralart,prophétie,abodeofchaos,facteurcheval,palaisideal,kurtehrmann,artéphémère,postapocalyptique,maisondartiste,artistshouses,sculpturemoderne,francmaconnerie,ehrmannscrew,groupeserveur,lespritdelasalamandre,crashculture,servergroup",Ether by Ehrmann's Crew K IMGP0210,36,5,21,1,2007,37,19,29,12,2009,,,
4225409757,40936370@N00,45.837448,4.826248,"portrait,sculpture,snow,streetart,france,art,mystery,museum,architecture,night,painting,ruins,rawart,outsiderart,chaos,symbol,contemporaryart,secret,911,apocalypse,taz,peinture,container,freemasonry,anarchy,neige,artbrut,nuit,ddc,sanctuary,worldwar,bombing,mystic,cyberpunk,landart,devastation,alchemy,destroy,modernsculpture,prophecy,999,vanitas,endoftheworld,sanctuaire,postapocalyptic,dadaisme,artprice,salamanderspirit,organmuseum,saintromainaumontdor,demeureduchaos,thierryehrmann,alchimie,artsingulier,ephemeralart,prophétie,abodeofchaos,facteurcheval,palaisideal,kurtehrmann,artéphémère,postapocalyptique,maisondartiste,artistshouses,sculpturemoderne,francmaconnerie,ehrmannscrew,groupeserveur,lespritdelasalamandre,crashculture,servergroup",Ether by Ehrmann's Crew K IMGP0455,19,10,21,1,2007,35,19,29,12,2009,,,
4226176494,40936370@N00,45.837448,4.826248,"portrait,sculpture,snow,streetart,france,art,mystery,museum,architecture,night,painting,ruins,rawart,outsiderart,chaos,symbol,contemporaryart,secret,911,apocalypse,taz,peinture,container,freemasonry,anarchy,neige,artbrut,nuit,ddc,sanctuary,worldwar,bombing,mystic,cyberpunk,landart,devastation,alchemy,destroy,modernsculpture,prophecy,999,vanitas,endoftheworld,sanctuaire,postapocalyptic,dadaisme,artprice,salamanderspirit,organmuseum,saintromainaumontdor,demeureduchaos,thierryehrmann,alchimie,artsingulier,ephemeralart,prophétie,abodeofchaos,facteurcheval,palaisideal,kurtehrmann,artéphémère,postapocalyptique,maisondartiste,artistshouses,sculpturemoderne,francmaconnerie,ehrmannscrew,groupeserveur,lespritdelasalamandre,crashculture,servergroup",Ether by Ehrmann's Crew K IMGP0584,10,11,21,1,2007,35,19,29,12,2009,,,
4225408631,40936370@N00,45.837448,4.826248,"portrait,sculpture,snow,streetart,france,art,mystery,museum,architecture,night,painting,ruins,rawart,outsiderart,chaos,symbol,contemporaryart,secret,911,apocalypse,taz,peinture,container,freemasonry,anarchy,neige,artbrut,nuit,ddc,sanctuary,worldwar,bombing,mystic,cyberpunk,landart,devastation,alchemy,destroy,modernsculpture,prophecy,999,vanitas,endoftheworld,sanctuaire,postapocalyptic,dadaisme,artprice,salamanderspirit,organmuseum,saintromainaumontdor,demeureduchaos,thierryehrmann,alchimie,artsingulier,ephemeralart,prophétie,abodeofchaos,facteurcheval,palaisideal,kurtehrmann,artéphémère,postapocalyptique,maisondartiste,artistshouses,sculpturemoderne,francmaconnerie,ehrmannscrew,groupeserveur,lespritdelasalamandre,crashculture,servergroup",Ether by Ehrmann's Crew K IMGP0592 1,12,11,21,1,2007,35,19,29,12,2009,,,
4225408557,40936370@N00,45.837448,4.826248,"portrait,sculpture,snow,streetart,france,art,mystery,museum,architecture,night,painting,ruins,rawart,outsiderart,chaos,symbol,contemporaryart,secret,911,apocalypse,taz,peinture,container,freemasonry,anarchy,neige,artbrut,nuit,ddc,sanctuary,worldwar,bombing,mystic,cyberpunk,landart,devastation,alchemy,destroy,modernsculpture,prophecy,999,vanitas,endoftheworld,sanctuaire,postapocalyptic,dadaisme,artprice,salamanderspirit,organmuseum,saintromainaumontdor,demeureduchaos,thierryehrmann,alchimie,artsingulier,ephemeralart,prophétie,abodeofchaos,facteurcheval,palaisideal,kurtehrmann,artéphémère,postapocalyptique,maisondartiste,artistshouses,sculpturemoderne,francmaconnerie,ehrmannscrew,groupeserveur,lespritdelasalamandre,crashculture,servergroup",Ether by Ehrmann's Crew K IMGP0597,14,11,21,1,2007,35,19,29,12,2009,,,
4226176140,40936370@N00,45.837448,4.826248,"portrait,sculpture,snow,streetart,france,art,mystery,museum,architecture,night,painting,ruins,rawart,outsiderart,chaos,symbol,contemporaryart,secret,911,apocalypse,taz,peinture,container,freemasonry,anarchy,neige,artbrut,nuit,ddc,sanctuary,worldwar,bombing,mystic,cyberpunk,landart,devastation,alchemy,destroy,modernsculpture,prophecy,999,vanitas,endoftheworld,sanctuaire,postapocalyptic,dadaisme,artprice,salamanderspirit,organmuseum,saintromainaumontdor,demeureduchaos,thierryehrmann,alchimie,artsingulier,ephemeralart,prophétie,abodeofchaos,facteurcheval,palaisideal,kurtehrmann,artéphémère,postapocalyptique,maisondartiste,artistshouses,sculpturemoderne,francmaconnerie,ehrmannscrew,groupeserveur,lespritdelasalamandre,crashculture,servergroup",Ether by Ehrmann's Crew K IMGP0621,3,2,22,1,2007,34,19,29,12,2009,,,
4225407711,40936370@N00,45.837448,4.826248,"portrait,sculpture,snow,streetart,france,art,mystery,museum,architecture,night,painting,ruins,rawart,outsiderart,chaos,symbol,contemporaryart,secret,911,apocalypse,taz,peinture,container,freemasonry,anarchy,neige,artbrut,nuit,ddc,sanctuary,worldwar,bombing,mystic,cyberpunk,landart,devastation,alchemy,destroy,modernsculpture,prophecy,999,vanitas,endoftheworld,sanctuaire,postapocalyptic,dadaisme,artprice,salamanderspirit,organmuseum,saintromainaumontdor,demeureduchaos,thierryehrmann,alchimie,artsingulier,ephemeralart,prophétie,abodeofchaos,facteurcheval,palaisideal,kurtehrmann,artéphémère,postapocalyptique,maisondartiste,artistshouses,sculpturemoderne,francmaconnerie,ehrmannscrew,groupeserveur,lespritdelasalamandre,crashculture,servergroup",Ether by Ehrmann's Crew K IMGP0628,5,2,22,1,2007,34,19,29,12,2009,,,
4225396839,40936370@N00,45.837448,4.826248,"romainslocombe,kurtehrmann,annesophie,yokohigashi,hamayôko,photographe,écrivain,artiste,writer,artist,abodeofchaos,chaos,lespritdelasalamandre,salamanderspirit,demeureduchaos,thierryehrmann,ddc,999,groupeserveur,taz,organmuseum,servergroup,facteurcheval,palaisideal,sanctuaire,sanctuary,artprice,portrait,painting,peinture,france,museum,sculpture,architecture,maisondartiste,art,artistshouses,streetart,sculpturemoderne,modernsculpture,secret,alchimie,alchemy,landart,artbrut,artsingulier,rawart,symbol,911,contemporaryart,apocalypse,postapocalyptique,cyberpunk,graffiti,vanitas,ruins,prophecy,prophétie,container,dadaisme,outsiderart,mystery,worldwar,eros,mystic,crashculture,devastation,destroy,bombing,punk,francmaconnerie,freemasonry,saintromainaumontdor",Visite de Romain Slocombe by Ehrmann's Crew K _DDC9372,39,16,16,12,2009,30,19,29,12,2009,,,
4225396781,40936370@N00,45.837448,4.826248,"portrait,sculpture,streetart,france,art,mystery,museum,architecture,painting,graffiti,ruins,punk,artist,rawart,outsiderart,chaos,symbol,contemporaryart,secret,911,apocalypse,taz,peinture,eros,container,freemasonry,writer,artbrut,ddc,sanctuary,worldwar,bombing,mystic,cyberpunk,landart,devastation,annesophie,alchemy,destroy,modernsculpture,prophecy,999,vanitas,artiste,photographe,sanctuaire,écrivain,dadaisme,artprice,salamanderspirit,organmuseum,saintromainaumontdor,demeureduchaos,thierryehrmann,alchimie,artsingulier,prophétie,abodeofchaos,facteurcheval,palaisideal,kurtehrmann,romainslocombe,postapocalyptique,maisondartiste,artistshouses,sculpturemoderne,francmaconnerie,yokohigashi,groupeserveur,lespritdelasalamandre,crashculture,servergroup,hamayôko",Visite de Romain Slocombe by Ehrmann's Crew K _DDC9370,39,16,16,12,2009,30,19,29,12,2009,,,
4225396681,40936370@N00,45.837448,4.826248,"portrait,sculpture,streetart,france,art,mystery,museum,architecture,painting,graffiti,ruins,punk,artist,rawart,outsiderart,chaos,symbol,contemporaryart,secret,911,apocalypse,taz,peinture,eros,container,freemasonry,writer,artbrut,ddc,sanctuary,worldwar,bombing,mystic,cyberpunk,landart,devastation,annesophie,alchemy,destroy,modernsculpture,prophecy,999,vanitas,artiste,photographe,sanctuaire,écrivain,dadaisme,artprice,salamanderspirit,organmuseum,saintromainaumontdor,demeureduchaos,thierryehrmann,alchimie,artsingulier,prophétie,abodeofchaos,facteurcheval,palaisideal,kurtehrmann,romainslocombe,postapocalyptique,maisondartiste,artistshouses,sculpturemoderne,francmaconnerie,yokohigashi,groupeserveur,lespritdelasalamandre,crashculture,servergroup,hamayôko",Visite de Romain Slocombe by Ehrmann's Crew K _DDC9368,37,16,16,12,2009,30,19,29,12,2009,,,
4225396577,40936370@N00,45.837448,4.826248,"portrait,sculpture,streetart,france,art,mystery,museum,architecture,painting,graffiti,ruins,punk,artist,rawart,outsiderart,chaos,symbol,contemporaryart,secret,911,apocalypse,taz,peinture,eros,container,freemasonry,writer,artbrut,ddc,sanctuary,worldwar,bombing,mystic,cyberpunk,landart,devastation,annesophie,alchemy,destroy,modernsculpture,prophecy,999,vanitas,artiste,photographe,sanctuaire,écrivain,dadaisme,artprice,salamanderspirit,organmuseum,saintromainaumontdor,demeureduchaos,thierryehrmann,alchimie,artsingulier,prophétie,abodeofchaos,facteurcheval,palaisideal,kurtehrmann,romainslocombe,postapocalyptique,maisondartiste,artistshouses,sculpturemoderne,francmaconnerie,yokohigashi,groupeserveur,lespritdelasalamandre,crashculture,servergroup,hamayôko",Visite de Romain Slocombe by Ehrmann's Crew K _DDC9366,35,16,16,12,2009,30,19,29,12,2009,,,
4225396521,40936370@N00,45.837448,4.826248,"portrait,sculpture,streetart,france,art,mystery,museum,architecture,painting,graffiti,ruins,punk,artist,rawart,outsiderart,chaos,symbol,contemporaryart,secret,911,apocalypse,taz,peinture,eros,container,freemasonry,writer,artbrut,ddc,sanctuary,worldwar,bombing,mystic,cyberpunk,landart,devastation,annesophie,alchemy,destroy,modernsculpture,prophecy,999,vanitas,artiste,photographe,sanctuaire,écrivain,dadaisme,artprice,salamanderspirit,organmuseum,saintromainaumontdor,demeureduchaos,thierryehrmann,alchimie,artsingulier,prophétie,abodeofchaos,facteurcheval,palaisideal,kurtehrmann,romainslocombe,postapocalyptique,maisondartiste,artistshouses,sculpturemoderne,francmaconnerie,yokohigashi,groupeserveur,lespritdelasalamandre,crashculture,servergroup,hamayôko",Visite de Romain Slocombe by Ehrmann's Crew K _DDC9364,32,16,16,12,2009,30,19,29,12,2009,,,
4226164732,40936370@N00,45.837448,4.826248,"portrait,sculpture,streetart,france,art,mystery,museum,architecture,painting,graffiti,ruins,punk,artist,rawart,outsiderart,chaos,symbol,contemporaryart,secret,911,apocalypse,taz,peinture,eros,container,freemasonry,writer,artbrut,ddc,sanctuary,worldwar,bombing,mystic,cyberpunk,landart,devastation,annesophie,alchemy,destroy,modernsculpture,prophecy,999,vanitas,artiste,photographe,sanctuaire,écrivain,dadaisme,artprice,salamanderspirit,organmuseum,saintromainaumontdor,demeureduchaos,thierryehrmann,alchimie,artsingulier,prophétie,abodeofchaos,facteurcheval,palaisideal,kurtehrmann,romainslocombe,postapocalyptique,maisondartiste,artistshouses,sculpturemoderne,francmaconnerie,yokohigashi,groupeserveur,lespritdelasalamandre,crashculture,servergroup,hamayôko",Visite de Romain Slocombe by Ehrmann's Crew K _DDC9363,32,16,16,12,2009,30,19,29,12,2009,,,
4226164652,40936370@N00,45.837448,4.826248,"portrait,sculpture,streetart,france,art,mystery,museum,architecture,painting,graffiti,ruins,punk,artist,rawart,outsiderart,chaos,symbol,contemporaryart,secret,911,apocalypse,taz,peinture,eros,container,freemasonry,writer,artbrut,ddc,sanctuary,worldwar,bombing,mystic,cyberpunk,landart,devastation,annesophie,alchemy,destroy,modernsculpture,prophecy,999,vanitas,artiste,photographe,sanctuaire,écrivain,dadaisme,artprice,salamanderspirit,organmuseum,saintromainaumontdor,demeureduchaos,thierryehrmann,alchimie,artsingulier,prophétie,abodeofchaos,facteurcheval,palaisideal,kurtehrmann,romainslocombe,postapocalyptique,maisondartiste,artistshouses,sculpturemoderne,francmaconnerie,yokohigashi,groupeserveur,lespritdelasalamandre,crashculture,servergroup,hamayôko",Visite de Romain Slocombe by Ehrmann's Crew K _DDC9358,27,16,16,12,2009,30,19,29,12,2009,,,
4225396327,40936370@N00,45.837448,4.826248,"portrait,sculpture,streetart,france,art,mystery,museum,architecture,painting,graffiti,ruins,punk,artist,rawart,outsiderart,chaos,symbol,contemporaryart,secret,911,apocalypse,taz,peinture,eros,container,freemasonry,writer,artbrut,ddc,sanctuary,worldwar,bombing,mystic,cyberpunk,landart,devastation,annesophie,alchemy,destroy,modernsculpture,prophecy,999,vanitas,artiste,photographe,sanctuaire,écrivain,dadaisme,artprice,salamanderspirit,organmuseum,saintromainaumontdor,demeureduchaos,thierryehrmann,alchimie,artsingulier,prophétie,abodeofchaos,facteurcheval,palaisideal,kurtehrmann,romainslocombe,postapocalyptique,maisondartiste,artistshouses,sculpturemoderne,francmaconnerie,yokohigashi,groupeserveur,lespritdelasalamandre,crashculture,servergroup,hamayôko",Visite de Romain Slocombe by Ehrmann's Crew K _DDC9355,26,16,16,12,2009,30,19,29,12,2009,,,
4225396275,40936370@N00,45.837448,4.826248,"portrait,sculpture,streetart,france,art,mystery,museum,architecture,painting,graffiti,ruins,punk,artist,rawart,outsiderart,chaos,symbol,contemporaryart,secret,911,apocalypse,taz,peinture,eros,container,freemasonry,writer,artbrut,ddc,sanctuary,worldwar,bombing,mystic,cyberpunk,landart,devastation,annesophie,alchemy,destroy,modernsculpture,prophecy,999,vanitas,artiste,photographe,sanctuaire,écrivain,dadaisme,artprice,salamanderspirit,organmuseum,saintromainaumontdor,demeureduchaos,thierryehrmann,alchimie,artsingulier,prophétie,abodeofchaos,facteurcheval,palaisideal,kurtehrmann,romainslocombe,postapocalyptique,maisondartiste,artistshouses,sculpturemoderne,francmaconnerie,yokohigashi,groupeserveur,lespritdelasalamandre,crashculture,servergroup,hamayôko",Visite de Romain Slocombe by Ehrmann's Crew K _DDC9353,24,16,16,12,2009,30,19,29,12,2009,,,
4226164464,40936370@N00,45.837448,4.826248,"portrait,sculpture,streetart,france,art,mystery,museum,architecture,painting,graffiti,ruins,punk,artist,rawart,outsiderart,chaos,symbol,contemporaryart,secret,911,apocalypse,taz,peinture,eros,container,freemasonry,writer,artbrut,ddc,sanctuary,worldwar,bombing,mystic,cyberpunk,landart,devastation,annesophie,alchemy,destroy,modernsculpture,prophecy,999,vanitas,artiste,photographe,sanctuaire,écrivain,dadaisme,artprice,salamanderspirit,organmuseum,saintromainaumontdor,demeureduchaos,thierryehrmann,alchimie,artsingulier,prophétie,abodeofchaos,facteurcheval,palaisideal,kurtehrmann,romainslocombe,postapocalyptique,maisondartiste,artistshouses,sculpturemoderne,francmaconnerie,yokohigashi,groupeserveur,lespritdelasalamandre,crashculture,servergroup,hamayôko",Visite de Romain Slocombe by Ehrmann's Crew K _DDC9351,22,16,16,12,2009,30,19,29,12,2009,,,
4225396117,40936370@N00,45.837448,4.826248,"portrait,sculpture,streetart,france,art,mystery,museum,architecture,painting,graffiti,ruins,punk,artist,rawart,outsiderart,chaos,symbol,contemporaryart,secret,911,apocalypse,taz,peinture,eros,container,freemasonry,writer,artbrut,ddc,sanctuary,worldwar,bombing,mystic,cyberpunk,landart,devastation,annesophie,alchemy,destroy,modernsculpture,prophecy,999,vanitas,artiste,photographe,sanctuaire,écrivain,dadaisme,artprice,salamanderspirit,organmuseum,saintromainaumontdor,demeureduchaos,thierryehrmann,alchimie,artsingulier,prophétie,abodeofchaos,facteurcheval,palaisideal,kurtehrmann,romainslocombe,postapocalyptique,maisondartiste,artistshouses,sculpturemoderne,francmaconnerie,yokohigashi,groupeserveur,lespritdelasalamandre,crashculture,servergroup,hamayôko",Visite de Romain Slocombe by Ehrmann's Crew K _DDC9350,22,16,16,12,2009,30,19,29,12,2009,,,
4226164304,40936370@N00,45.837448,4.826248,"portrait,sculpture,streetart,france,art,mystery,museum,architecture,painting,graffiti,ruins,punk,artist,rawart,outsiderart,chaos,symbol,contemporaryart,secret,911,apocalypse,taz,peinture,eros,container,freemasonry,writer,artbrut,ddc,sanctuary,worldwar,bombing,mystic,cyberpunk,landart,devastation,annesophie,alchemy,destroy,modernsculpture,prophecy,999,vanitas,artiste,photographe,sanctuaire,écrivain,dadaisme,artprice,salamanderspirit,organmuseum,saintromainaumontdor,demeureduchaos,thierryehrmann,alchimie,artsingulier,prophétie,abodeofchaos,facteurcheval,palaisideal,kurtehrmann,romainslocombe,postapocalyptique,maisondartiste,artistshouses,sculpturemoderne,francmaconnerie,yokohigashi,groupeserveur,lespritdelasalamandre,crashculture,servergroup,hamayôko",Visite de Romain Slocombe by Ehrmann's Crew K _DDC9349,22,16,16,12,2009,30,19,29,12,2009,,,
4226164244,40936370@N00,45.837448,4.826248,"portrait,sculpture,streetart,france,art,mystery,museum,architecture,painting,graffiti,ruins,punk,artist,rawart,outsiderart,chaos,symbol,contemporaryart,secret,911,apocalypse,taz,peinture,eros,container,freemasonry,writer,artbrut,ddc,sanctuary,worldwar,bombing,mystic,cyberpunk,landart,devastation,annesophie,alchemy,destroy,modernsculpture,prophecy,999,vanitas,artiste,photographe,sanctuaire,écrivain,dadaisme,artprice,salamanderspirit,organmuseum,saintromainaumontdor,demeureduchaos,thierryehrmann,alchimie,artsingulier,prophétie,abodeofchaos,facteurcheval,palaisideal,kurtehrmann,romainslocombe,postapocalyptique,maisondartiste,artistshouses,sculpturemoderne,francmaconnerie,yokohigashi,groupeserveur,lespritdelasalamandre,crashculture,servergroup,hamayôko",Visite de Romain Slocombe by Ehrmann's Crew K _DDC9343,20,16,16,12,2009,30,19,29,12,2009,,,
4226164192,40936370@N00,45.837448,4.826248,"portrait,sculpture,streetart,france,art,mystery,museum,architecture,painting,graffiti,ruins,punk,artist,rawart,outsiderart,chaos,symbol,contemporaryart,secret,911,apocalypse,taz,peinture,eros,container,freemasonry,writer,artbrut,ddc,sanctuary,worldwar,bombing,mystic,cyberpunk,landart,devastation,annesophie,alchemy,destroy,modernsculpture,prophecy,999,vanitas,artiste,photographe,sanctuaire,écrivain,dadaisme,artprice,salamanderspirit,organmuseum,saintromainaumontdor,demeureduchaos,thierryehrmann,alchimie,artsingulier,prophétie,abodeofchaos,facteurcheval,palaisideal,kurtehrmann,romainslocombe,postapocalyptique,maisondartiste,artistshouses,sculpturemoderne,francmaconnerie,yokohigashi,groupeserveur,lespritdelasalamandre,crashculture,servergroup,hamayôko",Visite de Romain Slocombe by Ehrmann's Crew K _DDC9342,19,16,16,12,2009,30,19,29,12,2009,,,
4225395831,40936370@N00,45.837448,4.826248,"portrait,sculpture,streetart,france,art,mystery,museum,architecture,painting,graffiti,ruins,punk,artist,rawart,outsiderart,chaos,symbol,contemporaryart,secret,911,apocalypse,taz,peinture,eros,container,freemasonry,writer,artbrut,ddc,sanctuary,worldwar,bombing,mystic,cyberpunk,landart,devastation,annesophie,alchemy,destroy,modernsculpture,prophecy,999,vanitas,artiste,photographe,sanctuaire,écrivain,dadaisme,artprice,salamanderspirit,organmuseum,saintromainaumontdor,demeureduchaos,thierryehrmann,alchimie,artsingulier,prophétie,abodeofchaos,facteurcheval,palaisideal,kurtehrmann,romainslocombe,postapocalyptique,maisondartiste,artistshouses,sculpturemoderne,francmaconnerie,yokohigashi,groupeserveur,lespritdelasalamandre,crashculture,servergroup,hamayôko",Visite de Romain Slocombe by Ehrmann's Crew K _DDC9341,19,16,16,12,2009,30,19,29,12,2009,,,
4225395757,40936370@N00,45.837448,4.826248,"portrait,sculpture,streetart,france,art,mystery,museum,architecture,painting,graffiti,ruins,punk,artist,rawart,outsiderart,chaos,symbol,contemporaryart,secret,911,apocalypse,taz,peinture,eros,container,freemasonry,writer,artbrut,ddc,sanctuary,worldwar,bombing,mystic,cyberpunk,landart,devastation,annesophie,alchemy,destroy,modernsculpture,prophecy,999,vanitas,artiste,photographe,sanctuaire,écrivain,dadaisme,artprice,salamanderspirit,organmuseum,saintromainaumontdor,demeureduchaos,thierryehrmann,alchimie,artsingulier,prophétie,abodeofchaos,facteurcheval,palaisideal,kurtehrmann,romainslocombe,postapocalyptique,maisondartiste,artistshouses,sculpturemoderne,francmaconnerie,yokohigashi,groupeserveur,lespritdelasalamandre,crashculture,servergroup,hamayôko",Visite de Romain Slocombe by Ehrmann's Crew K _DDC9338,18,16,16,12,2009,30,19,29,12,2009,,,
4226163996,40936370@N00,45.837448,4.826248,"portrait,sculpture,streetart,france,art,mystery,museum,architecture,painting,graffiti,ruins,punk,artist,rawart,outsiderart,chaos,symbol,contemporaryart,secret,911,apocalypse,taz,peinture,eros,container,freemasonry,writer,artbrut,ddc,sanctuary,worldwar,bombing,mystic,cyberpunk,landart,devastation,annesophie,alchemy,destroy,modernsculpture,prophecy,999,vanitas,artiste,photographe,sanctuaire,écrivain,dadaisme,artprice,salamanderspirit,organmuseum,saintromainaumontdor,demeureduchaos,thierryehrmann,alchimie,artsingulier,prophétie,abodeofchaos,facteurcheval,palaisideal,kurtehrmann,romainslocombe,postapocalyptique,maisondartiste,artistshouses,sculpturemoderne,francmaconnerie,yokohigashi,groupeserveur,lespritdelasalamandre,crashculture,servergroup,hamayôko",Visite de Romain Slocombe by Ehrmann's Crew K _DDC9329,13,16,16,12,2009,30,19,29,12,2009,,,
4225395637,40936370@N00,45.837448,4.826248,"portrait,sculpture,streetart,france,art,mystery,museum,architecture,painting,graffiti,ruins,punk,artist,rawart,outsiderart,chaos,symbol,contemporaryart,secret,911,apocalypse,taz,peinture,eros,container,freemasonry,writer,artbrut,ddc,sanctuary,worldwar,bombing,mystic,cyberpunk,landart,devastation,annesophie,alchemy,destroy,modernsculpture,prophecy,999,vanitas,artiste,photographe,sanctuaire,écrivain,dadaisme,artprice,salamanderspirit,organmuseum,saintromainaumontdor,demeureduchaos,thierryehrmann,alchimie,artsingulier,prophétie,abodeofchaos,facteurcheval,palaisideal,kurtehrmann,romainslocombe,postapocalyptique,maisondartiste,artistshouses,sculpturemoderne,francmaconnerie,yokohigashi,groupeserveur,lespritdelasalamandre,crashculture,servergroup,hamayôko",Visite de Romain Slocombe by Ehrmann's Crew K _DDC9326,12,16,16,12,2009,30,19,29,12,2009,,,
4225395569,40936370@N00,45.837448,4.826248,"portrait,sculpture,streetart,france,art,mystery,museum,architecture,painting,graffiti,ruins,punk,artist,rawart,outsiderart,chaos,symbol,contemporaryart,secret,911,apocalypse,taz,peinture,eros,container,freemasonry,writer,artbrut,ddc,sanctuary,worldwar,bombing,mystic,cyberpunk,landart,devastation,annesophie,alchemy,destroy,modernsculpture,prophecy,999,vanitas,artiste,photographe,sanctuaire,écrivain,dadaisme,artprice,salamanderspirit,organmuseum,saintromainaumontdor,demeureduchaos,thierryehrmann,alchimie,artsingulier,prophétie,abodeofchaos,facteurcheval,palaisideal,kurtehrmann,romainslocombe,postapocalyptique,maisondartiste,artistshouses,sculpturemoderne,francmaconnerie,yokohigashi,groupeserveur,lespritdelasalamandre,crashculture,servergroup,hamayôko",Visite de Romain Slocombe by Ehrmann's Crew K _DDC9324,12,16,16,12,2009,30,19,29,12,2009,,,
4225395485,40936370@N00,45.837448,4.826248,"portrait,sculpture,streetart,france,art,mystery,museum,architecture,painting,graffiti,ruins,punk,artist,rawart,outsiderart,chaos,symbol,contemporaryart,secret,911,apocalypse,taz,peinture,eros,container,freemasonry,writer,artbrut,ddc,sanctuary,worldwar,bombing,mystic,cyberpunk,landart,devastation,annesophie,alchemy,destroy,modernsculpture,prophecy,999,vanitas,artiste,photographe,sanctuaire,écrivain,dadaisme,artprice,salamanderspirit,organmuseum,saintromainaumontdor,demeureduchaos,thierryehrmann,alchimie,artsingulier,prophétie,abodeofchaos,facteurcheval,palaisideal,kurtehrmann,romainslocombe,postapocalyptique,maisondartiste,artistshouses,sculpturemoderne,francmaconnerie,yokohigashi,groupeserveur,lespritdelasalamandre,crashculture,servergroup,hamayôko",Visite de Romain Slocombe by Ehrmann's Crew K _DDC9322,11,16,16,12,2009,30,19,29,12,2009,,,
4225395427,40936370@N00,45.837448,4.826248,"portrait,sculpture,streetart,france,art,mystery,museum,architecture,painting,graffiti,ruins,punk,artist,rawart,outsiderart,chaos,symbol,contemporaryart,secret,911,apocalypse,taz,peinture,eros,container,freemasonry,writer,artbrut,ddc,sanctuary,worldwar,bombing,mystic,cyberpunk,landart,devastation,annesophie,alchemy,destroy,modernsculpture,prophecy,999,vanitas,artiste,photographe,sanctuaire,écrivain,dadaisme,artprice,salamanderspirit,organmuseum,saintromainaumontdor,demeureduchaos,thierryehrmann,alchimie,artsingulier,prophétie,abodeofchaos,facteurcheval,palaisideal,kurtehrmann,romainslocombe,postapocalyptique,maisondartiste,artistshouses,sculpturemoderne,francmaconnerie,yokohigashi,groupeserveur,lespritdelasalamandre,crashculture,servergroup,hamayôko",Visite de Romain Slocombe by Ehrmann's Crew K _DDC9318,11,16,16,12,2009,30,19,29,12,2009,,,
4225395357,40936370@N00,45.837448,4.826248,"portrait,sculpture,streetart,france,art,mystery,museum,architecture,painting,graffiti,ruins,punk,artist,rawart,outsiderart,chaos,symbol,contemporaryart,secret,911,apocalypse,taz,peinture,eros,container,freemasonry,writer,artbrut,ddc,sanctuary,worldwar,bombing,mystic,cyberpunk,landart,devastation,annesophie,alchemy,destroy,modernsculpture,prophecy,999,vanitas,artiste,photographe,sanctuaire,écrivain,dadaisme,artprice,salamanderspirit,organmuseum,saintromainaumontdor,demeureduchaos,thierryehrmann,alchimie,artsingulier,prophétie,abodeofchaos,facteurcheval,palaisideal,kurtehrmann,romainslocombe,postapocalyptique,maisondartiste,artistshouses,sculpturemoderne,francmaconnerie,yokohigashi,groupeserveur,lespritdelasalamandre,crashculture,servergroup,hamayôko",Visite de Romain Slocombe by Ehrmann's Crew K _DDC9315,10,16,16,12,2009,30,19,29,12,2009,,,
4226163592,40936370@N00,45.837448,4.826248,"portrait,sculpture,streetart,france,art,mystery,museum,architecture,painting,graffiti,ruins,punk,artist,rawart,outsiderart,chaos,symbol,contemporaryart,secret,911,apocalypse,taz,peinture,eros,container,freemasonry,writer,artbrut,ddc,sanctuary,worldwar,bombing,mystic,cyberpunk,landart,devastation,annesophie,alchemy,destroy,modernsculpture,prophecy,999,vanitas,artiste,photographe,sanctuaire,écrivain,dadaisme,artprice,salamanderspirit,organmuseum,saintromainaumontdor,demeureduchaos,thierryehrmann,alchimie,artsingulier,prophétie,abodeofchaos,facteurcheval,palaisideal,kurtehrmann,romainslocombe,postapocalyptique,maisondartiste,artistshouses,sculpturemoderne,francmaconnerie,yokohigashi,groupeserveur,lespritdelasalamandre,crashculture,servergroup,hamayôko",Visite de Romain Slocombe by Ehrmann's Crew K _DDC9314,10,16,16,12,2009,30,19,29,12,2009,,,
4226163536,40936370@N00,45.837448,4.826248,"portrait,sculpture,streetart,france,art,mystery,museum,architecture,painting,graffiti,ruins,punk,artist,rawart,outsiderart,chaos,symbol,contemporaryart,secret,911,apocalypse,taz,peinture,eros,container,freemasonry,writer,artbrut,ddc,sanctuary,worldwar,bombing,mystic,cyberpunk,landart,devastation,annesophie,alchemy,destroy,modernsculpture,prophecy,999,vanitas,artiste,photographe,sanctuaire,écrivain,dadaisme,artprice,salamanderspirit,organmuseum,saintromainaumontdor,demeureduchaos,thierryehrmann,alchimie,artsingulier,prophétie,abodeofchaos,facteurcheval,palaisideal,kurtehrmann,romainslocombe,postapocalyptique,maisondartiste,artistshouses,sculpturemoderne,francmaconnerie,yokohigashi,groupeserveur,lespritdelasalamandre,crashculture,servergroup,hamayôko",Visite de Romain Slocombe by Ehrmann's Crew K _DDC9310,8,16,16,12,2009,30,19,29,12,2009,,,
4225395173,40936370@N00,45.837448,4.826248,"portrait,sculpture,streetart,france,art,mystery,museum,architecture,painting,graffiti,ruins,punk,artist,rawart,outsiderart,chaos,symbol,contemporaryart,secret,911,apocalypse,taz,peinture,eros,container,freemasonry,writer,artbrut,ddc,sanctuary,worldwar,bombing,mystic,cyberpunk,landart,devastation,annesophie,alchemy,destroy,modernsculpture,prophecy,999,vanitas,artiste,photographe,sanctuaire,écrivain,dadaisme,artprice,salamanderspirit,organmuseum,saintromainaumontdor,demeureduchaos,thierryehrmann,alchimie,artsingulier,prophétie,abodeofchaos,facteurcheval,palaisideal,kurtehrmann,romainslocombe,postapocalyptique,maisondartiste,artistshouses,sculpturemoderne,francmaconnerie,yokohigashi,groupeserveur,lespritdelasalamandre,crashculture,servergroup,hamayôko",Visite de Romain Slocombe by Ehrmann's Crew K _DDC9309,7,16,16,12,2009,30,19,29,12,2009,,,
4225395103,40936370@N00,45.837448,4.826248,"portrait,sculpture,streetart,france,art,mystery,museum,architecture,painting,graffiti,ruins,punk,artist,rawart,outsiderart,chaos,symbol,contemporaryart,secret,911,apocalypse,taz,peinture,eros,container,freemasonry,writer,artbrut,ddc,sanctuary,worldwar,bombing,mystic,cyberpunk,landart,devastation,annesophie,alchemy,destroy,modernsculpture,prophecy,999,vanitas,artiste,photographe,sanctuaire,écrivain,dadaisme,artprice,salamanderspirit,organmuseum,saintromainaumontdor,demeureduchaos,thierryehrmann,alchimie,artsingulier,prophétie,abodeofchaos,facteurcheval,palaisideal,kurtehrmann,romainslocombe,postapocalyptique,maisondartiste,artistshouses,sculpturemoderne,francmaconnerie,yokohigashi,groupeserveur,lespritdelasalamandre,crashculture,servergroup,hamayôko",Visite de Romain Slocombe by Ehrmann's Crew K _DDC9308,7,16,16,12,2009,30,19,29,12,2009,,,
4225395021,40936370@N00,45.837448,4.826248,"portrait,sculpture,streetart,france,art,mystery,museum,architecture,painting,graffiti,ruins,punk,artist,rawart,outsiderart,chaos,symbol,contemporaryart,secret,911,apocalypse,taz,peinture,eros,container,freemasonry,writer,artbrut,ddc,sanctuary,worldwar,bombing,mystic,cyberpunk,landart,devastation,annesophie,alchemy,destroy,modernsculpture,prophecy,999,vanitas,artiste,photographe,sanctuaire,écrivain,dadaisme,artprice,salamanderspirit,organmuseum,saintromainaumontdor,demeureduchaos,thierryehrmann,alchimie,artsingulier,prophétie,abodeofchaos,facteurcheval,palaisideal,kurtehrmann,romainslocombe,postapocalyptique,maisondartiste,artistshouses,sculpturemoderne,francmaconnerie,yokohigashi,groupeserveur,lespritdelasalamandre,crashculture,servergroup,hamayôko",Visite de Romain Slocombe by Ehrmann's Crew K _DDC9306,5,16,16,12,2009,30,19,29,12,2009,,,
4226163228,40936370@N00,45.837448,4.826248,"portrait,sculpture,streetart,france,art,mystery,museum,architecture,painting,graffiti,ruins,punk,artist,rawart,outsiderart,chaos,symbol,contemporaryart,secret,911,apocalypse,taz,peinture,eros,container,freemasonry,writer,artbrut,ddc,sanctuary,worldwar,bombing,mystic,cyberpunk,landart,devastation,annesophie,alchemy,destroy,modernsculpture,prophecy,999,vanitas,artiste,photographe,sanctuaire,écrivain,dadaisme,artprice,salamanderspirit,organmuseum,saintromainaumontdor,demeureduchaos,thierryehrmann,alchimie,artsingulier,prophétie,abodeofchaos,facteurcheval,palaisideal,kurtehrmann,romainslocombe,postapocalyptique,maisondartiste,artistshouses,sculpturemoderne,francmaconnerie,yokohigashi,groupeserveur,lespritdelasalamandre,crashculture,servergroup,hamayôko",Visite de Romain Slocombe by Ehrmann's Crew K _DDC9303,4,16,16,12,2009,30,19,29,12,2009,,,
4226163174,40936370@N00,45.837448,4.826248,"portrait,sculpture,streetart,france,art,mystery,museum,architecture,painting,graffiti,ruins,punk,artist,rawart,outsiderart,chaos,symbol,contemporaryart,secret,911,apocalypse,taz,peinture,eros,container,freemasonry,writer,artbrut,ddc,sanctuary,worldwar,bombing,mystic,cyberpunk,landart,devastation,annesophie,alchemy,destroy,modernsculpture,prophecy,999,vanitas,artiste,photographe,sanctuaire,écrivain,dadaisme,artprice,salamanderspirit,organmuseum,saintromainaumontdor,demeureduchaos,thierryehrmann,alchimie,artsingulier,prophétie,abodeofchaos,facteurcheval,palaisideal,kurtehrmann,romainslocombe,postapocalyptique,maisondartiste,artistshouses,sculpturemoderne,francmaconnerie,yokohigashi,groupeserveur,lespritdelasalamandre,crashculture,servergroup,hamayôko",Visite de Romain Slocombe by Ehrmann's Crew K _DDC9300,4,16,16,12,2009,30,19,29,12,2009,,,
4225394779,40936370@N00,45.837448,4.826248,"portrait,sculpture,streetart,france,art,mystery,museum,architecture,painting,graffiti,ruins,punk,artist,rawart,outsiderart,chaos,symbol,contemporaryart,secret,911,apocalypse,taz,peinture,eros,container,freemasonry,writer,artbrut,ddc,sanctuary,worldwar,bombing,mystic,cyberpunk,landart,devastation,annesophie,alchemy,destroy,modernsculpture,prophecy,999,vanitas,artiste,photographe,sanctuaire,écrivain,dadaisme,artprice,salamanderspirit,organmuseum,saintromainaumontdor,demeureduchaos,thierryehrmann,alchimie,artsingulier,prophétie,abodeofchaos,facteurcheval,palaisideal,kurtehrmann,romainslocombe,postapocalyptique,maisondartiste,artistshouses,sculpturemoderne,francmaconnerie,yokohigashi,groupeserveur,lespritdelasalamandre,crashculture,servergroup,hamayôko",Visite de Romain Slocombe by Ehrmann's Crew K _DDC9299,3,16,16,12,2009,29,19,29,12,2009,,,
4225394727,40936370@N00,45.837448,4.826248,"portrait,sculpture,streetart,france,art,mystery,museum,architecture,painting,graffiti,ruins,punk,artist,rawart,outsiderart,chaos,symbol,contemporaryart,secret,911,apocalypse,taz,peinture,eros,container,freemasonry,writer,artbrut,ddc,sanctuary,worldwar,bombing,mystic,cyberpunk,landart,devastation,annesophie,alchemy,destroy,modernsculpture,prophecy,999,vanitas,artiste,photographe,sanctuaire,écrivain,dadaisme,artprice,salamanderspirit,organmuseum,saintromainaumontdor,demeureduchaos,thierryehrmann,alchimie,artsingulier,prophétie,abodeofchaos,facteurcheval,palaisideal,kurtehrmann,romainslocombe,postapocalyptique,maisondartiste,artistshouses,sculpturemoderne,francmaconnerie,yokohigashi,groupeserveur,lespritdelasalamandre,crashculture,servergroup,hamayôko",Visite de Romain Slocombe by Ehrmann's Crew K _DDC9296,3,16,16,12,2009,29,19,29,12,2009,,,
4225394661,40936370@N00,45.837448,4.826248,"portrait,sculpture,streetart,france,art,mystery,museum,architecture,painting,graffiti,ruins,punk,artist,rawart,outsiderart,chaos,symbol,contemporaryart,secret,911,apocalypse,taz,peinture,eros,container,freemasonry,writer,artbrut,ddc,sanctuary,worldwar,bombing,mystic,cyberpunk,landart,devastation,annesophie,alchemy,destroy,modernsculpture,prophecy,999,vanitas,artiste,photographe,sanctuaire,écrivain,dadaisme,artprice,salamanderspirit,organmuseum,saintromainaumontdor,demeureduchaos,thierryehrmann,alchimie,artsingulier,prophétie,abodeofchaos,facteurcheval,palaisideal,kurtehrmann,romainslocombe,postapocalyptique,maisondartiste,artistshouses,sculpturemoderne,francmaconnerie,yokohigashi,groupeserveur,lespritdelasalamandre,crashculture,servergroup,hamayôko",Visite de Romain Slocombe by Ehrmann's Crew K _DDC9294,3,16,16,12,2009,29,19,29,12,2009,,,
4226162928,40936370@N00,45.837448,4.826248,"portrait,sculpture,streetart,france,art,mystery,museum,architecture,painting,graffiti,ruins,punk,artist,rawart,outsiderart,chaos,symbol,contemporaryart,secret,911,apocalypse,taz,peinture,eros,container,freemasonry,writer,artbrut,ddc,sanctuary,worldwar,bombing,mystic,cyberpunk,landart,devastation,annesophie,alchemy,destroy,modernsculpture,prophecy,999,vanitas,artiste,photographe,sanctuaire,écrivain,dadaisme,artprice,salamanderspirit,organmuseum,saintromainaumontdor,demeureduchaos,thierryehrmann,alchimie,artsingulier,prophétie,abodeofchaos,facteurcheval,palaisideal,kurtehrmann,romainslocombe,postapocalyptique,maisondartiste,artistshouses,sculpturemoderne,francmaconnerie,yokohigashi,groupeserveur,lespritdelasalamandre,crashculture,servergroup,hamayôko",Visite de Romain Slocombe by Ehrmann's Crew K _DDC9290,2,16,16,12,2009,29,19,29,12,2009,,,
4225394523,40936370@N00,45.837448,4.826248,"portrait,sculpture,streetart,france,art,mystery,museum,architecture,painting,graffiti,ruins,punk,artist,rawart,outsiderart,chaos,symbol,contemporaryart,secret,911,apocalypse,taz,peinture,eros,container,freemasonry,writer,artbrut,ddc,sanctuary,worldwar,bombing,mystic,cyberpunk,landart,devastation,annesophie,alchemy,destroy,modernsculpture,prophecy,999,vanitas,artiste,photographe,sanctuaire,écrivain,dadaisme,artprice,salamanderspirit,organmuseum,saintromainaumontdor,demeureduchaos,thierryehrmann,alchimie,artsingulier,prophétie,abodeofchaos,facteurcheval,palaisideal,kurtehrmann,romainslocombe,postapocalyptique,maisondartiste,artistshouses,sculpturemoderne,francmaconnerie,yokohigashi,groupeserveur,lespritdelasalamandre,crashculture,servergroup,hamayôko",Visite de Romain Slocombe by Ehrmann's Crew K _DDC9288,1,16,16,12,2009,29,19,29,12,2009,,,
4225394469,40936370@N00,45.837448,4.826248,"portrait,sculpture,streetart,france,art,mystery,museum,architecture,painting,graffiti,ruins,punk,artist,rawart,outsiderart,chaos,symbol,contemporaryart,secret,911,apocalypse,taz,peinture,eros,container,freemasonry,writer,artbrut,ddc,sanctuary,worldwar,bombing,mystic,cyberpunk,landart,devastation,annesophie,alchemy,destroy,modernsculpture,prophecy,999,vanitas,artiste,photographe,sanctuaire,écrivain,dadaisme,artprice,salamanderspirit,organmuseum,saintromainaumontdor,demeureduchaos,thierryehrmann,alchimie,artsingulier,prophétie,abodeofchaos,facteurcheval,palaisideal,kurtehrmann,romainslocombe,postapocalyptique,maisondartiste,artistshouses,sculpturemoderne,francmaconnerie,yokohigashi,groupeserveur,lespritdelasalamandre,crashculture,servergroup,hamayôko",Visite de Romain Slocombe by Ehrmann's Crew K _DDC9283,0,16,16,12,2009,29,19,29,12,2009,,,
4225394349,40936370@N00,45.837448,4.826248,"portrait,sculpture,streetart,france,art,mystery,museum,architecture,painting,graffiti,ruins,punk,artist,rawart,outsiderart,chaos,symbol,contemporaryart,secret,911,apocalypse,taz,peinture,eros,container,freemasonry,writer,artbrut,ddc,sanctuary,worldwar,bombing,mystic,cyberpunk,landart,devastation,annesophie,alchemy,destroy,modernsculpture,prophecy,999,vanitas,artiste,photographe,sanctuaire,écrivain,dadaisme,artprice,salamanderspirit,organmuseum,saintromainaumontdor,demeureduchaos,thierryehrmann,alchimie,artsingulier,prophétie,abodeofchaos,facteurcheval,palaisideal,kurtehrmann,romainslocombe,postapocalyptique,maisondartiste,artistshouses,sculpturemoderne,francmaconnerie,yokohigashi,groupeserveur,lespritdelasalamandre,crashculture,servergroup,hamayôko",Visite de Romain Slocombe by Ehrmann's Crew K _DDC9281,0,16,16,12,2009,29,19,29,12,2009,,,
4225394289,40936370@N00,45.837448,4.826248,"portrait,sculpture,streetart,france,art,mystery,museum,architecture,painting,graffiti,ruins,punk,artist,rawart,outsiderart,chaos,symbol,contemporaryart,secret,911,apocalypse,taz,peinture,eros,container,freemasonry,writer,artbrut,ddc,sanctuary,worldwar,bombing,mystic,cyberpunk,landart,devastation,annesophie,alchemy,destroy,modernsculpture,prophecy,999,vanitas,artiste,photographe,sanctuaire,écrivain,dadaisme,artprice,salamanderspirit,organmuseum,saintromainaumontdor,demeureduchaos,thierryehrmann,alchimie,artsingulier,prophétie,abodeofchaos,facteurcheval,palaisideal,kurtehrmann,romainslocombe,postapocalyptique,maisondartiste,artistshouses,sculpturemoderne,francmaconnerie,yokohigashi,groupeserveur,lespritdelasalamandre,crashculture,servergroup,hamayôko",Visite de Romain Slocombe by Ehrmann's Crew K _DDC9278,59,15,16,12,2009,29,19,29,12,2009,,,
4225394219,40936370@N00,45.837448,4.826248,"portrait,sculpture,streetart,france,art,mystery,museum,architecture,painting,graffiti,ruins,punk,artist,rawart,outsiderart,chaos,symbol,contemporaryart,secret,911,apocalypse,taz,peinture,eros,container,freemasonry,writer,artbrut,ddc,sanctuary,worldwar,bombing,mystic,cyberpunk,landart,devastation,annesophie,alchemy,destroy,modernsculpture,prophecy,999,vanitas,artiste,photographe,sanctuaire,écrivain,dadaisme,artprice,salamanderspirit,organmuseum,saintromainaumontdor,demeureduchaos,thierryehrmann,alchimie,artsingulier,prophétie,abodeofchaos,facteurcheval,palaisideal,kurtehrmann,romainslocombe,postapocalyptique,maisondartiste,artistshouses,sculpturemoderne,francmaconnerie,yokohigashi,groupeserveur,lespritdelasalamandre,crashculture,servergroup,hamayôko",Visite de Romain Slocombe by Ehrmann's Crew K _DDC9276,59,15,16,12,2009,29,19,29,12,2009,,,
4226162550,40936370@N00,45.837448,4.826248,"portrait,sculpture,streetart,france,art,mystery,museum,architecture,painting,graffiti,ruins,punk,artist,rawart,outsiderart,chaos,symbol,contemporaryart,secret,911,apocalypse,taz,peinture,eros,container,freemasonry,writer,artbrut,ddc,sanctuary,worldwar,bombing,mystic,cyberpunk,landart,devastation,annesophie,alchemy,destroy,modernsculpture,prophecy,999,vanitas,artiste,photographe,sanctuaire,écrivain,dadaisme,artprice,salamanderspirit,organmuseum,saintromainaumontdor,demeureduchaos,thierryehrmann,alchimie,artsingulier,prophétie,abodeofchaos,facteurcheval,palaisideal,kurtehrmann,romainslocombe,postapocalyptique,maisondartiste,artistshouses,sculpturemoderne,francmaconnerie,yokohigashi,groupeserveur,lespritdelasalamandre,crashculture,servergroup,hamayôko",Visite de Romain Slocombe by Ehrmann's Crew K _DDC9275,59,15,16,12,2009,29,19,29,12,2009,,,
4226162492,40936370@N00,45.837448,4.826248,"portrait,sculpture,streetart,france,art,mystery,museum,architecture,painting,graffiti,ruins,punk,artist,rawart,outsiderart,chaos,symbol,contemporaryart,secret,911,apocalypse,taz,peinture,eros,container,freemasonry,writer,artbrut,ddc,sanctuary,worldwar,bombing,mystic,cyberpunk,landart,devastation,annesophie,alchemy,destroy,modernsculpture,prophecy,999,vanitas,artiste,photographe,sanctuaire,écrivain,dadaisme,artprice,salamanderspirit,organmuseum,saintromainaumontdor,demeureduchaos,thierryehrmann,alchimie,artsingulier,prophétie,abodeofchaos,facteurcheval,palaisideal,kurtehrmann,romainslocombe,postapocalyptique,maisondartiste,artistshouses,sculpturemoderne,francmaconnerie,yokohigashi,groupeserveur,lespritdelasalamandre,crashculture,servergroup,hamayôko",Visite de Romain Slocombe by Ehrmann's Crew K _DDC9274,58,15,16,12,2009,29,19,29,12,2009,,,
4225393999,40936370@N00,45.837448,4.826248,"portrait,sculpture,streetart,france,art,mystery,museum,architecture,painting,graffiti,ruins,punk,artist,rawart,outsiderart,chaos,symbol,contemporaryart,secret,911,apocalypse,taz,peinture,eros,container,freemasonry,writer,artbrut,ddc,sanctuary,worldwar,bombing,mystic,cyberpunk,landart,devastation,annesophie,alchemy,destroy,modernsculpture,prophecy,999,vanitas,artiste,photographe,sanctuaire,écrivain,dadaisme,artprice,salamanderspirit,organmuseum,saintromainaumontdor,demeureduchaos,thierryehrmann,alchimie,artsingulier,prophétie,abodeofchaos,facteurcheval,palaisideal,kurtehrmann,romainslocombe,postapocalyptique,maisondartiste,artistshouses,sculpturemoderne,francmaconnerie,yokohigashi,groupeserveur,lespritdelasalamandre,crashculture,servergroup,hamayôko",Visite de Romain Slocombe by Ehrmann's Crew K _DDC9273,58,15,16,12,2009,29,19,29,12,2009,,,
4225393911,40936370@N00,45.837448,4.826248,"portrait,sculpture,streetart,france,art,mystery,museum,architecture,painting,graffiti,ruins,punk,artist,rawart,outsiderart,chaos,symbol,contemporaryart,secret,911,apocalypse,taz,peinture,eros,container,freemasonry,writer,artbrut,ddc,sanctuary,worldwar,bombing,mystic,cyberpunk,landart,devastation,annesophie,alchemy,destroy,modernsculpture,prophecy,999,vanitas,artiste,photographe,sanctuaire,écrivain,dadaisme,artprice,salamanderspirit,organmuseum,saintromainaumontdor,demeureduchaos,thierryehrmann,alchimie,artsingulier,prophétie,abodeofchaos,facteurcheval,palaisideal,kurtehrmann,romainslocombe,postapocalyptique,maisondartiste,artistshouses,sculpturemoderne,francmaconnerie,yokohigashi,groupeserveur,lespritdelasalamandre,crashculture,servergroup,hamayôko",Visite de Romain Slocombe by Ehrmann's Crew K _DDC9268,57,15,16,12,2009,29,19,29,12,2009,,,
4226162222,40936370@N00,45.837448,4.826248,"portrait,sculpture,streetart,france,art,mystery,museum,architecture,painting,graffiti,ruins,punk,artist,rawart,outsiderart,chaos,symbol,contemporaryart,secret,911,apocalypse,taz,peinture,eros,container,freemasonry,writer,artbrut,ddc,sanctuary,worldwar,bombing,mystic,cyberpunk,landart,devastation,annesophie,alchemy,destroy,modernsculpture,prophecy,999,vanitas,artiste,photographe,sanctuaire,écrivain,dadaisme,artprice,salamanderspirit,organmuseum,saintromainaumontdor,demeureduchaos,thierryehrmann,alchimie,artsingulier,prophétie,abodeofchaos,facteurcheval,palaisideal,kurtehrmann,romainslocombe,postapocalyptique,maisondartiste,artistshouses,sculpturemoderne,francmaconnerie,yokohigashi,groupeserveur,lespritdelasalamandre,crashculture,servergroup,hamayôko",Visite de Romain Slocombe by Ehrmann's Crew K _DDC9267,57,15,16,12,2009,29,19,29,12,2009,,,
4225393765,40936370@N00,45.837448,4.826248,"portrait,sculpture,streetart,france,art,mystery,museum,architecture,painting,graffiti,ruins,punk,artist,rawart,outsiderart,chaos,symbol,contemporaryart,secret,911,apocalypse,taz,peinture,eros,container,freemasonry,writer,artbrut,ddc,sanctuary,worldwar,bombing,mystic,cyberpunk,landart,devastation,annesophie,alchemy,destroy,modernsculpture,prophecy,999,vanitas,artiste,photographe,sanctuaire,écrivain,dadaisme,artprice,salamanderspirit,organmuseum,saintromainaumontdor,demeureduchaos,thierryehrmann,alchimie,artsingulier,prophétie,abodeofchaos,facteurcheval,palaisideal,kurtehrmann,romainslocombe,postapocalyptique,maisondartiste,artistshouses,sculpturemoderne,francmaconnerie,yokohigashi,groupeserveur,lespritdelasalamandre,crashculture,servergroup,hamayôko",Visite de Romain Slocombe by Ehrmann's Crew K _DDC9265,55,15,16,12,2009,29,19,29,12,2009,,,
4226162054,40936370@N00,45.837448,4.826248,"portrait,sculpture,streetart,france,art,mystery,museum,architecture,painting,graffiti,ruins,punk,artist,rawart,outsiderart,chaos,symbol,contemporaryart,secret,911,apocalypse,taz,peinture,eros,container,freemasonry,writer,artbrut,ddc,sanctuary,worldwar,bombing,mystic,cyberpunk,landart,devastation,annesophie,alchemy,destroy,modernsculpture,prophecy,999,vanitas,artiste,photographe,sanctuaire,écrivain,dadaisme,artprice,salamanderspirit,organmuseum,saintromainaumontdor,demeureduchaos,thierryehrmann,alchimie,artsingulier,prophétie,abodeofchaos,facteurcheval,palaisideal,kurtehrmann,romainslocombe,postapocalyptique,maisondartiste,artistshouses,sculpturemoderne,francmaconnerie,yokohigashi,groupeserveur,lespritdelasalamandre,crashculture,servergroup,hamayôko",Visite de Romain Slocombe by Ehrmann's Crew K _DDC9262,54,15,16,12,2009,29,19,29,12,2009,,,
4226162016,40936370@N00,45.837448,4.826248,"portrait,sculpture,streetart,france,art,mystery,museum,architecture,painting,graffiti,ruins,punk,artist,rawart,outsiderart,chaos,symbol,contemporaryart,secret,911,apocalypse,taz,peinture,eros,container,freemasonry,writer,artbrut,ddc,sanctuary,worldwar,bombing,mystic,cyberpunk,landart,devastation,annesophie,alchemy,destroy,modernsculpture,prophecy,999,vanitas,artiste,photographe,sanctuaire,écrivain,dadaisme,artprice,salamanderspirit,organmuseum,saintromainaumontdor,demeureduchaos,thierryehrmann,alchimie,artsingulier,prophétie,abodeofchaos,facteurcheval,palaisideal,kurtehrmann,romainslocombe,postapocalyptique,maisondartiste,artistshouses,sculpturemoderne,francmaconnerie,yokohigashi,groupeserveur,lespritdelasalamandre,crashculture,servergroup,hamayôko",Visite de Romain Slocombe by Ehrmann's Crew K _DDC9259,54,15,16,12,2009,29,19,29,12,2009,,,
4226161956,40936370@N00,45.837448,4.826248,"portrait,sculpture,streetart,france,art,mystery,museum,architecture,painting,graffiti,ruins,punk,artist,rawart,outsiderart,chaos,symbol,contemporaryart,secret,911,apocalypse,taz,peinture,eros,container,freemasonry,writer,artbrut,ddc,sanctuary,worldwar,bombing,mystic,cyberpunk,landart,devastation,annesophie,alchemy,destroy,modernsculpture,prophecy,999,vanitas,artiste,photographe,sanctuaire,écrivain,dadaisme,artprice,salamanderspirit,organmuseum,saintromainaumontdor,demeureduchaos,thierryehrmann,alchimie,artsingulier,prophétie,abodeofchaos,facteurcheval,palaisideal,kurtehrmann,romainslocombe,postapocalyptique,maisondartiste,artistshouses,sculpturemoderne,francmaconnerie,yokohigashi,groupeserveur,lespritdelasalamandre,crashculture,servergroup,hamayôko",Visite de Romain Slocombe by Ehrmann's Crew K _DDC9257,53,15,16,12,2009,29,19,29,12,2009,,,
4225393533,40936370@N00,45.837448,4.826248,"portrait,sculpture,streetart,france,art,mystery,museum,architecture,painting,graffiti,ruins,punk,artist,rawart,outsiderart,chaos,symbol,contemporaryart,secret,911,apocalypse,taz,peinture,eros,container,freemasonry,writer,artbrut,ddc,sanctuary,worldwar,bombing,mystic,cyberpunk,landart,devastation,annesophie,alchemy,destroy,modernsculpture,prophecy,999,vanitas,artiste,photographe,sanctuaire,écrivain,dadaisme,artprice,salamanderspirit,organmuseum,saintromainaumontdor,demeureduchaos,thierryehrmann,alchimie,artsingulier,prophétie,abodeofchaos,facteurcheval,palaisideal,kurtehrmann,romainslocombe,postapocalyptique,maisondartiste,artistshouses,sculpturemoderne,francmaconnerie,yokohigashi,groupeserveur,lespritdelasalamandre,crashculture,servergroup,hamayôko",Visite de Romain Slocombe by Ehrmann's Crew K _DDC9253,51,15,16,12,2009,29,19,29,12,2009,,,
4225393455,40936370@N00,45.837448,4.826248,"portrait,sculpture,streetart,france,art,mystery,museum,architecture,painting,graffiti,ruins,punk,artist,rawart,outsiderart,chaos,symbol,contemporaryart,secret,911,apocalypse,taz,peinture,eros,container,freemasonry,writer,artbrut,ddc,sanctuary,worldwar,bombing,mystic,cyberpunk,landart,devastation,annesophie,alchemy,destroy,modernsculpture,prophecy,999,vanitas,artiste,photographe,sanctuaire,écrivain,dadaisme,artprice,salamanderspirit,organmuseum,saintromainaumontdor,demeureduchaos,thierryehrmann,alchimie,artsingulier,prophétie,abodeofchaos,facteurcheval,palaisideal,kurtehrmann,romainslocombe,postapocalyptique,maisondartiste,artistshouses,sculpturemoderne,francmaconnerie,yokohigashi,groupeserveur,lespritdelasalamandre,crashculture,servergroup,hamayôko",Visite de Romain Slocombe by Ehrmann's Crew K _DDC9251,50,15,16,12,2009,29,19,29,12,2009,,,
4225393423,40936370@N00,45.837448,4.826248,"portrait,sculpture,streetart,france,art,mystery,museum,architecture,painting,graffiti,ruins,punk,artist,rawart,outsiderart,chaos,symbol,contemporaryart,secret,911,apocalypse,taz,peinture,eros,container,freemasonry,writer,artbrut,ddc,sanctuary,worldwar,bombing,mystic,cyberpunk,landart,devastation,annesophie,alchemy,destroy,modernsculpture,prophecy,999,vanitas,artiste,photographe,sanctuaire,écrivain,dadaisme,artprice,salamanderspirit,organmuseum,saintromainaumontdor,demeureduchaos,thierryehrmann,alchimie,artsingulier,prophétie,abodeofchaos,facteurcheval,palaisideal,kurtehrmann,romainslocombe,postapocalyptique,maisondartiste,artistshouses,sculpturemoderne,francmaconnerie,yokohigashi,groupeserveur,lespritdelasalamandre,crashculture,servergroup,hamayôko",Visite de Romain Slocombe by Ehrmann's Crew K _DDC9246,49,15,16,12,2009,29,19,29,12,2009,,,
4225393339,40936370@N00,45.837448,4.826248,"portrait,sculpture,streetart,france,art,mystery,museum,architecture,painting,graffiti,ruins,punk,artist,rawart,outsiderart,chaos,symbol,contemporaryart,secret,911,apocalypse,taz,peinture,eros,container,freemasonry,writer,artbrut,ddc,sanctuary,worldwar,bombing,mystic,cyberpunk,landart,devastation,annesophie,alchemy,destroy,modernsculpture,prophecy,999,vanitas,artiste,photographe,sanctuaire,écrivain,dadaisme,artprice,salamanderspirit,organmuseum,saintromainaumontdor,demeureduchaos,thierryehrmann,alchimie,artsingulier,prophétie,abodeofchaos,facteurcheval,palaisideal,kurtehrmann,romainslocombe,postapocalyptique,maisondartiste,artistshouses,sculpturemoderne,francmaconnerie,yokohigashi,groupeserveur,lespritdelasalamandre,crashculture,servergroup,hamayôko",Visite de Romain Slocombe by Ehrmann's Crew K _DDC9231,39,17,15,12,2009,29,19,29,12,2009,,,
4226161578,40936370@N00,45.837448,4.826248,"portrait,sculpture,streetart,france,art,mystery,museum,architecture,painting,graffiti,ruins,punk,artist,rawart,outsiderart,chaos,symbol,contemporaryart,secret,911,apocalypse,taz,peinture,eros,container,freemasonry,writer,artbrut,ddc,sanctuary,worldwar,bombing,mystic,cyberpunk,landart,devastation,annesophie,alchemy,destroy,modernsculpture,prophecy,999,vanitas,artiste,photographe,sanctuaire,écrivain,dadaisme,artprice,salamanderspirit,organmuseum,saintromainaumontdor,demeureduchaos,thierryehrmann,alchimie,artsingulier,prophétie,abodeofchaos,facteurcheval,palaisideal,kurtehrmann,romainslocombe,postapocalyptique,maisondartiste,artistshouses,sculpturemoderne,francmaconnerie,yokohigashi,groupeserveur,lespritdelasalamandre,crashculture,servergroup,hamayôko",Visite de Romain Slocombe by Ehrmann's Crew K _DDC9226,35,17,15,12,2009,29,19,29,12,2009,,,
4225393133,40936370@N00,45.837448,4.826248,"portrait,sculpture,streetart,france,art,mystery,museum,architecture,painting,graffiti,ruins,punk,artist,rawart,outsiderart,chaos,symbol,contemporaryart,secret,911,apocalypse,taz,peinture,eros,container,freemasonry,writer,artbrut,ddc,sanctuary,worldwar,bombing,mystic,cyberpunk,landart,devastation,annesophie,alchemy,destroy,modernsculpture,prophecy,999,vanitas,artiste,photographe,sanctuaire,écrivain,dadaisme,artprice,salamanderspirit,organmuseum,saintromainaumontdor,demeureduchaos,thierryehrmann,alchimie,artsingulier,prophétie,abodeofchaos,facteurcheval,palaisideal,kurtehrmann,romainslocombe,postapocalyptique,maisondartiste,artistshouses,sculpturemoderne,francmaconnerie,yokohigashi,groupeserveur,lespritdelasalamandre,crashculture,servergroup,hamayôko",Visite de Romain Slocombe by Ehrmann's Crew K _DDC9220,34,17,15,12,2009,29,19,29,12,2009,,,
4225393085,40936370@N00,45.837448,4.826248,"portrait,sculpture,streetart,france,art,mystery,museum,architecture,painting,graffiti,ruins,punk,artist,rawart,outsiderart,chaos,symbol,contemporaryart,secret,911,apocalypse,taz,peinture,eros,container,freemasonry,writer,artbrut,ddc,sanctuary,worldwar,bombing,mystic,cyberpunk,landart,devastation,annesophie,alchemy,destroy,modernsculpture,prophecy,999,vanitas,artiste,photographe,sanctuaire,écrivain,dadaisme,artprice,salamanderspirit,organmuseum,saintromainaumontdor,demeureduchaos,thierryehrmann,alchimie,artsingulier,prophétie,abodeofchaos,facteurcheval,palaisideal,kurtehrmann,romainslocombe,postapocalyptique,maisondartiste,artistshouses,sculpturemoderne,francmaconnerie,yokohigashi,groupeserveur,lespritdelasalamandre,crashculture,servergroup,hamayôko",Visite de Romain Slocombe by Ehrmann's Crew K _DDC9217,33,17,15,12,2009,29,19,29,12,2009,,,
4225393025,40936370@N00,45.837448,4.826248,"portrait,sculpture,streetart,france,art,mystery,museum,architecture,painting,graffiti,ruins,punk,artist,rawart,outsiderart,chaos,symbol,contemporaryart,secret,911,apocalypse,taz,peinture,eros,container,freemasonry,writer,artbrut,ddc,sanctuary,worldwar,bombing,mystic,cyberpunk,landart,devastation,annesophie,alchemy,destroy,modernsculpture,prophecy,999,vanitas,artiste,photographe,sanctuaire,écrivain,dadaisme,artprice,salamanderspirit,organmuseum,saintromainaumontdor,demeureduchaos,thierryehrmann,alchimie,artsingulier,prophétie,abodeofchaos,facteurcheval,palaisideal,kurtehrmann,romainslocombe,postapocalyptique,maisondartiste,artistshouses,sculpturemoderne,francmaconnerie,yokohigashi,groupeserveur,lespritdelasalamandre,crashculture,servergroup,hamayôko",Visite de Romain Slocombe by Ehrmann's Crew K _DDC9207,32,17,15,12,2009,29,19,29,12,2009,,,
4225392969,40936370@N00,45.837448,4.826248,"portrait,sculpture,streetart,france,art,mystery,museum,architecture,painting,graffiti,ruins,punk,artist,rawart,outsiderart,chaos,symbol,contemporaryart,secret,911,apocalypse,taz,peinture,eros,container,freemasonry,writer,artbrut,ddc,sanctuary,worldwar,bombing,mystic,cyberpunk,landart,devastation,annesophie,alchemy,destroy,modernsculpture,prophecy,999,vanitas,artiste,photographe,sanctuaire,écrivain,dadaisme,artprice,salamanderspirit,organmuseum,saintromainaumontdor,demeureduchaos,thierryehrmann,alchimie,artsingulier,prophétie,abodeofchaos,facteurcheval,palaisideal,kurtehrmann,romainslocombe,postapocalyptique,maisondartiste,artistshouses,sculpturemoderne,francmaconnerie,yokohigashi,groupeserveur,lespritdelasalamandre,crashculture,servergroup,hamayôko",Visite de Romain Slocombe by Ehrmann's Crew K _DDC9203,31,17,15,12,2009,29,19,29,12,2009,,,
4226161122,40936370@N00,45.837448,4.826248,"portrait,sculpture,streetart,france,art,mystery,museum,architecture,painting,graffiti,ruins,punk,artist,rawart,outsiderart,chaos,symbol,contemporaryart,secret,911,apocalypse,taz,peinture,eros,container,freemasonry,writer,artbrut,ddc,sanctuary,worldwar,bombing,mystic,cyberpunk,landart,devastation,annesophie,alchemy,destroy,modernsculpture,prophecy,999,vanitas,artiste,photographe,sanctuaire,écrivain,dadaisme,artprice,salamanderspirit,organmuseum,saintromainaumontdor,demeureduchaos,thierryehrmann,alchimie,artsingulier,prophétie,abodeofchaos,facteurcheval,palaisideal,kurtehrmann,romainslocombe,postapocalyptique,maisondartiste,artistshouses,sculpturemoderne,francmaconnerie,yokohigashi,groupeserveur,lespritdelasalamandre,crashculture,servergroup,hamayôko",Visite de Romain Slocombe by Ehrmann's Crew K _DDC9199,30,17,15,12,2009,29,19,29,12,2009,,,
4226161056,40936370@N00,45.837448,4.826248,"portrait,sculpture,streetart,france,art,mystery,museum,architecture,painting,graffiti,ruins,punk,artist,rawart,outsiderart,chaos,symbol,contemporaryart,secret,911,apocalypse,taz,peinture,eros,container,freemasonry,writer,artbrut,ddc,sanctuary,worldwar,bombing,mystic,cyberpunk,landart,devastation,annesophie,alchemy,destroy,modernsculpture,prophecy,999,vanitas,artiste,photographe,sanctuaire,écrivain,dadaisme,artprice,salamanderspirit,organmuseum,saintromainaumontdor,demeureduchaos,thierryehrmann,alchimie,artsingulier,prophétie,abodeofchaos,facteurcheval,palaisideal,kurtehrmann,romainslocombe,postapocalyptique,maisondartiste,artistshouses,sculpturemoderne,francmaconnerie,yokohigashi,groupeserveur,lespritdelasalamandre,crashculture,servergroup,hamayôko",Visite de Romain Slocombe by Ehrmann's Crew K _DDC9194,29,17,15,12,2009,29,19,29,12,2009,,,
4226160976,40936370@N00,45.837448,4.826248,"portrait,sculpture,streetart,france,art,mystery,museum,architecture,painting,graffiti,ruins,punk,artist,rawart,outsiderart,chaos,symbol,contemporaryart,secret,911,apocalypse,taz,peinture,eros,container,freemasonry,writer,artbrut,ddc,sanctuary,worldwar,bombing,mystic,cyberpunk,landart,devastation,annesophie,alchemy,destroy,modernsculpture,prophecy,999,vanitas,artiste,photographe,sanctuaire,écrivain,dadaisme,artprice,salamanderspirit,organmuseum,saintromainaumontdor,demeureduchaos,thierryehrmann,alchimie,artsingulier,prophétie,abodeofchaos,facteurcheval,palaisideal,kurtehrmann,romainslocombe,postapocalyptique,maisondartiste,artistshouses,sculpturemoderne,francmaconnerie,yokohigashi,groupeserveur,lespritdelasalamandre,crashculture,servergroup,hamayôko",Visite de Romain Slocombe by Ehrmann's Crew K _DDC9192,29,17,15,12,2009,29,19,29,12,2009,,,
4225392565,40936370@N00,45.837448,4.826248,"portrait,sculpture,streetart,france,art,mystery,museum,architecture,painting,graffiti,ruins,punk,artist,rawart,outsiderart,chaos,symbol,contemporaryart,secret,911,apocalypse,taz,peinture,eros,container,freemasonry,writer,artbrut,ddc,sanctuary,worldwar,bombing,mystic,cyberpunk,landart,devastation,annesophie,alchemy,destroy,modernsculpture,prophecy,999,vanitas,artiste,photographe,sanctuaire,écrivain,dadaisme,artprice,salamanderspirit,organmuseum,saintromainaumontdor,demeureduchaos,thierryehrmann,alchimie,artsingulier,prophétie,abodeofchaos,facteurcheval,palaisideal,kurtehrmann,romainslocombe,postapocalyptique,maisondartiste,artistshouses,sculpturemoderne,francmaconnerie,yokohigashi,groupeserveur,lespritdelasalamandre,crashculture,servergroup,hamayôko",Visite de Romain Slocombe by Ehrmann's Crew K _DDC9189,28,17,15,12,2009,29,19,29,12,2009,,,
4226160848,40936370@N00,45.837448,4.826248,"portrait,sculpture,streetart,france,art,mystery,museum,architecture,painting,graffiti,ruins,punk,artist,rawart,outsiderart,chaos,symbol,contemporaryart,secret,911,apocalypse,taz,peinture,eros,container,freemasonry,writer,artbrut,ddc,sanctuary,worldwar,bombing,mystic,cyberpunk,landart,devastation,annesophie,alchemy,destroy,modernsculpture,prophecy,999,vanitas,artiste,photographe,sanctuaire,écrivain,dadaisme,artprice,salamanderspirit,organmuseum,saintromainaumontdor,demeureduchaos,thierryehrmann,alchimie,artsingulier,prophétie,abodeofchaos,facteurcheval,palaisideal,kurtehrmann,romainslocombe,postapocalyptique,maisondartiste,artistshouses,sculpturemoderne,francmaconnerie,yokohigashi,groupeserveur,lespritdelasalamandre,crashculture,servergroup,hamayôko",Visite de Romain Slocombe by Ehrmann's Crew K _DDC9172,25,17,15,12,2009,29,19,29,12,2009,,,
4226160740,40936370@N00,45.837448,4.826248,"portrait,sculpture,streetart,france,art,mystery,museum,architecture,painting,graffiti,ruins,punk,artist,rawart,outsiderart,chaos,symbol,contemporaryart,secret,911,apocalypse,taz,peinture,eros,container,freemasonry,writer,artbrut,ddc,sanctuary,worldwar,bombing,mystic,cyberpunk,landart,devastation,annesophie,alchemy,destroy,modernsculpture,prophecy,999,vanitas,artiste,photographe,sanctuaire,écrivain,dadaisme,artprice,salamanderspirit,organmuseum,saintromainaumontdor,demeureduchaos,thierryehrmann,alchimie,artsingulier,prophétie,abodeofchaos,facteurcheval,palaisideal,romainslocombe,postapocalyptique,maisondartiste,artistshouses,sculpturemoderne,francmaconnerie,yokohigashi,groupeserveur,lespritdelasalamandre,crashculture,servergroup,hamayôko",Visite de Romain Slocombe by Ehrmann's Crew K _DDC9171,24,17,15,12,2009,29,19,29,12,2009,,,
4226160662,40936370@N00,45.837448,4.826248,"romainslocombe,kurtehrmann,annesophie,yokohigashi,hamayôko,photographe,écrivain,artiste,writer,artist,abodeofchaos,chaos,lespritdelasalamandre,salamanderspirit,demeureduchaos,thierryehrmann,ddc,999,groupeserveur,taz,organmuseum,servergroup,facteurcheval,palaisideal,sanctuaire,sanctuary,artprice,portrait,painting,peinture,france,museum,sculpture,architecture,maisondartiste,art,artistshouses,streetart,sculpturemoderne,modernsculpture,secret,alchimie,alchemy,landart,artbrut,artsingulier,rawart,symbol,911,contemporaryart,apocalypse,postapocalyptique,cyberpunk,graffiti,vanitas,ruins,prophecy,prophétie,container,dadaisme,outsiderart,mystery,worldwar,eros,mystic,crashculture,devastation,destroy,bombing,punk,francmaconnerie,freemasonry,saintromainaumontdor",Visite de Romain Slocombe by Ehrmann's Crew K _DDC9168,24,17,15,12,2009,29,19,29,12,2009,,,
4225392305,40936370@N00,45.837448,4.826248,"portrait,sculpture,streetart,france,art,mystery,museum,architecture,painting,graffiti,ruins,punk,artist,rawart,outsiderart,chaos,symbol,contemporaryart,secret,911,apocalypse,taz,peinture,eros,container,freemasonry,writer,artbrut,ddc,sanctuary,worldwar,bombing,mystic,cyberpunk,landart,devastation,annesophie,alchemy,destroy,modernsculpture,prophecy,999,vanitas,artiste,photographe,sanctuaire,écrivain,dadaisme,artprice,salamanderspirit,organmuseum,saintromainaumontdor,demeureduchaos,thierryehrmann,alchimie,artsingulier,prophétie,abodeofchaos,facteurcheval,palaisideal,romainslocombe,postapocalyptique,maisondartiste,artistshouses,sculpturemoderne,francmaconnerie,yokohigashi,groupeserveur,lespritdelasalamandre,crashculture,servergroup,hamayôko",Visite de Romain Slocombe by Ehrmann's Crew K _DDC9154,22,17,15,12,2009,29,19,29,12,2009,,,
4225392239,40936370@N00,45.837448,4.826248,"portrait,sculpture,streetart,france,art,mystery,museum,architecture,painting,graffiti,ruins,punk,artist,rawart,outsiderart,chaos,symbol,contemporaryart,secret,911,apocalypse,taz,peinture,eros,container,freemasonry,writer,artbrut,ddc,sanctuary,worldwar,bombing,mystic,cyberpunk,landart,devastation,annesophie,alchemy,destroy,modernsculpture,prophecy,999,vanitas,artiste,photographe,sanctuaire,écrivain,dadaisme,artprice,salamanderspirit,organmuseum,saintromainaumontdor,demeureduchaos,thierryehrmann,alchimie,artsingulier,prophétie,abodeofchaos,facteurcheval,palaisideal,romainslocombe,postapocalyptique,maisondartiste,artistshouses,sculpturemoderne,francmaconnerie,yokohigashi,groupeserveur,lespritdelasalamandre,crashculture,servergroup,hamayôko",Visite de Romain Slocombe by Ehrmann's Crew K _DDC9137,19,17,15,12,2009,29,19,29,12,2009,,,
4226160458,40936370@N00,45.837448,4.826248,"portrait,sculpture,streetart,france,art,mystery,museum,architecture,painting,graffiti,ruins,punk,artist,rawart,outsiderart,chaos,symbol,contemporaryart,secret,911,apocalypse,taz,peinture,eros,container,freemasonry,writer,artbrut,ddc,sanctuary,worldwar,bombing,mystic,cyberpunk,landart,devastation,annesophie,alchemy,destroy,modernsculpture,prophecy,999,vanitas,artiste,photographe,sanctuaire,écrivain,dadaisme,artprice,salamanderspirit,organmuseum,saintromainaumontdor,demeureduchaos,thierryehrmann,alchimie,artsingulier,prophétie,abodeofchaos,facteurcheval,palaisideal,romainslocombe,postapocalyptique,maisondartiste,artistshouses,sculpturemoderne,francmaconnerie,yokohigashi,groupeserveur,lespritdelasalamandre,crashculture,servergroup,hamayôko",Visite de Romain Slocombe by Ehrmann's Crew K _DDC9131,18,17,15,12,2009,28,19,29,12,2009,,,
4226160400,40936370@N00,45.837448,4.826248,"portrait,sculpture,streetart,france,art,mystery,museum,architecture,painting,graffiti,ruins,punk,artist,rawart,outsiderart,chaos,symbol,contemporaryart,secret,911,apocalypse,taz,peinture,eros,container,freemasonry,writer,artbrut,ddc,sanctuary,worldwar,bombing,mystic,cyberpunk,landart,devastation,annesophie,alchemy,destroy,modernsculpture,prophecy,999,vanitas,artiste,photographe,sanctuaire,écrivain,dadaisme,artprice,salamanderspirit,organmuseum,saintromainaumontdor,demeureduchaos,thierryehrmann,alchimie,artsingulier,prophétie,abodeofchaos,facteurcheval,palaisideal,romainslocombe,postapocalyptique,maisondartiste,artistshouses,sculpturemoderne,francmaconnerie,yokohigashi,groupeserveur,lespritdelasalamandre,crashculture,servergroup,hamayôko",Visite de Romain Slocombe by Ehrmann's Crew K _DDC9125,17,17,15,12,2009,28,19,29,12,2009,,,
4226160314,40936370@N00,45.837448,4.826248,"portrait,sculpture,streetart,france,art,mystery,museum,architecture,painting,graffiti,ruins,punk,artist,rawart,outsiderart,chaos,symbol,contemporaryart,secret,911,apocalypse,taz,peinture,eros,container,freemasonry,writer,artbrut,ddc,sanctuary,worldwar,bombing,mystic,cyberpunk,landart,devastation,annesophie,alchemy,destroy,modernsculpture,prophecy,999,vanitas,artiste,photographe,sanctuaire,écrivain,dadaisme,artprice,salamanderspirit,organmuseum,saintromainaumontdor,demeureduchaos,thierryehrmann,alchimie,artsingulier,prophétie,abodeofchaos,facteurcheval,palaisideal,romainslocombe,postapocalyptique,maisondartiste,artistshouses,sculpturemoderne,francmaconnerie,yokohigashi,groupeserveur,lespritdelasalamandre,crashculture,servergroup,hamayôko",Visite de Romain Slocombe by Ehrmann's Crew K _DDC9122,15,17,15,12,2009,28,19,29,12,2009,,,
4225392017,40936370@N00,45.837448,4.826248,"portrait,sculpture,streetart,france,art,mystery,museum,architecture,painting,graffiti,ruins,punk,artist,rawart,outsiderart,chaos,symbol,contemporaryart,secret,911,apocalypse,taz,peinture,eros,container,freemasonry,writer,artbrut,ddc,sanctuary,worldwar,bombing,mystic,cyberpunk,landart,devastation,annesophie,alchemy,destroy,modernsculpture,prophecy,999,vanitas,artiste,photographe,sanctuaire,écrivain,dadaisme,artprice,salamanderspirit,organmuseum,saintromainaumontdor,demeureduchaos,thierryehrmann,alchimie,artsingulier,prophétie,abodeofchaos,facteurcheval,palaisideal,romainslocombe,postapocalyptique,maisondartiste,artistshouses,sculpturemoderne,francmaconnerie,yokohigashi,groupeserveur,lespritdelasalamandre,crashculture,servergroup,hamayôko",Visite de Romain Slocombe by Ehrmann's Crew K _DDC9118,14,17,15,12,2009,28,19,29,12,2009,,,
4226160188,40936370@N00,45.837448,4.826248,"portrait,sculpture,streetart,france,art,mystery,museum,architecture,painting,graffiti,ruins,punk,artist,rawart,outsiderart,chaos,symbol,contemporaryart,secret,911,apocalypse,taz,peinture,eros,container,freemasonry,writer,artbrut,ddc,sanctuary,worldwar,bombing,mystic,cyberpunk,landart,devastation,annesophie,alchemy,destroy,modernsculpture,prophecy,999,vanitas,artiste,photographe,sanctuaire,écrivain,dadaisme,artprice,salamanderspirit,organmuseum,saintromainaumontdor,demeureduchaos,thierryehrmann,alchimie,artsingulier,prophétie,abodeofchaos,facteurcheval,palaisideal,romainslocombe,postapocalyptique,maisondartiste,artistshouses,sculpturemoderne,francmaconnerie,yokohigashi,groupeserveur,lespritdelasalamandre,crashculture,servergroup,hamayôko",Visite de Romain Slocombe by Ehrmann's Crew K _DDC9111,13,17,15,12,2009,28,19,29,12,2009,,,
4225391841,40936370@N00,45.837448,4.826248,"portrait,sculpture,streetart,france,art,mystery,museum,architecture,painting,graffiti,ruins,punk,artist,rawart,outsiderart,chaos,symbol,contemporaryart,secret,911,apocalypse,taz,peinture,eros,container,freemasonry,writer,artbrut,ddc,sanctuary,worldwar,bombing,mystic,cyberpunk,landart,devastation,annesophie,alchemy,destroy,modernsculpture,prophecy,999,vanitas,artiste,photographe,sanctuaire,écrivain,dadaisme,artprice,salamanderspirit,organmuseum,saintromainaumontdor,demeureduchaos,thierryehrmann,alchimie,artsingulier,prophétie,abodeofchaos,facteurcheval,palaisideal,romainslocombe,postapocalyptique,maisondartiste,artistshouses,sculpturemoderne,francmaconnerie,yokohigashi,groupeserveur,lespritdelasalamandre,crashculture,servergroup,hamayôko",Visite de Romain Slocombe by Ehrmann's Crew K _DDC9098,10,17,15,12,2009,28,19,29,12,2009,,,
4225391745,40936370@N00,45.837448,4.826248,"portrait,sculpture,streetart,france,art,mystery,museum,architecture,painting,graffiti,ruins,punk,artist,rawart,outsiderart,chaos,symbol,contemporaryart,secret,911,apocalypse,taz,peinture,eros,container,freemasonry,writer,artbrut,ddc,sanctuary,worldwar,bombing,mystic,cyberpunk,landart,devastation,annesophie,alchemy,destroy,modernsculpture,prophecy,999,vanitas,artiste,photographe,sanctuaire,écrivain,dadaisme,artprice,salamanderspirit,organmuseum,saintromainaumontdor,demeureduchaos,thierryehrmann,alchimie,artsingulier,prophétie,abodeofchaos,facteurcheval,palaisideal,romainslocombe,postapocalyptique,maisondartiste,artistshouses,sculpturemoderne,francmaconnerie,yokohigashi,groupeserveur,lespritdelasalamandre,crashculture,servergroup,hamayôko",Visite de Romain Slocombe by Ehrmann's Crew K _DDC9072,3,17,15,12,2009,28,19,29,12,2009,,,
4225391677,40936370@N00,45.837448,4.826248,"portrait,sculpture,streetart,france,art,mystery,museum,architecture,painting,graffiti,ruins,punk,artist,rawart,outsiderart,chaos,symbol,contemporaryart,secret,911,apocalypse,taz,peinture,eros,container,freemasonry,writer,artbrut,ddc,sanctuary,worldwar,bombing,mystic,cyberpunk,landart,devastation,annesophie,alchemy,destroy,modernsculpture,prophecy,999,vanitas,artiste,photographe,sanctuaire,écrivain,dadaisme,artprice,salamanderspirit,organmuseum,saintromainaumontdor,demeureduchaos,thierryehrmann,alchimie,artsingulier,prophétie,abodeofchaos,facteurcheval,palaisideal,romainslocombe,postapocalyptique,maisondartiste,artistshouses,sculpturemoderne,francmaconnerie,yokohigashi,groupeserveur,lespritdelasalamandre,crashculture,servergroup,hamayôko",Visite de Romain Slocombe by Ehrmann's Crew K _DDC9071,2,17,15,12,2009,28,19,29,12,2009,,,
4225391593,40936370@N00,45.837448,4.826248,"portrait,sculpture,streetart,france,art,mystery,museum,architecture,painting,graffiti,ruins,punk,artist,rawart,outsiderart,chaos,symbol,contemporaryart,secret,911,apocalypse,taz,peinture,eros,container,freemasonry,writer,artbrut,ddc,sanctuary,worldwar,bombing,mystic,cyberpunk,landart,devastation,annesophie,alchemy,destroy,modernsculpture,prophecy,999,vanitas,artiste,photographe,sanctuaire,écrivain,dadaisme,artprice,salamanderspirit,organmuseum,saintromainaumontdor,demeureduchaos,thierryehrmann,alchimie,artsingulier,prophétie,abodeofchaos,facteurcheval,palaisideal,romainslocombe,postapocalyptique,maisondartiste,artistshouses,sculpturemoderne,francmaconnerie,yokohigashi,groupeserveur,lespritdelasalamandre,crashculture,servergroup,hamayôko",Visite de Romain Slocombe by Ehrmann's Crew K _DDC9068,2,17,15,12,2009,28,19,29,12,2009,,,
4226159804,40936370@N00,45.837448,4.826248,"portrait,sculpture,streetart,france,art,mystery,museum,architecture,painting,graffiti,ruins,punk,artist,rawart,outsiderart,chaos,symbol,contemporaryart,secret,911,apocalypse,taz,peinture,eros,container,freemasonry,writer,artbrut,ddc,sanctuary,worldwar,bombing,mystic,cyberpunk,landart,devastation,annesophie,alchemy,destroy,modernsculpture,prophecy,999,vanitas,artiste,photographe,sanctuaire,écrivain,dadaisme,artprice,salamanderspirit,organmuseum,saintromainaumontdor,demeureduchaos,thierryehrmann,alchimie,artsingulier,prophétie,abodeofchaos,facteurcheval,palaisideal,romainslocombe,postapocalyptique,maisondartiste,artistshouses,sculpturemoderne,francmaconnerie,yokohigashi,groupeserveur,lespritdelasalamandre,crashculture,servergroup,hamayôko",Visite de Romain Slocombe by Ehrmann's Crew K _DDC9067,0,17,15,12,2009,28,19,29,12,2009,,,
4226159716,40936370@N00,45.837448,4.826248,"portrait,sculpture,streetart,france,art,mystery,museum,architecture,painting,graffiti,ruins,punk,artist,rawart,outsiderart,chaos,symbol,contemporaryart,secret,911,apocalypse,taz,peinture,eros,container,freemasonry,writer,artbrut,ddc,sanctuary,worldwar,bombing,mystic,cyberpunk,landart,devastation,annesophie,alchemy,destroy,modernsculpture,prophecy,999,vanitas,artiste,photographe,sanctuaire,écrivain,dadaisme,artprice,salamanderspirit,organmuseum,saintromainaumontdor,demeureduchaos,thierryehrmann,alchimie,artsingulier,prophétie,abodeofchaos,facteurcheval,palaisideal,romainslocombe,postapocalyptique,maisondartiste,artistshouses,sculpturemoderne,francmaconnerie,yokohigashi,groupeserveur,lespritdelasalamandre,crashculture,servergroup,hamayôko",Visite de Romain Slocombe by Ehrmann's Crew K _DDC9054,58,16,15,12,2009,28,19,29,12,2009,,,
4226159652,40936370@N00,45.837448,4.826248,"portrait,sculpture,streetart,france,art,mystery,museum,architecture,painting,graffiti,ruins,punk,artist,rawart,outsiderart,chaos,symbol,contemporaryart,secret,911,apocalypse,taz,peinture,eros,container,freemasonry,writer,artbrut,ddc,sanctuary,worldwar,bombing,mystic,cyberpunk,landart,devastation,annesophie,alchemy,destroy,modernsculpture,prophecy,999,vanitas,artiste,photographe,sanctuaire,écrivain,dadaisme,artprice,salamanderspirit,organmuseum,saintromainaumontdor,demeureduchaos,thierryehrmann,alchimie,artsingulier,prophétie,abodeofchaos,facteurcheval,palaisideal,romainslocombe,postapocalyptique,maisondartiste,artistshouses,sculpturemoderne,francmaconnerie,yokohigashi,groupeserveur,lespritdelasalamandre,crashculture,servergroup,hamayôko",Visite de Romain Slocombe by Ehrmann's Crew K _DDC9050,57,16,15,12,2009,28,19,29,12,2009,,,
4226159596,40936370@N00,45.837448,4.826248,"portrait,sculpture,streetart,france,art,mystery,museum,architecture,painting,graffiti,ruins,punk,artist,rawart,outsiderart,chaos,symbol,contemporaryart,secret,911,apocalypse,taz,peinture,eros,container,freemasonry,writer,artbrut,ddc,sanctuary,worldwar,bombing,mystic,cyberpunk,landart,devastation,annesophie,alchemy,destroy,modernsculpture,prophecy,999,vanitas,artiste,photographe,sanctuaire,écrivain,dadaisme,artprice,salamanderspirit,organmuseum,saintromainaumontdor,demeureduchaos,thierryehrmann,alchimie,artsingulier,prophétie,abodeofchaos,facteurcheval,palaisideal,romainslocombe,postapocalyptique,maisondartiste,artistshouses,sculpturemoderne,francmaconnerie,yokohigashi,groupeserveur,lespritdelasalamandre,crashculture,servergroup,hamayôko",Visite de Romain Slocombe by Ehrmann's Crew K _DDC9049,57,16,15,12,2009,28,19,29,12,2009,,,
4225391225,40936370@N00,45.837448,4.826248,"portrait,sculpture,streetart,france,art,mystery,museum,architecture,painting,graffiti,ruins,punk,artist,rawart,outsiderart,chaos,symbol,contemporaryart,secret,911,apocalypse,taz,peinture,eros,container,freemasonry,writer,artbrut,ddc,sanctuary,worldwar,bombing,mystic,cyberpunk,landart,devastation,annesophie,alchemy,destroy,modernsculpture,prophecy,999,vanitas,artiste,photographe,sanctuaire,écrivain,dadaisme,artprice,salamanderspirit,organmuseum,saintromainaumontdor,demeureduchaos,thierryehrmann,alchimie,artsingulier,prophétie,abodeofchaos,facteurcheval,palaisideal,romainslocombe,postapocalyptique,maisondartiste,artistshouses,sculpturemoderne,francmaconnerie,yokohigashi,groupeserveur,lespritdelasalamandre,crashculture,servergroup,hamayôko",Visite de Romain Slocombe by Ehrmann's Crew K _DDC9045,56,16,15,12,2009,28,19,29,12,2009,,,
4226159432,40936370@N00,45.837448,4.826248,"portrait,sculpture,streetart,france,art,mystery,museum,architecture,painting,graffiti,ruins,punk,artist,rawart,outsiderart,chaos,symbol,contemporaryart,secret,911,apocalypse,taz,peinture,eros,container,freemasonry,writer,artbrut,ddc,sanctuary,worldwar,bombing,mystic,cyberpunk,landart,devastation,annesophie,alchemy,destroy,modernsculpture,prophecy,999,vanitas,artiste,photographe,sanctuaire,écrivain,dadaisme,artprice,salamanderspirit,organmuseum,saintromainaumontdor,demeureduchaos,thierryehrmann,alchimie,artsingulier,prophétie,abodeofchaos,facteurcheval,palaisideal,romainslocombe,postapocalyptique,maisondartiste,artistshouses,sculpturemoderne,francmaconnerie,yokohigashi,groupeserveur,lespritdelasalamandre,crashculture,servergroup,hamayôko",Visite de Romain Slocombe by Ehrmann's Crew K _DDC9042,54,16,15,12,2009,28,19,29,12,2009,,,
4226159378,40936370@N00,45.837448,4.826248,"portrait,sculpture,streetart,france,art,mystery,museum,architecture,painting,graffiti,ruins,punk,artist,rawart,outsiderart,chaos,symbol,contemporaryart,secret,911,apocalypse,taz,peinture,eros,container,freemasonry,writer,artbrut,ddc,sanctuary,worldwar,bombing,mystic,cyberpunk,landart,devastation,annesophie,alchemy,destroy,modernsculpture,prophecy,999,vanitas,artiste,photographe,sanctuaire,écrivain,dadaisme,artprice,salamanderspirit,organmuseum,saintromainaumontdor,demeureduchaos,thierryehrmann,alchimie,artsingulier,prophétie,abodeofchaos,facteurcheval,palaisideal,romainslocombe,postapocalyptique,maisondartiste,artistshouses,sculpturemoderne,francmaconnerie,yokohigashi,groupeserveur,lespritdelasalamandre,crashculture,servergroup,hamayôko",Visite de Romain Slocombe by Ehrmann's Crew K _DDC9218,34,17,15,12,2009,28,19,29,12,2009,,,
4226159302,40936370@N00,45.837448,4.826248,"portrait,sculpture,streetart,france,art,mystery,museum,architecture,painting,graffiti,ruins,punk,artist,rawart,outsiderart,chaos,symbol,contemporaryart,secret,911,apocalypse,taz,peinture,eros,container,freemasonry,writer,artbrut,ddc,sanctuary,worldwar,bombing,mystic,cyberpunk,landart,devastation,annesophie,alchemy,destroy,modernsculpture,prophecy,999,vanitas,artiste,photographe,sanctuaire,écrivain,dadaisme,artprice,salamanderspirit,organmuseum,saintromainaumontdor,demeureduchaos,thierryehrmann,alchimie,artsingulier,prophétie,abodeofchaos,facteurcheval,palaisideal,kurtehrmann,romainslocombe,postapocalyptique,maisondartiste,artistshouses,sculpturemoderne,francmaconnerie,yokohigashi,groupeserveur,lespritdelasalamandre,crashculture,servergroup,hamayôko",Visite de Romain Slocombe by Ehrmann's Crew K _DDC9052,58,16,15,12,2009,28,19,29,12,2009,,,
4225243912,24172284@N05,45.786208,4.783827,"red,tree,night,35mm,project,lens,rouge,prime,drive,365,q,quick,nuit,arbre,enseigne,pilier,projet,project365,365days,nikond700,zeissdistagon235mmzf,jpr12901467,quickecully",087/365 28.12.2009,0,23,28,12,2009,21,12,29,12,2009,,,
4224358365,24380554@N05,45.761552,4.856621,"france,lyon,lione",lyon,19,12,12,12,2009,57,10,29,12,2009,,,
4224289295,97211956@N00,45.751127,4.827783,"christmas,market,dailypicture",Christmas market,21,18,7,12,2009,8,10,29,12,2009,,,
4222682836,40936370@N00,45.837448,4.826248,"portrait,sculpture,france,mystery,museum,painting,ruins,jung,symbol,contemporaryart,secret,apocalypse,greatwork,freemasonry,ddc,sanctuary,alchemy,prophecy,999,vanitas,revelation,alchimia,alchemist,sanctuaire,paulocoelho,magnumopus,graal,gnosticism,dondedieu,materiaprima,nicolasflamel,artprice,salamanderspirit,organmuseum,saintromainaumontdor,andrébreton,demeureduchaos,thierryehrmann,alkimia,finis,alchemical,rubedo,prophétie,abodeofchaos,loeuvreaunoir,facteurcheval,palaisideal,grandoeuvre,alchemicalsymbol,francmaconnerie,citrinitas,fulcanelli,philosopherstone,albertlegrand,oswaldwirth,lespritdelasalamandre,nigredoalbedo,corpusjabirianum,alchimiespéculative,lemystèredescathédrales,lesdemeuresphilosophales,eugènecanseliet,latourbedesphilosophes,spagyrie,basilevalentin,rosariusphilosophorum,historyofalchemy,nucleartransmutation,khemeia,voiesèche,voiehumide,liberparagranum,artroyal,donumdei",Alchemy LVII - Alchimie _DDC0395,6,17,28,12,2009,21,17,28,12,2009,,,
4222682718,40936370@N00,45.837448,4.826248,"portrait,sculpture,france,mystery,museum,painting,ruins,jung,symbol,contemporaryart,secret,apocalypse,greatwork,freemasonry,ddc,sanctuary,alchemy,prophecy,999,vanitas,revelation,alchimia,alchemist,sanctuaire,paulocoelho,magnumopus,graal,gnosticism,dondedieu,materiaprima,nicolasflamel,artprice,salamanderspirit,organmuseum,saintromainaumontdor,andrébreton,demeureduchaos,thierryehrmann,alkimia,finis,alchemical,rubedo,prophétie,abodeofchaos,loeuvreaunoir,facteurcheval,palaisideal,grandoeuvre,alchemicalsymbol,francmaconnerie,citrinitas,fulcanelli,philosopherstone,albertlegrand,oswaldwirth,lespritdelasalamandre,nigredoalbedo,corpusjabirianum,alchimiespéculative,lemystèredescathédrales,lesdemeuresphilosophales,eugènecanseliet,latourbedesphilosophes,spagyrie,basilevalentin,rosariusphilosophorum,historyofalchemy,nucleartransmutation,khemeia,voiesèche,voiehumide,liberparagranum,artroyal,donumdei",Alchemy LVII - Alchimie _DDC0390,5,17,28,12,2009,21,17,28,12,2009,,,
4222682592,40936370@N00,45.837448,4.826248,"portrait,sculpture,france,mystery,museum,painting,ruins,jung,symbol,contemporaryart,secret,apocalypse,greatwork,freemasonry,ddc,sanctuary,alchemy,prophecy,999,vanitas,revelation,alchimia,alchemist,sanctuaire,paulocoelho,magnumopus,graal,gnosticism,dondedieu,materiaprima,nicolasflamel,artprice,salamanderspirit,organmuseum,saintromainaumontdor,andrébreton,demeureduchaos,thierryehrmann,alkimia,finis,alchemical,rubedo,prophétie,abodeofchaos,loeuvreaunoir,facteurcheval,palaisideal,grandoeuvre,alchemicalsymbol,francmaconnerie,citrinitas,fulcanelli,philosopherstone,albertlegrand,oswaldwirth,lespritdelasalamandre,nigredoalbedo,corpusjabirianum,alchimiespéculative,lemystèredescathédrales,lesdemeuresphilosophales,eugènecanseliet,latourbedesphilosophes,spagyrie,basilevalentin,rosariusphilosophorum,historyofalchemy,nucleartransmutation,khemeia,voiesèche,voiehumide,liberparagranum,artroyal,donumdei",Alchemy LVII - Alchimie _DDC0389,4,17,28,12,2009,21,17,28,12,2009,,,
4221918831,40936370@N00,45.837448,4.826248,"portrait,sculpture,france,mystery,museum,painting,ruins,jung,symbol,contemporaryart,secret,apocalypse,greatwork,freemasonry,ddc,sanctuary,alchemy,prophecy,999,vanitas,revelation,alchimia,alchemist,sanctuaire,paulocoelho,magnumopus,graal,gnosticism,dondedieu,materiaprima,nicolasflamel,artprice,salamanderspirit,organmuseum,saintromainaumontdor,andrébreton,demeureduchaos,thierryehrmann,alkimia,finis,alchemical,rubedo,prophétie,abodeofchaos,loeuvreaunoir,facteurcheval,palaisideal,grandoeuvre,alchemicalsymbol,francmaconnerie,citrinitas,fulcanelli,philosopherstone,albertlegrand,oswaldwirth,lespritdelasalamandre,nigredoalbedo,corpusjabirianum,alchimiespéculative,lemystèredescathédrales,lesdemeuresphilosophales,eugènecanseliet,latourbedesphilosophes,spagyrie,basilevalentin,rosariusphilosophorum,historyofalchemy,nucleartransmutation,khemeia,voiesèche,voiehumide,liberparagranum,artroyal,donumdei",Alchemy LVII - Alchimie _DDC0387,4,17,28,12,2009,20,17,28,12,2009,,,
4221639229,7968609@N05,45.757781,4.868048,"blue,eyes",Beautiful eyes,33,15,19,4,2008,30,15,28,12,2009,,,
4221638787,7968609@N05,45.757781,4.868048,"lyon,moineaux",Moineaux,26,14,28,12,2007,30,15,28,12,2009,,,
4221638085,7968609@N05,45.749779,4.863971,"lyon,figues",Figues lyonnaises (c'est rare!!),11,16,29,4,2007,29,15,28,12,2009,,,
4222398978,7968609@N05,45.766018,4.821474,"basilique,fourvière",La Basilique de Fourvière,4,16,6,1,2007,29,15,28,12,2009,,,
4221636381,7968609@N05,45.756546,4.788687,playmobil,Playmobils,23,22,31,12,2004,28,15,28,12,2009,,,
4222395832,7968609@N05,45.757081,4.865376,"lyon,noël,sapin,lumières,zooming",Sapin de Noël,32,21,8,12,2009,28,15,28,12,2009,,,
4222204176,22886754@N04,45.759656,4.837685,"winter,france,tree,gris,nikon,lyon,hiver,arbre,2009,rania,d90,nikond90",l'hiver ...,18,16,24,12,2009,49,13,28,12,2009,,,
4221314079,9259848@N08,45.797137,4.830658,"bridge,lyon,illuminations,panasonic,pont,8décembre,ilebarbe,caluire,lx3","Pont de l' Ile Barbe, illuminations",21,19,6,12,2009,32,12,28,12,2009,,,
4221703864,97211956@N00,45.761372,4.830294,"portrait,drums,bass,dailypicture,helicon",Drum'n'bass,24,13,6,12,2009,42,8,28,12,2009,,,
5296516634,45220772@N06,45.780626,4.803493,"train,sncf,caravelle,lyonvaise","SNCF, Lyon Vaise Depot",25,14,28,7,2008,0,23,27,12,2009,,,
4218440379,45220772@N06,45.780626,4.803493,"train,sncf,ter,lyonvaise,x8715,x4718","SNCF, X 4718",32,14,28,7,2008,0,23,27,12,2009,,,
4219206142,45220772@N06,45.780626,4.803493,"train,fret,sncf,37020,bb37000,lyonvaise,alstomprima,437020","SNCF, 37020",29,14,28,7,2008,0,23,27,12,2009,,,
4218438343,45220772@N06,45.780626,4.803493,"train,sncf,sybic,26138,bb26000,lyonvaise","SNCF, 26138",28,14,28,7,2008,0,23,27,12,2009,,,
4218437521,45220772@N06,45.780626,4.803493,"train,sncf,bb67300,67365,lyonvaise","SNCF, 67365",27,14,28,7,2008,0,23,27,12,2009,,,
4218436721,45220772@N06,45.780626,4.803493,"train,sncf,25630,lyonvaise,525630,sncf25500","SNCF, 25630",23,14,28,7,2008,0,23,27,12,2009,,,
4219202912,45220772@N06,45.780626,4.803493,"train,sncf,ter,lyonvaise,z23531","SNCF, Z 23531",19,14,28,7,2008,0,23,27,12,2009,,,
4219448300,62051585@N00,45.716736,4.859938,"famille,love,amour,bébé,fratrie",,0,18,27,12,2009,0,18,27,12,2009,,,
4219150184,9534213@N07,45.783222,4.855656,"pont,lyon,bridge,parcdelatêtedor,fog,autumn",Pont des brumes,55,10,27,12,2009,6,16,27,12,2009,,,
4218374663,9534213@N07,45.743478,4.818502,"lyon,confluence,architectures",New town,59,11,26,12,2009,2,16,27,12,2009,,,
4218374009,9534213@N07,45.762920,4.836688,"architecture,lyon,gothic,franciscan,cordeliers,saintbonaventure",Saint Bonaventure,50,12,26,12,2009,2,16,27,12,2009,,,
4218052535,41681777@N00,45.766628,4.832471,"lyon,spaceinvader,martien",Space Invader @ Lyon,59,0,20,12,2009,23,13,27,12,2009,,,
4218817550,41681777@N00,45.766628,4.832471,"lyon,bouchon",Bouchon Lyonnais,0,0,20,12,2009,22,13,27,12,2009,,,
4218791078,40936370@N00,45.837448,4.826248,"portrait,sculpture,streetart,france,art,mystery,museum,architecture,painting,graffiti,tv,ruins,rawart,outsiderart,chaos,symbol,contemporaryart,secret,report,911,apocalypse,taz,peinture,container,freemasonry,artbrut,interview,ddc,sanctuary,télé,cyberpunk,landart,alchemy,reportage,modernsculpture,prophecy,999,vanitas,sanctuaire,dadaisme,artprice,salamanderspirit,organmuseum,saintromainaumontdor,demeureduchaos,thierryehrmann,alchimie,artsingulier,prophétie,abodeofchaos,facteurcheval,palaisideal,postapocalyptique,maisondartiste,artistshouses,sculpturemoderne,francmaconnerie,lyontv,groupeserveur,lespritdelasalamandre,servergroup",Lyon-TV avant-première ITW Ehrmann 1&2,6,13,27,12,2009,6,13,27,12,2009,,,
4218024963,40936370@N00,45.837448,4.826248,"portrait,sculpture,streetart,france,art,mystery,museum,architecture,painting,graffiti,tv,ruins,rawart,outsiderart,chaos,symbol,contemporaryart,secret,report,911,apocalypse,taz,peinture,container,freemasonry,artbrut,interview,ddc,sanctuary,télé,cyberpunk,landart,alchemy,reportage,modernsculpture,prophecy,999,vanitas,sanctuaire,dadaisme,artprice,salamanderspirit,organmuseum,saintromainaumontdor,demeureduchaos,thierryehrmann,alchimie,artsingulier,prophétie,abodeofchaos,facteurcheval,palaisideal,postapocalyptique,maisondartiste,artistshouses,sculpturemoderne,francmaconnerie,lyontv,groupeserveur,lespritdelasalamandre,servergroup",Lyon-TV avant-première ITW Ehrmann 1&2,6,13,27,12,2009,6,13,27,12,2009,,,
4218024889,40936370@N00,45.837448,4.826248,"portrait,sculpture,streetart,france,art,mystery,museum,architecture,painting,graffiti,tv,ruins,rawart,outsiderart,chaos,symbol,contemporaryart,secret,report,911,apocalypse,taz,peinture,container,freemasonry,artbrut,interview,ddc,sanctuary,télé,cyberpunk,landart,alchemy,reportage,modernsculpture,prophecy,999,vanitas,sanctuaire,dadaisme,artprice,salamanderspirit,organmuseum,saintromainaumontdor,demeureduchaos,thierryehrmann,alchimie,artsingulier,prophétie,abodeofchaos,facteurcheval,palaisideal,postapocalyptique,maisondartiste,artistshouses,sculpturemoderne,francmaconnerie,lyontv,groupeserveur,lespritdelasalamandre,servergroup",Lyon-TV avant-première ITW Ehrmann 1&2,6,13,27,12,2009,6,13,27,12,2009,,,
4218017485,40936370@N00,45.837448,4.826248,"portrait,sculpture,streetart,france,art,mystery,museum,architecture,painting,graffiti,ruins,rawart,outsiderart,chaos,symbol,contemporaryart,secret,911,apocalypse,taz,peinture,container,artbrut,petition,trial,ddc,sanctuary,cyberpunk,landart,alchemy,modernsculpture,prophecy,999,vanitas,sanctuaire,dadaisme,artprice,salamanderspirit,organmuseum,saintromainaumontdor,demeureduchaos,thierryehrmann,alchimie,europeancourtofhumanrights,artsingulier,procès,prophétie,abodeofchaos,facteurcheval,palaisideal,postapocalyptique,maisondartiste,artistshouses,echr,coureuropéennedesdroitsdelhomme,sculpturemoderne,groupeserveur,lespritdelasalamandre,servergroup",Fer à Souder ?,47,18,23,12,2009,2,13,27,12,2009,,,
4218783394,40936370@N00,45.837448,4.826248,"portrait,sculpture,streetart,france,art,mystery,museum,architecture,painting,graffiti,ruins,rawart,outsiderart,chaos,symbol,contemporaryart,secret,911,apocalypse,taz,peinture,container,artbrut,petition,trial,ddc,sanctuary,cyberpunk,landart,alchemy,modernsculpture,prophecy,999,vanitas,sanctuaire,dadaisme,artprice,salamanderspirit,organmuseum,saintromainaumontdor,demeureduchaos,thierryehrmann,alchimie,europeancourtofhumanrights,artsingulier,procès,prophétie,abodeofchaos,facteurcheval,palaisideal,postapocalyptique,maisondartiste,artistshouses,echr,coureuropéennedesdroitsdelhomme,sculpturemoderne,groupeserveur,lespritdelasalamandre,servergroup",Matos d'Artiste ?,47,18,23,12,2009,2,13,27,12,2009,,,
4218783354,40936370@N00,45.837448,4.826248,"portrait,sculpture,streetart,france,art,mystery,museum,architecture,painting,graffiti,ruins,rawart,outsiderart,chaos,symbol,contemporaryart,secret,911,apocalypse,taz,peinture,container,artbrut,petition,trial,ddc,sanctuary,cyberpunk,landart,alchemy,modernsculpture,prophecy,999,vanitas,sanctuaire,dadaisme,artprice,salamanderspirit,organmuseum,saintromainaumontdor,demeureduchaos,thierryehrmann,alchimie,europeancourtofhumanrights,artsingulier,procès,prophétie,abodeofchaos,facteurcheval,palaisideal,postapocalyptique,maisondartiste,artistshouses,echr,coureuropéennedesdroitsdelhomme,sculpturemoderne,groupeserveur,lespritdelasalamandre,servergroup",Taille Crayons ?,46,18,23,12,2009,1,13,27,12,2009,,,
4218017325,40936370@N00,45.837448,4.826248,"portrait,sculpture,streetart,france,art,mystery,museum,architecture,painting,graffiti,ruins,rawart,outsiderart,chaos,symbol,contemporaryart,secret,911,apocalypse,taz,peinture,container,artbrut,petition,trial,ddc,sanctuary,cyberpunk,landart,alchemy,modernsculpture,prophecy,999,vanitas,sanctuaire,dadaisme,artprice,salamanderspirit,organmuseum,saintromainaumontdor,demeureduchaos,thierryehrmann,alchimie,europeancourtofhumanrights,artsingulier,procès,prophétie,abodeofchaos,facteurcheval,palaisideal,postapocalyptique,maisondartiste,artistshouses,echr,coureuropéennedesdroitsdelhomme,sculpturemoderne,groupeserveur,lespritdelasalamandre,servergroup",Tube d'Acrylique ?,45,18,23,12,2009,1,13,27,12,2009,,,
4218783236,40936370@N00,45.837448,4.826248,"portrait,sculpture,streetart,france,art,mystery,museum,architecture,painting,graffiti,ruins,rawart,outsiderart,chaos,symbol,contemporaryart,secret,911,apocalypse,taz,peinture,container,artbrut,petition,trial,ddc,sanctuary,cyberpunk,landart,alchemy,modernsculpture,prophecy,999,vanitas,sanctuaire,dadaisme,artprice,salamanderspirit,organmuseum,saintromainaumontdor,demeureduchaos,thierryehrmann,alchimie,europeancourtofhumanrights,artsingulier,procès,prophétie,abodeofchaos,facteurcheval,palaisideal,postapocalyptique,maisondartiste,artistshouses,echr,coureuropéennedesdroitsdelhomme,sculpturemoderne,groupeserveur,lespritdelasalamandre,servergroup",Pinceau ?,43,18,23,12,2009,1,13,27,12,2009,,,
4218745348,40936370@N00,45.837448,4.826248,"portrait,sculpture,streetart,france,art,mystery,museum,architecture,painting,graffiti,ruins,punk,artist,rawart,outsiderart,chaos,symbol,contemporaryart,secret,911,apocalypse,taz,peinture,eros,container,freemasonry,writer,artbrut,ddc,sanctuary,worldwar,bombing,mystic,cyberpunk,landart,devastation,annesophie,alchemy,destroy,modernsculpture,prophecy,999,vanitas,artiste,photographe,sanctuaire,écrivain,dadaisme,artprice,salamanderspirit,organmuseum,saintromainaumontdor,demeureduchaos,thierryehrmann,alchimie,artsingulier,prophétie,abodeofchaos,facteurcheval,palaisideal,romainslocombe,postapocalyptique,maisondartiste,artistshouses,sculpturemoderne,francmaconnerie,yokohigashi,groupeserveur,lespritdelasalamandre,crashculture,servergroup,hamayôko",Romain Slocombe preview - Anne-So-AbodeofChaos-2,17,6,16,12,2009,38,12,27,12,2009,,,
4217960577,40936370@N00,45.837448,4.826248,"portrait,sculpture,streetart,france,art,mystery,museum,architecture,painting,graffiti,ruins,punk,artist,rawart,outsiderart,chaos,symbol,contemporaryart,secret,911,apocalypse,taz,peinture,eros,container,freemasonry,writer,artbrut,ddc,sanctuary,worldwar,bombing,mystic,cyberpunk,landart,devastation,annesophie,alchemy,destroy,modernsculpture,prophecy,999,vanitas,artiste,photographe,sanctuaire,écrivain,dadaisme,artprice,salamanderspirit,organmuseum,saintromainaumontdor,demeureduchaos,thierryehrmann,alchimie,artsingulier,prophétie,abodeofchaos,facteurcheval,palaisideal,romainslocombe,postapocalyptique,maisondartiste,artistshouses,sculpturemoderne,francmaconnerie,yokohigashi,groupeserveur,lespritdelasalamandre,crashculture,servergroup,hamayôko",Romain Slocombe preview - YokoHigashi-AbodeofChaos-01,40,6,15,12,2009,27,12,27,12,2009,,,
4218450616,94328137@N00,45.760283,4.859839,"travel,ef35mmf2",IMG_5134,33,10,20,12,2009,19,9,27,12,2009,,,
4217682387,94328137@N00,45.760872,4.859171,"travel,ef35mmf2",IMG_5130,59,9,20,12,2009,19,9,27,12,2009,,,
4217324984,62051585@N00,45.767423,4.818736,,,57,23,26,12,2009,57,23,26,12,2009,,,
4217228062,60878213@N00,45.760188,4.838383,"white,black,noir,blacknwhite,blanc,blancetnoir,chrismasday",Light behind the Hotel-Dieu,10,16,25,12,2009,17,23,26,12,2009,,,
4217227916,60878213@N00,45.760188,4.838383,"winter,sunset,color,river,lyon,riverboat,rhone,guillotière,chrismasday",Boarding at Guillotière,10,16,25,12,2009,17,23,26,12,2009,,,
4216458411,60878213@N00,45.760225,4.836237,"blur,wheel,bokeh,stolenbike,chrismasday",Lonely wheel,16,16,25,12,2009,17,23,26,12,2009,,,
4216458211,60878213@N00,45.767807,4.836194,"people,opera,reader,pole,chrismasday",The reader of the Opera,21,17,25,12,2009,17,23,26,12,2009,,,
4216458059,60878213@N00,45.767507,4.833941,"moon,lights,towncenter,chrismasday",L'hotel à la lune,18,17,25,12,2009,17,23,26,12,2009,,,
4216457877,60878213@N00,45.761018,4.830658,"bridge,sunset,moon,powerlines,chrismasday",Road to the moon,39,16,25,12,2009,17,23,26,12,2009,,,
4216457783,60878213@N00,45.768630,4.838469,"sunset,clouds,outline,fourviere,chrismasday",Sunset outline,33,16,25,12,2009,17,23,26,12,2009,,,
4217226976,60878213@N00,45.769408,4.843640,"street,sunset,tree,cars,lines,night,lights,chrismasday",colored trees,38,17,25,12,2009,17,23,26,12,2009,,,
4216600724,62051585@N00,45.767431,4.818195,"famille,love,amour,bébé,fratrie",La bague de fiancaille de ma grand-mere,14,19,26,12,2009,14,19,26,12,2009,,,
4215415379,99845097@N00,45.766318,4.879453,"horloge,mairie,villeurbanne,beffroi,fr69,hoteldevillevilleurbanne",Derrière le temps,18,15,20,10,2009,32,16,26,12,2009,,,
4216127174,62051585@N00,45.767355,4.818827,,Celine,4,16,26,12,2009,5,16,26,12,2009,,,
4215876652,41746313@N04,45.759514,4.828737,"facade,lyon,quai,immeubles,saone","Lyon, pont  Bonaparte",15,17,11,12,2005,43,13,26,12,2009,,,
4215250050,9259848@N08,45.768301,4.836752,"blue,colors,night,place,lyon,illumination,pluie,bleu,fête,couleur,raine,lumières,pradel,lx3",Place Louis Pradel,44,23,6,12,2009,25,6,26,12,2009,,,
4213289405,14838845@N08,45.762347,4.821769,,"Lyon, décembre 2009",56,20,6,12,2009,8,21,25,12,2009,,,
4213289219,14838845@N08,45.762347,4.821769,,"Lyon, décembre 2009",57,20,6,12,2009,8,21,25,12,2009,,,
4213289023,14838845@N08,45.760464,4.824784,,"Lyon, décembre 2009",25,21,6,12,2009,8,21,25,12,2009,,,
4213288907,14838845@N08,45.762347,4.821769,,"Lyon, décembre 2009",54,20,6,12,2009,7,21,25,12,2009,,,
4212808067,12984605@N05,45.777393,4.843522,"tictaclanuitdestemps,hypnotictac,8décembre2009,fêtedeslumières,festivaloflights,bergesdurhône,lyon,france,light,lumière,night,nuit,contrejour,backlight,contraluce,rain,pluie,rainbow,arcenciel,silhouette,umbrella,parapluie,ya,explore,goforitin2010anne,conlapioggia,2009,©annedhuart,street,rencontresderue,backlightmag,publiées,published,annedhuart",Les passagers de la pluie,3,23,7,12,2009,34,17,25,12,2009,,,
4213151540,24953697@N03,45.775227,4.839801,,Lyon comme vous ne l'avez jamais vu,15,4,25,12,2009,15,13,25,12,2009,,,
4212118517,9259848@N08,45.760697,4.833233,"blue,colors,bicycle,night,square,lyon,11,panasonic,bleu,nuit,velo,carré,8décembre,lx3,lecarréfrançais",Vèlo bleu - Blue bicycle,37,22,6,12,2009,14,9,25,12,2009,,,
4212882462,9259848@N08,45.797032,4.831216,"bridge,france,colors,night,square,lyon,11,panasonic,pont,nuit,carré,8décembre,ilebarbe,lx3,lecarréfrançais","Pont de l'Ile Barbe, fête des lumières",36,19,6,12,2009,14,9,25,12,2009,,,
4211299964,21013862@N08,45.757609,4.832031,"world,old,city,france,heritage,square,french,town,site,place,cathedral,lyon,unesco,notredame,cathédrale,ville,stjean,colline,vieille,basilique,quartier,mondial,patrimoine,saintjean,fourvière,vieuxlyon","Place Saint-Jean, Lyon",42,1,17,3,2006,27,16,24,12,2009,,,
4211298126,21013862@N08,45.757609,4.832031,,"Place Bellecour, Lyon",4,4,17,3,2006,26,16,24,12,2009,,,
4211297520,21013862@N08,45.757609,4.832031,"world,old,france,heritage,statue,architecture,square,french,louis,town,place,lyon,equestrian,xiv,mondial,patrimoine,bellecour,vieilleville,équestre,unewco","Place Bellecour, Lyon",58,3,17,3,2006,26,16,24,12,2009,,,
4211295722,21013862@N08,45.767147,4.833437,"city,france,fountain,square,de,hotel,hall,place,lyon,centre,peninsula,fontaine,ville,mairie,bartholdi,terreaux,presquile","Places des Terreaux, Lyon",35,6,17,3,2006,25,16,24,12,2009,,,
4211293196,21013862@N08,45.757609,4.832031,"world,old,france,heritage,statue,architecture,square,french,louis,town,place,lyon,equestrian,xiv,mondial,patrimoine,bellecour,vieilleville,équestre,unewco","Place Bellecour, Lyon",57,3,17,3,2006,24,16,24,12,2009,,,
4210525551,21013862@N08,45.767147,4.833437,"city,france,square,hotel,hall,place,lyon,centre,peninsula,rathaus,ville,mairie,ayuntamiento,terreaux,presquile","Mairie de Lyon, Place des Terreaux",33,6,17,3,2006,23,16,24,12,2009,,,
4211290120,21013862@N08,45.767573,4.833351,"sculpture,fountain,square,place,lyon,centre,fontaine,ville,bartholdi,terreaux,chévaux","Fontaine Bartholdi - Place des Terreaux, Lyon",34,6,17,3,2006,22,16,24,12,2009,,,
4211287572,21013862@N08,45.762310,4.822804,"our,france,architecture,lady,french,lyon,basilica,hill,notredame,minor,colline,basilique,fourvière,neobyzantine,neoromanesque","Basilique Notre-Dame de Fourvière, Lyon",57,3,17,3,2006,21,16,24,12,2009,,,
4210519703,21013862@N08,45.761279,4.827665,"france,saint,architecture,john,french,lyon,gothic,cathédrale,baptist,gothique,saintjean,saintjeanbaptiste","Cathédrale Saint-Jean-Baptite, Lyon",44,1,17,3,2006,20,16,24,12,2009,,,
4210518985,21013862@N08,45.760786,4.827375,"france,saint,architecture,john,french,lyon,gothic,cathédrale,baptist,gothique,saintjean,saintjeanbaptiste","Cathédrale Saint-Jean-Baptiste, Lyon",37,1,17,3,2006,20,16,24,12,2009,,,
4211284596,21013862@N08,45.761047,4.826549,,"Place Saint-Jean, Lyon",33,1,17,3,2006,20,16,24,12,2009,,,
4210516565,21013862@N08,45.760845,4.827096,"france,saint,architecture,john,french,lyon,gothic,cathédrale,baptist,gothique,saintjean,saintjeanbaptiste","Cathédrale Saint-Jean-Baptiste, Lyon",33,1,17,3,2006,19,16,24,12,2009,,,
4210514067,21013862@N08,45.762310,4.822804,"our,france,architecture,lady,french,lyon,basilica,hill,notredame,minor,colline,basilique,fourvière,neobyzantine,neoromanesque","Basilique Notre-Dame de Fourvière, Lyon",57,3,17,3,2006,17,16,24,12,2009,,,
4211278706,21013862@N08,45.767573,4.833351,"france,fountain,square,place,lyon,centre,peninsula,fontaine,bartholdi,terreaux,presquile","Fontaine Bartholdi - Place des Terreaux, Lyon",34,6,17,3,2006,17,16,24,12,2009,,,
4210509999,21013862@N08,45.757609,4.832031,,"Place Bellecour, Lyon",4,4,17,3,2006,15,16,24,12,2009,,,
4210508195,21013862@N08,45.757609,4.832031,"world,old,france,heritage,statue,architecture,square,french,louis,town,place,lyon,equestrian,xiv,mondial,patrimoine,bellecour,vieilleville,équestre,unewco","Place Bellecour, Lyon",56,3,17,3,2006,14,16,24,12,2009,,,
4210506701,21013862@N08,45.767573,4.833351,"france,fountain,square,place,lyon,centre,peninsula,fontaine,bartholdi,terreaux,presquile","Fontaine Batholdi - Place des Terreaux, Lyon",34,6,17,3,2006,13,16,24,12,2009,,,
4211270638,21013862@N08,45.767147,4.833437,"city,france,fountain,square,de,hotel,hall,place,lyon,centre,peninsula,fontaine,ville,mairie,bartholdi,terreaux,presquile","Place des Terreaux, Lyon",35,6,17,3,2006,12,16,24,12,2009,,,
4210502285,21013862@N08,45.767573,4.833351,"city,france,fountain,square,de,hotel,hall,place,lyon,centre,peninsula,fontaine,ville,mairie,ayuntamiento,bartholdi,terreaux,presquile","Place des Terreaux, Lyon",35,6,17,3,2006,11,16,24,12,2009,,,
4211266664,21013862@N08,45.761279,4.827665,,Lyon,44,1,17,3,2006,10,16,24,12,2009,,,
4211264816,21013862@N08,45.760171,4.827010,,Lyon,45,1,17,3,2006,9,16,24,12,2009,,,
4211262968,21013862@N08,45.763167,4.825551,"france,saint,architecture,john,french,lyon,gothic,cathédrale,baptist,gothique,saintjean,saintjeanbaptiste","Cathédrale Saint-Jean-Baptiste, Lyon",14,10,16,3,2006,8,16,24,12,2009,,,
4211261602,21013862@N08,45.767573,4.833351,"france,fountain,square,place,lyon,centre,peninsula,fontaine,bartholdi,terreaux,presquile","Fontaine Bartholdi - Place des Terreaux, Lyon",34,6,17,3,2006,7,16,24,12,2009,,,
4211259496,21013862@N08,45.767147,4.833437,"city,france,square,hotel,hall,place,lyon,centre,peninsula,rathaus,ville,mairie,ayuntamiento,terreaux,presquile","Mairie de Lyon, Place des Terreaux",35,6,17,3,2006,6,16,24,12,2009,,,
4211257318,21013862@N08,45.761945,4.828158,"city,bridge,france,architecture,facade,river,french,justice,lyon,footbridge,basilica,notredame,palais,courthouse,banks,façade,basilique,passerelle,saône,rhônealpes,fouvière","Palais de Justice, Lyon",50,1,17,3,2006,5,16,24,12,2009,,,
4211255852,21013862@N08,45.760786,4.827375,"france,saint,architecture,john,french,lyon,gothic,cathédrale,baptist,gothique,saintjean,saintjeanbaptiste","Cathédrale Saint-Jean-Baptiste, Lyon",35,1,17,3,2006,4,16,24,12,2009,,,
4210489015,21013862@N08,45.760786,4.827375,"france,saint,architecture,john,french,lyon,gothic,cathédrale,baptist,gothique,saintjean,saintjeanbaptiste","Cathédrale Saint-Jean-Baptiste, Lyon",55,23,17,3,2006,3,16,24,12,2009,,,
4211253184,21013862@N08,45.757609,4.832031,"world,old,france,heritage,architecture,square,french,town,place,lyon,mondial,patrimoine,bellecour,vieilleville,unewco","Place Bellecour, Lyon",58,3,17,3,2006,2,16,24,12,2009,,,
4211251430,21013862@N08,45.757609,4.832031,,"Place Bellecour, Lyon",5,4,17,3,2006,1,16,24,12,2009,,,
4210484305,21013862@N08,45.756501,4.832718,,Lyon,35,4,17,3,2006,1,16,24,12,2009,,,
4211249112,21013862@N08,45.767521,4.833394,"horses,sculpture,france,square,downtown,place,centre,fontaine,ville,bartholdi,fountaine,chévaux,terreax","Fontaine Bartholdi - Place des Terreaux, Lyon",33,6,17,3,2006,0,16,24,12,2009,,,
4211247032,21013862@N08,45.767521,4.833394,,"Place des Terreaux, Lyon",32,6,17,3,2006,59,15,24,12,2009,,,
4211245038,21013862@N08,45.767147,4.833437,"city,france,square,hotel,hall,place,lyon,centre,peninsula,rathaus,ville,mairie,ayuntamiento,terreaux,presquile","Mairie de Lyon, Place des Terreaux",36,6,17,3,2006,58,15,24,12,2009,,,
4210478171,21013862@N08,45.760786,4.827375,"france,saint,architecture,john,french,lyon,gothic,cathédrale,baptist,gothique,saintjean,saintjeanbaptiste","Cathédrale Saint-Jean-Baptiste, Lyon",37,1,17,3,2006,57,15,24,12,2009,,,
4211242414,21013862@N08,45.760786,4.827375,"france,saint,architecture,john,french,lyon,gothic,cathédrale,baptist,gothique,saintjean,saintjeanbaptiste","Cathédrale Saint-Jean-Baptiste, Lyon",35,1,17,3,2006,56,15,24,12,2009,,,
4210474667,21013862@N08,45.760845,4.827096,"france,saint,architecture,john,french,lyon,gothic,cathédrale,baptist,gothique,saintjean,saintjeanbaptiste","Cathédrale Saint-Jean-Baptiste, Lyon",2,11,17,3,2006,55,15,24,12,2009,,,
4211239308,21013862@N08,45.761945,4.828158,"city,bridge,france,architecture,facade,river,french,justice,lyon,footbridge,basilica,notredame,palais,courthouse,banks,façade,basilique,passerelle,saône,rhônealpes,fouvière","Palais de Justice, Lyon",50,1,17,3,2006,54,15,24,12,2009,,,
4211237644,21013862@N08,45.757609,4.832031,"world,old,france,heritage,statue,architecture,square,french,louis,town,place,lyon,equestrian,xiv,mondial,patrimoine,bellecour,vieilleville,équestre,unewco","Place Bellecour, Lyon",57,3,17,3,2006,53,15,24,12,2009,,,
4210470191,21013862@N08,45.757609,4.832031,"world,old,france,heritage,statue,architecture,square,french,louis,town,place,lyon,equestrian,xiv,mondial,patrimoine,bellecour,vieilleville,équestre,unewco","Place Bellecour, Lyon",55,3,17,3,2006,53,15,24,12,2009,,,
4210468639,21013862@N08,45.767573,4.833351,"france,fountain,square,place,lyon,centre,peninsula,fontaine,bartholdi,terreaux,presquile","Fontaine Bartholdi - Place des Terreaux, Lyon",34,6,17,3,2006,52,15,24,12,2009,,,
4210467891,21013862@N08,45.767147,4.833437,"city,france,square,hotel,hall,place,lyon,centre,peninsula,rathaus,ville,mairie,ayuntamiento,terreaux,presquile","Mairie de Lyon, Place des Terreaux",36,6,17,3,2006,51,15,24,12,2009,,,
4211231632,21013862@N08,45.767147,4.833437,"city,france,square,hotel,hall,place,lyon,centre,peninsula,rathaus,ville,mairie,ayuntamiento,terreaux,presquile","Mairie de Lyon, Place des Terreaux",36,6,17,3,2006,50,15,24,12,2009,,,
4211229908,21013862@N08,45.760643,4.827901,"france,saint,architecture,john,french,lyon,gothic,cathédrale,baptist,gothique,saintjean,saintjeanbaptiste","Cathédrale Saint-Jean-Baptiste, Lyon",46,1,17,3,2006,49,15,24,12,2009,,,
4211227854,21013862@N08,45.757609,4.832031,,"Place Bellecour, Lyon",3,4,17,3,2006,48,15,24,12,2009,,,
4211226366,21013862@N08,45.757609,4.832031,"world,old,france,heritage,statue,architecture,square,french,louis,town,place,lyon,equestrian,xiv,mondial,patrimoine,bellecour,vieilleville,équestre,unewco","Place Bellecour, Lyon",55,3,17,3,2006,47,15,24,12,2009,,,
4211224916,21013862@N08,45.767573,4.833351,"france,fountain,square,place,lyon,centre,peninsula,fontaine,bartholdi,terreaux,presquile","Fontaine Bartholdi - Place des Terreaux, Lyon",37,6,17,3,2006,46,15,24,12,2009,,,
4210457335,21013862@N08,45.767147,4.833437,"city,france,square,hotel,hall,place,lyon,centre,peninsula,rathaus,ville,mairie,ayuntamiento,terreaux,presquile","Mairie de Lyon, Place des Terreaux",36,6,17,3,2006,45,15,24,12,2009,,,
4210455845,21013862@N08,45.767147,4.833437,"city,france,square,hotel,hall,place,lyon,centre,peninsula,rathaus,ville,mairie,ayuntamiento,terreaux,presquile","Mairie de Lyon, Place des Terreaux",36,6,17,3,2006,44,15,24,12,2009,,,
4209950039,9259848@N08,45.767448,4.833426,"blue,clock,lyon,time,illumination,11,panasonic,bleu,projection,temps,2009,carré,montre,terreaux,8decembre,lx3,lecarréfrançais","Place des Terreaux, Fête des lumières",46,21,5,12,2009,41,8,24,12,2009,,,
4210625136,94328137@N00,45.761558,4.858446,"travel,ef35mmf2",IMG_5124,26,14,19,12,2009,31,7,24,12,2009,,,
4209859151,94328137@N00,45.761423,4.855949,"travel,ef35mmf2",IMG_5123,15,14,19,12,2009,30,7,24,12,2009,,,
4209858777,94328137@N00,45.760756,4.860334,"travel,ef35mmf2",IMG_5119,16,13,19,12,2009,30,7,24,12,2009,,,
4209841343,97211956@N00,45.751127,4.827783,"light,night,ball,dailypicture",Light Ball,22,18,7,12,2009,18,7,24,12,2009,,,
4209622781,9259848@N08,45.768233,4.837052,"city,night,lights,lyon,illumination,pluie,fête,nuit,2009,nocturne,ville,lumières,8decembre,placelouispradel,lx3,paansonic,fêtedeslumieres",8 décembre 2009 illuminations Lyon,58,23,6,12,2009,44,4,24,12,2009,,,
4210100870,97091442@N00,45.749475,4.853821,"city,morning,blue,france,europe,cityscape,view,lyon,hdr",Morning Shades of Blue,53,7,28,4,2009,45,1,24,12,2009,,,
4209337537,97091442@N00,45.749483,4.853854,"city,morning,blue,europe,cityscape,view,lyon,hdr,frane",Morning Blue in Lyon,33,7,28,4,2009,44,1,24,12,2009,,,
4208584289,11103764@N05,45.760614,4.858982,"light,france,colors,station,night,lyon,gare,lumière,couleurs,samsung,railway,railwaystation,nuit,sncf,partdieu,lyonpartdieu,wb500,wb510",Lyon Part Dieu,10,18,21,12,2009,4,19,23,12,2009,,,
4208381274,97211956@N00,45.751127,4.827783,"christmas,night,dailypicture",Christmas tree,25,18,7,12,2009,41,8,23,12,2009,,,
4207287950,19857325@N00,45.774718,4.831945,"zeiss,speed,35mm,lyon,jena,vogue,carl,flektogon,24,funfair,manège,vitesse,croixrousse,fêteforaine,2435mm,carlzeissjenamcflektogon2435mmm42",Too fast,12,18,8,11,2009,30,22,22,12,2009,,,
4206526897,19857325@N00,45.774718,4.831945,"zeiss,speed,35mm,flying,kid,lyon,jena,vogue,carl,flektogon,24,funfair,manège,vitesse,croixrousse,fêteforaine,flyingkid,2435mm,carlzeissjenamcflektogon2435mmm42",L'enfant volant,0,18,8,11,2009,30,22,22,12,2009,,,
4207284146,19857325@N00,45.774718,4.831945,"zeiss,35mm,lyon,jena,vogue,carl,flektogon,24,funfair,manège,croixrousse,fêteforaine,2435mm,carlzeissjenamcflektogon2435mmm42",X-Factor,48,16,8,11,2009,29,22,22,12,2009,,,
4207060802,43668882@N05,45.698056,4.808514,"christmas,cute,la,cow,blackwhite,plush,gift,noël,vache,cadeau,peluche,cléa",Cléa la vache,31,22,21,12,2009,47,20,22,12,2009,,,
4206235745,45874399@N08,45.792566,4.876620,,Big wave surfing- Hawii sur Rhone,3,3,2,7,2007,17,20,22,12,2009,,,
4206774878,40936370@N00,45.837448,4.826248,"portrait,sculpture,streetart,france,art,mystery,museum,architecture,painting,graffiti,ruins,rawart,outsiderart,chaos,lyon,symbol,contemporaryart,secret,911,journal,apocalypse,taz,peinture,container,freemasonry,article,artbrut,trial,ddc,sanctuary,une,cyberpunk,landart,alchemy,modernsculpture,prophecy,999,vanitas,sanctuaire,presse,dadaisme,artprice,salamanderspirit,organmuseum,saintromainaumontdor,demeureduchaos,thierryehrmann,alchimie,artsingulier,progrès,procès,prophétie,abodeofchaos,facteurcheval,palaisideal,postapocalyptique,maisondartiste,artistshouses,sculpturemoderne,francmaconnerie,groupeserveur,lespritdelasalamandre,servergroup,voiedextinction",La Demeure du Chaos en voie d'extinction ?,19,18,22,12,2009,29,18,22,12,2009,,,
4206047450,25927171@N08,45.770701,4.863320,"street,city,light,shadow,urban,white,black,france,love,film,wet,water,rain,station,silhouette,night,town,kiss,couple,eau,noir,lyon,kodak,lumière,trix,pluie,tram,ombre,amour,lover,rue,nuit,tramway,blanc,ville,affiche,argentique,ombrechinoise,amoureux,chinoise,urbain,juku,tramstation,arrêt,pellicule,mouillée,argentic,bisous,embrasser,charpennes,sankaijuku,sankai,enlacer,20091207",,14,20,7,12,2009,2,12,22,12,2009,,,
4205283477,60878213@N00,45.760652,4.842513,"light,festival,lyon,fête,prefecture,2009,lumieres,rhone,fetedeslumières",Le dindon de la prefecture,18,21,5,12,2009,58,11,22,12,2009,,,
4206042460,60878213@N00,45.760652,4.842513,"light,festival,lyon,fête,prefecture,2009,lumieres,rhone,fetedeslumières",Les lucioles à la prefecture,14,21,5,12,2009,58,11,22,12,2009,,,
4205283253,60878213@N00,45.760906,4.826720,"light,festival,lyon,fête,sparks,2009,stjean,lumieres,fetedeslumières",La naissance de St Jean,25,20,5,12,2009,58,11,22,12,2009,,,
4206042204,60878213@N00,45.760906,4.826720,"light,festival,hands,lyon,drawing,fête,2009,stjean,lumieres,fetedeslumières",La construction de la cathédrale,21,20,5,12,2009,58,11,22,12,2009,,,
4205283015,60878213@N00,45.764858,4.831463,"street,light,people,festival,lyon,fête,2009,lumieres,fetedeslumières",Passants,57,19,5,12,2009,58,11,22,12,2009,,,
4205282933,60878213@N00,45.767661,4.833555,"light,festival,lyon,fête,2009,lumieres,fetedeslumières",Le métronome sous la pluie,36,19,5,12,2009,58,11,22,12,2009,,,
4206041938,60878213@N00,45.767661,4.833555,"light,festival,lyon,fête,2009,lumieres,fetedeslumières",Spectateurs,34,19,5,12,2009,58,11,22,12,2009,,,
4206041904,60878213@N00,45.767661,4.833555,"fête,lumieres,fetedeslumières,2009,light,festival,lyon",Le métronome en feu,34,19,5,12,2009,58,11,22,12,2009,,,
4205282693,60878213@N00,45.767661,4.833555,"light,festival,lyon,fête,2009,lumieres,fetedeslumières",L'horloge brisée des Terreaux,25,19,5,12,2009,58,11,22,12,2009,,,
4205282587,60878213@N00,45.760105,4.840593,"light,festival,lyon,fête,2009,lumieres,fetedeslumières",Les canards de la Guillotière,8,18,5,12,2009,58,11,22,12,2009,,,
4205766074,42256789@N04,45.757476,4.831779,"métro,fiatlux,concordians,lyonmmétrosubwaynuitnightsombredarklumièrelighttunnellyon,mžtrolyon",Métro,42,20,5,12,2009,35,8,22,12,2009,,,
4205007103,42256789@N04,45.757476,4.831779,"métro,fiatlux,lyonmmétrosubwaynuitnightsombredarklumièrelighttunnellyon,mžtrolyon",Métro,41,20,5,12,2009,35,8,22,12,2009,,,
4205006865,42256789@N04,45.757476,4.831779,"métro,lyonmmétrosubwaynuitnightsombredarklumièrelighttunnellyon,mžtrolyon",Métro,40,20,5,12,2009,35,8,22,12,2009,,,
4205006689,42256789@N04,45.757476,4.831779,"métro,lyonmmétrosubwaynuitnightsombredarklumièrelighttunnellyon,mžtrolyon",Métro,39,20,5,12,2009,35,8,22,12,2009,,,
4205006489,42256789@N04,45.757476,4.831779,"métro,lyonmmétrosubwaynuitnightsombredarklumièrelighttunnellyon,mžtrolyon",Métro,37,20,5,12,2009,35,8,22,12,2009,,,
4205659714,97211956@N00,45.761372,4.830294,"portrait,trumpet,dailypicture",Black Mouthpiece,26,13,6,12,2009,23,7,22,12,2009,,,
4204222307,24862929@N02,45.767744,4.835228,"geotagged,lyon,2009,fêtedeslumières,christianbaudet",Fête des Lumières,3,20,8,12,2009,30,1,22,12,2009,,,
4204978016,24862929@N02,45.767744,4.835228,"geotagged,lyon,2009,fêtedeslumières,christianbaudet",Fête des Lumières,59,19,8,12,2009,29,1,22,12,2009,,,
4204976438,24862929@N02,45.768387,4.836945,"geotagged,lyon,2009,fêtedeslumières,christianbaudet",Fête des Lumières,36,19,8,12,2009,28,1,22,12,2009,,,
4204974756,24862929@N02,45.768627,4.840056,"geotagged,lyon,2009,fêtedeslumières,fetedeslumieres,christianbaudet",Fête des Lumières,1,19,8,12,2009,27,1,22,12,2009,,,
4204216273,24862929@N02,45.777296,4.844681,"geotagged,lyon,2009,fêtedeslumières,parctêtedor,christianbaudet",Fête des Lumières,18,18,8,12,2009,27,1,22,12,2009,,,
4204003584,40936370@N00,45.837448,4.826248,"portrait,sculpture,streetart,france,art,mystery,museum,architecture,painting,graffiti,ruins,rawart,outsiderart,chaos,symbol,contemporaryart,secret,911,apocalypse,taz,peinture,container,anarchy,hacker,artbrut,ddc,sanctuary,worldwar,bombing,mystic,cyberpunk,landart,devastation,alchemy,destroy,modernsculpture,prophecy,999,vanitas,endoftheworld,sanctuaire,ingénieur,postapocalyptic,dadaisme,artprice,salamanderspirit,organmuseum,saintromainaumontdor,demeureduchaos,thierryehrmann,linustorvalds,alchimie,softwareengineer,artsingulier,paintedportrait,prophétie,abodeofchaos,facteurcheval,palaisideal,informaticien,postapocalyptique,maisondartiste,linuxfoundation,artistshouses,sculpturemoderne,linuxsfather,groupeserveur,lespritdelasalamandre,crashculture,internetactivist,servergroup","Linux's father, Linus Torvalds painted portrait _DDC0309",8,18,21,12,2009,41,18,21,12,2009,,,
4203246577,40936370@N00,45.837448,4.826248,"portrait,sculpture,streetart,france,art,mystery,museum,architecture,painting,graffiti,ruins,rawart,outsiderart,chaos,symbol,contemporaryart,secret,911,apocalypse,taz,peinture,container,anarchy,hacker,artbrut,ddc,sanctuary,worldwar,bombing,mystic,cyberpunk,landart,devastation,alchemy,destroy,modernsculpture,prophecy,999,vanitas,endoftheworld,sanctuaire,ingénieur,postapocalyptic,dadaisme,artprice,salamanderspirit,organmuseum,saintromainaumontdor,demeureduchaos,thierryehrmann,linustorvalds,alchimie,softwareengineer,artsingulier,paintedportrait,prophétie,abodeofchaos,facteurcheval,palaisideal,informaticien,postapocalyptique,maisondartiste,linuxfoundation,artistshouses,sculpturemoderne,linuxsfather,groupeserveur,lespritdelasalamandre,crashculture,internetactivist,servergroup","Linux's father, Linus Torvalds painted portrait _DDC0305",7,18,21,12,2009,41,18,21,12,2009,,,
4201921521,32215553@N02,45.730703,4.739656,"panorama,snow,france,lyon,rhône,neige,glace,panoramamaker,yzeron,fortdubruissin,rivièregelée,franchevillelebas",2009 12 bruissin 01,49,21,20,12,2009,52,6,21,12,2009,,,
4200187289,24862929@N02,45.778028,4.845989,"geotagged,lyon,2009,fêtedeslumières,parctêtedor,christianbaudet",Fête des Lumières,36,17,8,12,2009,35,19,20,12,2009,,,
4200939738,24862929@N02,45.778028,4.845989,"geotagged,lyon,2009,fêtedeslumières,parctêtedor,christianbaudet",Fête des Lumières,34,17,8,12,2009,35,19,20,12,2009,,,
4200937978,24862929@N02,45.758092,4.831484,"geotagged,lyon,2009,rodagigante,bellecour,fêtedeslumières,christianbaudet",Fête des Lumières,59,19,6,12,2009,34,19,20,12,2009,,,
4200935424,24862929@N02,45.758092,4.831484,"geotagged,lyon,2009,rodagigante,bellecour,fêtedeslumières,christianbaudet",Fête des Lumières,52,19,6,12,2009,33,19,20,12,2009,,,
4200179153,24862929@N02,45.758092,4.831484,"geotagged,lyon,2009,rodagigante,bellecour,fêtedeslumières,christianbaudet",Fête des Lumières,51,19,6,12,2009,32,19,20,12,2009,,,
4199959905,12984605@N05,45.768600,4.841762,"tictaclanuitdestemps,energetictac,8décembre2009,fêtedeslumières,festivaloflights,bergesdurhône,lyon,france,light,lumière,night,nuit,ya,explore,bleutiful,2009,©annedhuart,annedhuart",Energetic-tac,11,22,8,12,2009,14,18,20,12,2009,,,
4199947066,67614763@N00,45.763561,4.828171,"france,lyon",DSC_3688,8,13,4,8,2009,27,12,20,12,2009,,,
4199190953,67614763@N00,45.762670,4.827665,"france,book,lyon,books",DSC_3661,52,12,4,8,2009,25,12,20,12,2009,,,
4199016073,7295683@N02,45.753787,4.854787,"france,lyon",IMGP4236,12,20,9,10,2009,20,10,20,12,2009,,,
4197968697,25473605@N00,45.763126,4.827316,,10 Rue du Boeuf,20,0,20,12,2009,20,0,20,12,2009,,,
4197805357,24862929@N02,45.758092,4.831484,"geotagged,lyon,2009,fêtedeslumières,fourvière,christianbaudet",Fête des Lumières,46,19,6,12,2009,4,23,19,12,2009,,,
4197803881,24862929@N02,45.759746,4.828222,"geotagged,lyon,2009,fêtedeslumières,saone,christianbaudet",Fête des Lumières,14,19,6,12,2009,3,23,19,12,2009,,,
4197802015,24862929@N02,45.767530,4.833067,"geotagged,lyon,2009,fêtedeslumières,placedesterreaux,muséedesbeauxarts,christianbaudet",Fête des Lumières,15,17,6,12,2009,2,23,19,12,2009,,,
4197799525,24862929@N02,45.767530,4.833067,"geotagged,lyon,2009,fêtedeslumières,placedesterreaux,muséedesbeauxarts,christianbaudet",Fête des Lumières,15,17,6,12,2009,1,23,19,12,2009,,,
4198551086,24862929@N02,45.767530,4.833067,"geotagged,lyon,2009,fêtedeslumières,placedesterreaux,muséedesbeauxarts,christianbaudet",Fête des Lumières,13,17,6,12,2009,0,23,19,12,2009,,,
4198540566,33236477@N00,45.758631,4.823727,"blackandwhite,france,lyon,cathédralesaintjean,saône,rhônealpes,pointandshootcamera",Lyon in Black and White,42,12,20,3,2005,55,22,19,12,2009,,,
4198325660,25473605@N00,45.763126,4.827316,,10 Rue du Boeuf,23,21,19,12,2009,23,21,19,12,2009,,,
4197274043,7759978@N04,45.763148,4.834247,"panorama,lyon,peninsula,hugin,presquîle,placefrancisquerégaud,francisquerégaud",Place Francisque Régaud,11,23,29,12,2009,13,19,19,12,2009,,,
4197071233,43668882@N05,45.698056,4.808514,"houses,winter,snow,france,cars,home,window,december,bokeh,finepix,fujifilm,inside,s1500",It's so cold outside,8,16,19,12,2009,46,17,19,12,2009,,,
4197225886,23391332@N00,45.768166,4.836162,"france,lyon,2009,fêtedeslumières,lightfestival,fetedeslumieres,fetedeslumieres09",fetedeslumieres2009_94,45,22,8,12,2009,47,11,19,12,2009,,,
4196471231,23391332@N00,45.768166,4.836162,"france,lyon,2009,fêtedeslumières,lightfestival,fetedeslumieres,fetedeslumieres09",fetedeslumieres2009_88,41,22,8,12,2009,47,11,19,12,2009,,,
4196471159,23391332@N00,45.766550,4.829274,"france,lyon,2009,fêtedeslumières,lightfestival,saone,fetedeslumieres,lumignons,fetedeslumieres09",fetedeslumieres2009_84,24,22,8,12,2009,47,11,19,12,2009,,,
4197225708,23391332@N00,45.762051,4.822762,"france,lyon,8,2009,fêtedeslumières,partdieu,lightfestival,fetedeslumieres,fetedeslumieres09",fetedeslumieres2009_83,11,22,8,12,2009,47,11,19,12,2009,,,
4196471019,23391332@N00,45.762051,4.822762,"france,lyon,2009,fêtedeslumières,lightfestival,fetedeslumieres,fetedeslumieres09",fetedeslumieres2009_81,10,22,8,12,2009,47,11,19,12,2009,,,
4197225628,23391332@N00,45.762051,4.822762,"france,lyon,8,2009,fêtedeslumières,partdieu,lightfestival,fetedeslumieres,fetedeslumieres09",fetedeslumieres2009_80,9,22,8,12,2009,47,11,19,12,2009,,,
4197225588,23391332@N00,45.762493,4.824081,"france,lyon,2009,fêtedeslumières,lightfestival,fetedeslumieres,fetedeslumieres09",fetedeslumieres2009_74,3,22,8,12,2009,47,11,19,12,2009,,,
4196470829,23391332@N00,45.762493,4.824081,"france,lyon,2009,fêtedeslumières,lightfestival,fetedeslumieres,fetedeslumieres09",fetedeslumieres2009_71,2,22,8,12,2009,47,11,19,12,2009,,,
4195390651,26048905@N06,45.761303,4.831024,"blackwhite,lyon,neige",DSC_1689,49,13,18,12,2009,7,23,18,12,2009,,,
4196147472,26048905@N06,45.757806,4.832106,"blackwhite,lyon,neige",DSC_1649,33,11,18,12,2009,7,23,18,12,2009,,,
4195390413,26048905@N06,45.759446,4.829532,"blackwhite,lyon,neige",DSC_1648,30,11,18,12,2009,7,23,18,12,2009,,,
4196147202,26048905@N06,45.759544,4.828685,"blackwhite,lyon,neige",DSC_1643,29,11,18,12,2009,7,23,18,12,2009,,,
4196147070,26048905@N06,45.760105,4.827301,"blackwhite,lyon,neige",DSC_1625,27,11,18,12,2009,6,23,18,12,2009,,,
4196146926,26048905@N06,45.760869,4.826860,"blackwhite,lyon,neige",DSC_1619,25,11,18,12,2009,6,23,18,12,2009,,,
4196146764,26048905@N06,45.761033,4.825756,"blackwhite,lyon,neige",DSC_1608,24,11,18,12,2009,6,23,18,12,2009,,,
4196082898,43198251@N04,45.761032,4.826586,"nikon,lyon,lumière,cathédrale,2009,saintjean",Fête des lumières Lyon 2009,52,19,6,12,2008,32,22,18,12,2009,,,
4203246501,40936370@N00,45.837448,4.826248,"portrait,sculpture,streetart,france,art,mystery,museum,architecture,painting,graffiti,ruins,rawart,outsiderart,chaos,symbol,contemporaryart,secret,911,apocalypse,taz,peinture,container,anarchy,hacker,artbrut,ddc,sanctuary,worldwar,bombing,mystic,cyberpunk,landart,devastation,alchemy,destroy,modernsculpture,prophecy,999,vanitas,endoftheworld,sanctuaire,ingénieur,postapocalyptic,dadaisme,artprice,salamanderspirit,organmuseum,saintromainaumontdor,demeureduchaos,thierryehrmann,linustorvalds,alchimie,softwareengineer,artsingulier,paintedportrait,prophétie,abodeofchaos,facteurcheval,palaisideal,informaticien,postapocalyptique,maisondartiste,linuxfoundation,artistshouses,sculpturemoderne,linuxsfather,groupeserveur,lespritdelasalamandre,crashculture,internetactivist,servergroup","Linux's father, Linus Torvalds painted portrait _DDC0300",6,18,21,12,2009,41,18,21,12,2009,,,
4202726410,97211956@N00,45.752536,4.828919,"hot,night,wine,dailypicture,neons",Hot wine,30,18,7,12,2009,17,7,21,12,2009,,,
4195526579,45289424@N03,45.783989,4.851247,album,19-12-2009,16,12,18,12,2009,25,0,19,12,2009,,,
4195325779,43198251@N04,45.759325,4.829269,"nikon,lyon,juillet,feudartifice",Feu d'artifice Lyon 2009,25,19,6,12,2008,32,22,18,12,2009,,,
4195325221,43198251@N04,45.759325,4.829269,"nikon,lyon,juillet,feudartifice",Feu d'artifice Lyon 2009,25,19,6,12,2008,31,22,18,12,2009,,,
4196081478,43198251@N04,45.759325,4.829269,"nikon,lyon,juillet,feudartifice",Feu d'artifice Lyon 2009,24,19,6,12,2008,31,22,18,12,2009,,,
4196081238,43198251@N04,45.759325,4.829269,"nikon,lyon,juillet,feudartifice",Feu d'artifice Lyon 2009,24,19,6,12,2008,31,22,18,12,2009,,,
4196080878,43198251@N04,45.759325,4.829269,"nikon,lyon,lumières,saintjean,fourvière",DSC_0440,18,0,6,12,2008,31,22,18,12,2009,,,
4195323763,43198251@N04,45.761032,4.826586,"nikon,lyon,cathédrale,lumières,saintjean",Fête des lumières Lyon 2009,2,0,6,12,2008,30,22,18,12,2009,,,
4195322749,43198251@N04,45.761032,4.826586,"nikon,lyon,cathédrale,lumières,saintjean",Fête des lumières Lyon 2009,2,0,6,12,2008,30,22,18,12,2009,,,
4196078626,43198251@N04,45.761032,4.826586,nikon,Fête des lumières Lyon 2009,0,0,6,12,2008,30,22,18,12,2009,,,
4195321273,43198251@N04,45.761032,4.826586,nikon,Fête des lumières Lyon 2009,57,23,5,12,2008,29,22,18,12,2009,,,
4195320311,43198251@N04,45.761032,4.826586,nikon,Fête des lumières Lyon 2009,55,23,5,12,2008,29,22,18,12,2009,,,
4195319363,43198251@N04,45.767519,4.833265,nikon,Fête des lumières Lyon 2009,13,23,5,12,2008,28,22,18,12,2009,,,
4196075342,43198251@N04,45.767519,4.833265,nikon,Fête des lumières Lyon 2009,12,23,5,12,2008,28,22,18,12,2009,,,
4195318469,43198251@N04,45.767519,4.833265,nikon,Fête des lumières Lyon 2009,11,23,5,12,2008,28,22,18,12,2009,,,
4196074466,43198251@N04,45.767519,4.833265,nikon,Fête des lumières Lyon 2009,1,23,5,12,2008,27,22,18,12,2009,,,
4195317211,43198251@N04,45.764737,4.833077,nikon,Fête des lumières Lyon 2009,30,22,5,12,2008,27,22,18,12,2009,,,
4196073232,43198251@N04,45.757774,4.832106,nikon,Fête des lumières Lyon 2009,57,21,5,12,2008,27,22,18,12,2009,,,
4195316165,43198251@N04,45.757774,4.832106,nikon,Fête des lumières Lyon 2009,50,21,5,12,2008,26,22,18,12,2009,,,
4195315519,43198251@N04,45.757774,4.832106,nikon,Fête des lumières Lyon 2009,50,21,5,12,2008,26,22,18,12,2009,,,
4195314841,43198251@N04,45.757774,4.832106,nikon,Fête des lumières Lyon 2009,43,21,5,12,2008,26,22,18,12,2009,,,
4195804336,25473605@N00,45.766037,4.831834,,Broc'Bar,5,20,18,12,2009,5,20,18,12,2009,,,
4194858291,29547016@N00,45.762725,4.822161,"france,window,frankreich,europa,europe,lyon,fenster,fenêtre,rhônealpes",Lyon / fenêtre,13,8,3,10,2009,30,18,18,12,2009,,,
4194766251,11207214@N08,45.762418,4.821968,"color,night,lights,december,lyon,lumière,illuminations,illumination,8,cathédrale,fête,nuit,2009,festivaloflights,couleur,décoration,lumières,décembre,décor,spectacle,fêtedeslumières,8décembre,fourvière,lugdunum,irhônealpes",Fourvière en lumière,27,0,6,12,2009,46,17,18,12,2009,,,
4195521940,11207214@N08,45.762744,4.822922,"color,night,lights,december,view,lyon,lumière,illuminations,illumination,8,fête,nuit,vue,2009,festivaloflights,couleur,décoration,lumières,décembre,décor,spectacle,fêtedeslumières,8décembre,lugdunum,irhônealpes",Vue sur Lyon,10,0,6,12,2009,45,17,18,12,2009,,,
4195505700,45557554@N04,45.767253,4.879345,"digital,eos,photo,foto,photos,images,nb,iso,nicolas,asa,nico,numérique,cliché,photographe,bgc,culturisme,villeurbanne,clichés,chalvet,caneos87,caneos87yahoofr",Body Gym Center,57,11,8,11,2009,37,17,18,12,2009,,,
4194226903,24468857@N00,45.773833,4.856333,,IMG_0528,5,9,18,12,2009,11,12,18,12,2009,,,
4194983242,24468857@N00,45.773833,4.856333,,IMG_0527,5,9,18,12,2009,11,12,18,12,2009,,,
4194226467,24468857@N00,45.784000,4.872333,,IMG_0525,10,22,16,12,2009,11,12,18,12,2009,,,
4194982846,24468857@N00,45.773833,4.855833,,IMG_0524,1,15,13,12,2009,11,12,18,12,2009,,,
4194226195,24468857@N00,45.774000,4.851667,,IMG_0523,56,14,13,12,2009,11,12,18,12,2009,,,
4194086879,25473605@N00,45.736500,4.837938,,Chez moi,9,10,18,12,2009,9,10,18,12,2009,,,
4194007743,62051585@N00,45.760450,4.849731,"lyon,rhone",Dimanche,3,9,18,12,2009,3,9,18,12,2009,,,